feature_id,zone_id,annual_precipitation,mean_elevation,mean_mvi,mean_ndvi,mean_slope,mean_temperature,mean_wind_speed,nearest_aquaculture_distance_m,nearest_river_distance_m,next_year_change_pct,year,lat,lon,municipality,.geo
00fa0000000000000d3f,CARLES-001,3754.27184,0,-1.369113405,0.1879947234,0,26.44391404,1.662020577,369.4150498,208.7188742,0.5993505002,2022,11.51887295,123.1125381,Carles,"{""type"":""Polygon"",""coordinates"":[[[123.11240428101907,11.518738018571197],[123.1126718081896,11.518737968966379],[123.11267180818963,11.51900791044103],[123.11240428101907,11.51900788543883],[123.11240428101907,11.518738018571197]]]}"
00fa0000000000000d76,CARLES-002,3754.27184,0,-1.372366846,0.1281642957,0,26.44391404,1.662020577,307.2817311,423.4195719,0.5535420954,2022,11.51725365,123.1093047,Carles,"{""type"":""Polygon"",""coordinates"":[[[123.10916832060367,11.517118707409423],[123.10944100642251,11.517118686053026],[123.10944100642251,11.517388630243996],[123.10916832060367,11.517388577004983],[123.10916832060367,11.517118707409423]]]}"
00fa0000000000000d7c,CARLES-003,3754.27184,0.7674418605,-1.204161899,0.1557072858,1.876686306,26.44391404,1.662020577,94.23891942,276.6269933,0,2022,11.51698574,123.0987942,Carles,"{""type"":""Polygon"",""coordinates"":[[[123.09865788358469,11.516852786977894],[123.09893051261882,11.516852790741927],[123.09893051261882,11.517118695354727],[123.09865788358469,11.517118692241477],[123.09865788358469,11.516852786977894]]]}"
00fa0000000000000d84,CARLES-004,3754.27184,0,-0.7904214247,0.1391453628,1.349101616,26.44391404,1.662020577,0,117.0969235,0.5749574934,2022,11.51563836,123.0993318,Carles,"{""type"":""Polygon"",""coordinates"":[[[123.09919807633851,11.515773274795782],[123.09919807633851,11.515503386142639],[123.09946555349298,11.515503447184646],[123.09946555349298,11.515773335189888],[123.09919807633851,11.515773274795782]]]}"
00fa0000000000000f07,CARLES-005,3754.27184,0.9603174603,46.6724213,0.2539096991,3.217852392,26.44391404,1.662020577,214.016184,2887.374643,0.553325954,2022,11.4967753,123.1618543,Carles,"{""type"":""Polygon"",""coordinates"":[[[123.16172058555809,11.496640383420193],[123.16198806440788,11.496640389043677],[123.16198806440788,11.496910216178357],[123.16172058555809,11.496910211204447],[123.16172058555809,11.496640383420193]]]}"
00fa0000000000000f82,BALASAN-001,3754.27184,2.968253968,4.36550878,0.1838906089,1.318762081,26.44391404,1.662020577,961.2027862,50.82890077,0.5947024798,2022,11.49434656,123.1314033,Balasan,"{""type"":""Polygon"",""coordinates"":[[[123.13153712171471,11.494481517536498],[123.13126955997154,11.494481468328129],[123.13126955997154,11.49421164953602],[123.13153712171471,11.494211624172312],[123.13153712171471,11.494481517536498]]]}"
00fa0000000000000ff0,BALASAN-002,3754.27184,3.30859375,-1.060447504,0.1713194712,4.667756382,26.44391404,1.662020577,641.916109,159.7719262,0.5207337213,2022,11.48841769,123.1235861,Balasan,"{""type"":""Polygon"",""coordinates"":[[[123.1234497939825,11.488282785602548],[123.12372244028244,11.488282741312934],[123.12372244028244,11.488552634852944],[123.1234497939825,11.488552604582688],[123.1234497939825,11.488282785602548]]]}"
00fa0000000000000ffc,BALASAN-003,3754.27184,1.888888889,-0.7406843322,0.1245065749,3.956790493,26.44391404,1.662020577,437.94502,426.1359059,0.4569559303,2022,11.48761211,123.1308632,Balasan,"{""type"":""Polygon"",""coordinates"":[[[123.1307293713616,11.487477198516602],[123.13099693457349,11.487477190035845],[123.13099693457349,11.487747063372419],[123.1307293713616,11.487746997286628],[123.1307293713616,11.487477198516602]]]}"
00fa0000000000001129,ESTANCIA-001,3754.27184,3.0390625,-0.7660314373,0.1350406322,4.243949223,26.44391404,1.662020577,83.69741044,126.1745156,0.4966807381,2022,11.47521506,123.1354444,Estancia,"{""type"":""Polygon"",""coordinates"":[[[123.13530813744943,11.475080160887627],[123.13558075090197,11.475080133758443],[123.13558075090197,11.475349956656009],[123.13530813744943,11.475349984446892],[123.13530813744943,11.475080160887627]]]}"
00fa0000000000001875,CARLES-006,3754.27184,1.865079365,-0.6220922223,0.1276373565,1.725328342,26.44391404,1.662020577,356.1907136,538.2444649,0.4497302682,2022,11.52628285,123.119545,Carles,"{""type"":""Polygon"",""coordinates"":[[[123.11941124491038,11.526012980081958],[123.11967875305845,11.526012979402786],[123.11967875305845,11.52655272466519],[123.11941124491038,11.526552726641391],[123.11941124491038,11.526012980081958]]]}"
00fa00000000000018ad,CARLES-007,3754.27184,4.221359223,-0.3692818867,0.1085694653,5.487159832,26.44391404,1.662020577,293.7227631,197.5347302,0,2022,11.5227803,123.1200826,Carles,"{""type"":""Polygon"",""coordinates"":[[[123.11994626048006,11.522512401560887],[123.12021891647892,11.522512428378826],[123.12021891647889,11.523048160453476],[123.11994626048006,11.523048210201875],[123.11994626048006,11.522512401560887]]]}"
00fa0000000000001904,CARLES-008,3754.27184,0,-1.273696535,0.1505864383,0,26.44391404,1.662020577,205.9839258,67.80358445,0.5920467776,2022,11.51523355,123.106879,Carles,"{""type"":""Polygon"",""coordinates"":[[[123.10674518601681,11.514963698457056],[123.10701272854301,11.514963665064252],[123.10701272854298,11.515503401939242],[123.10674518601681,11.515503436629029],[123.10674518601681,11.514963698457056]]]}"
00fa000000000000195d,CARLES-009,3754.27184,3.353174603,-6.304062417,0.2750737807,7.153858872,26.44391404,1.662020577,3057.68041,10425.98272,0.5974551796,2022,11.50889943,123.2312501,Carles,"{""type"":""Polygon"",""coordinates"":[[[123.2309825570831,11.50876445317925],[123.23151756411355,11.508764476805032],[123.23151756411355,11.509034398800177],[123.2309825570831,11.509034376477146],[123.2309825570831,11.50876445317925]]]}"
00fa0000000000001997,CARLES-010,3754.27184,4.53968254,-2.483137049,0.2034165105,6.849510195,26.44391404,1.662020577,0,665.3743682,0.5644925604,2022,11.50256941,123.1041832,Carles,"{""type"":""Polygon"",""coordinates"":[[[123.10404946359056,11.502299527815987],[123.1043169275935,11.502299539190064],[123.1043169275935,11.502839284303525],[123.10404946359056,11.502839274225884],[123.10404946359056,11.502299527815987]]]}"
00fa00000000000019d0,CARLES-011,3754.27184,-1.01183432,-60.32248647,0.2589345904,4.543414813,26.44391404,1.662020577,122.6651025,3155.751587,0.4687092519,2022,11.50041048,123.1637424,Carles,"{""type"":""Polygon"",""coordinates"":[[[123.16360862064437,11.500140615109911],[123.16387618013171,11.500140598974662],[123.16387618013171,11.500680342299066],[123.16360862064437,11.500680359734236],[123.16360862064437,11.500140615109911]]]}"
00fa0000000000001a02,CARLES-012,3754.27184,2.980392157,4.799341847,0.2804752796,5.055285579,26.44391404,1.662020577,255.1219637,2825.594205,0.4929731091,2022,11.49650544,123.1614505,Carles,"{""type"":""Polygon"",""coordinates"":[[[123.16172058555809,11.496640383420193],[123.16118039272686,11.496640362159278],[123.16118039272686,11.496370533917768],[123.16172058555809,11.496370481288015],[123.16172058555809,11.496640383420193]]]}"
00fa0000000000001a19,BALASAN-004,3754.27184,2.785433071,-6.91576274,0.2577458723,2.742054123,26.44391404,1.662020577,969.5731917,80.6811551,0.4879939282,2022,11.49461643,123.1318072,Balasan,"{""type"":""Polygon"",""coordinates"":[[[123.13153712171471,11.494481517536498],[123.13207730589063,11.494481496197317],[123.13207730589063,11.494751389105527],[123.13153712171471,11.494751336534106],[123.13153712171471,11.494481517536498]]]}"
00fa0000000000001a3e,CARLES-013,3754.27184,-0.06349206349,-1.88366758,0.1439088896,2.521506147,26.44391404,1.662020577,199.5742233,110.5297226,0.5608857494,2022,11.49502121,123.1014874,Carles,"{""type"":""Polygon"",""coordinates"":[[[123.10135366749516,11.494751379150506],[123.1016211388067,11.49475133681004],[123.1016211388067,11.495291047213207],[123.10135366749519,11.495291090850406],[123.10135366749516,11.494751379150506]]]}"
00fa0000000000001a82,BALASAN-005,3754.27184,1.547619048,-0.8857714092,0.1258746295,3.384960809,26.44391404,1.662020577,148.919486,283.3139964,0.5234997014,2022,11.49192184,123.1161753,Balasan,"{""type"":""Polygon"",""coordinates"":[[[123.11590773941947,11.49178692333749],[123.11644277401454,11.49178686928585],[123.11644277401454,11.492056791588771],[123.11590773941947,11.49205677170869],[123.11590773941947,11.49178692333749]]]}"
00fa0000000000001a96,BALASAN-006,3754.27184,1.031620553,-1.689086502,0.1926897039,3.651375555,26.44391404,1.662020577,0,84.11308152,0.5233251409,2022,11.48868753,123.1070127,Balasan,"{""type"":""Polygon"",""coordinates"":[[[123.10674518601681,11.488822468207037],[123.10674518601681,11.488552607866076],[123.1072802703434,11.488552592445282],[123.1072802703434,11.488822451488991],[123.10674518601681,11.488822468207037]]]}"
00fa0000000000001ab3,BALASAN-007,3754.27184,0.865497076,-3.643683786,0.2049303634,1.366814671,26.44391404,1.662020577,332.1803614,485.6049709,0.5412633009,2022,11.48909232,123.1332889,Balasan,"{""type"":""Polygon"",""coordinates"":[[[123.13315251671919,11.488822504419048],[123.13342522195529,11.488822435422946],[123.13342522195526,11.489362179693208],[123.13315251671919,11.489362174797686],[123.13315251671919,11.488822504419048]]]}"
00fa0000000000001afc,BALASAN-008,3754.27184,6.312992126,-0.9877139272,0.1462906688,4.123358405,26.44391404,1.662020577,0,45.95399262,0.4785901176,2022,11.48545332,123.1072828,Balasan,"{""type"":""Polygon"",""coordinates"":[[[123.10701272854298,11.48531837549995],[123.10755287555064,11.485318407656417],[123.10755287555064,11.485588255791136],[123.10701272854301,11.485588224944062],[123.10701272854298,11.48531837549995]]]}"
00fa0000000000001b30,BALASAN-009,3754.27184,5.778431373,-1.329871281,0.1675330606,3.219614616,26.44391404,1.662020577,512.2428832,189.687283,0.5106190489,2022,11.48356831,123.120489,Balasan,"{""type"":""Polygon"",""coordinates"":[[[123.12021891647892,11.483433376036409],[123.12075916275855,11.483433361921412],[123.12075916275855,11.483703247278031],[123.12021891647892,11.483703262703653],[123.12021891647892,11.483433376036409]]]}"
00fa0000000000001b61,BALASAN-010,3754.27184,3.460038986,-1.231713204,0.157313505,1.426731805,26.44391404,1.662020577,0,240.199928,0.4078368541,2022,11.48154841,123.1039131,Balasan,"{""type"":""Polygon"",""coordinates"":[[[123.10377676286406,11.481278565405498],[123.10404946359056,11.48127856352395],[123.10404946359056,11.48181825202471],[123.10377676286406,11.481818255228394],[123.10377676286406,11.481278565405498]]]}"
00fa0000000000002125,CARLES-014,3754.27184,3.371391076,-8.090100237,0.2613677301,3.276133293,26.44391404,1.662020577,368.2560665,25536.13555,0.5107256188,2022,11.59360999,123.3469076,Carles,"{""type"":""Polygon"",""coordinates"":[[[123.34659238107477,11.593385601261938],[123.34713257348362,11.59338559708986],[123.34713257348362,11.593925487051512],[123.3468650035209,11.593925501630633],[123.3468650035209,11.593655517990749],[123.34659238107477,11.59365550955684],[123.34659238107477,11.593385601261938]]]}"
00fa000000000000215a,CARLES-015,3754.27184,0,-1.899197594,0.1557465155,1.11342792,26.44391404,1.662020577,457.3170258,267.6500978,0,2022,11.5196806,123.1117278,Carles,"{""type"":""Polygon"",""coordinates"":[[[123.11132395136957,11.519547622861468],[123.11213160339645,11.519547652849257],[123.11213160339645,11.519813534330254],[123.11132395136957,11.51981358152824],[123.11132395136957,11.519547622861468]]]}"
00fa000000000000218d,CARLES-016,3754.27184,0,-2.508575677,0.2261367177,0,26.44391404,1.662020577,741.7172317,151.5863208,0.07869529412,2022,11.51150634,123.1116387,Carles,"{""type"":""Polygon"",""coordinates"":[[[123.11132395136957,11.511459232484606],[123.11159654539706,11.511459233163281],[123.11159654539706,11.511193376410585],[123.11186407475977,11.51119334595769],[123.1118640747598,11.51172912249949],[123.1113239513696,11.511729154222284],[123.11132395136957,11.511459232484606]]]}"
00fa00000000000021b9,CARLES-017,3754.27184,3.831168831,6.031624753,0.3069435616,5.385955352,26.44391404,1.662020577,380.9601268,3257.13218,0.5085801714,2022,11.50458945,123.1634723,Carles,"{""type"":""Polygon"",""coordinates"":[[[123.16333599916597,11.504184679291372],[123.16360862064437,11.50418468425918],[123.16360862064437,11.504994228072533],[123.16333599916597,11.504994225090982],[123.16333599916597,11.504184679291372]]]}"
00fa0000000000002201,CARLES-018,3754.27184,1.78042328,-5.617422078,0.2698738584,2.435120485,26.44391404,1.662020577,58.87231301,2961.214109,0.5630956728,2022,11.49812066,123.1623945,Carles,"{""type"":""Polygon"",""coordinates"":[[[123.162260775416,11.49771587895405],[123.16252825279354,11.497715881307435],[123.16252825279354,11.49852544676084],[123.162260775416,11.498525446356414],[123.162260775416,11.49771587895405]]]}"
00fa0000000000002217,CARLES-019,3754.27184,1.112987013,-39.25865672,0.3827782474,2.947364654,26.44391404,1.662020577,1986.332633,9829.832628,0.5144736699,2022,11.49866037,123.2281504,Carles,"{""type"":""Polygon"",""coordinates"":[[[123.22801411915567,11.498255566210785],[123.22828673194417,11.49825555586074],[123.22828673194417,11.499065172977122],[123.22801411915565,11.499065185318525],[123.22801411915567,11.498255566210785]]]}"
00fa0000000000002237,CARLES-020,3754.27184,1.695538058,-3.141560354,0.2261352513,2.919111395,26.44391404,1.662020577,209.4828359,229.9322262,0.5261024355,2022,11.49596573,123.0998694,Carles,"{""type"":""Polygon"",""coordinates"":[[[123.09946555349298,11.495830789324375],[123.1002733026302,11.495830810753002],[123.1002733026302,11.496100634589423],[123.09946555349298,11.496100690362336],[123.09946555349298,11.495830789324375]]]}"
00fa000000000000223b,CARLES-021,3754.27184,1.319736842,-3.034676285,0.238214788,2.327514623,26.44391404,1.662020577,122.8017552,200.0821488,0.5254944117,2022,11.49569587,123.1017575,Carles,"{""type"":""Polygon"",""coordinates"":[[[123.10135366749519,11.49556091036055],[123.10216131533892,11.49556093749181],[123.10216131533892,11.495830831141264],[123.10135366749519,11.495830805967588],[123.10135366749519,11.49556091036055]]]}"
00fa000000000000228a,BALASAN-011,3754.27184,1.225848564,-1.045158215,0.1510906941,2.168743856,26.44391404,1.662020577,738.2027306,243.6324879,0.489493312,2022,11.49354095,123.1273597,Balasan,"{""type"":""Polygon"",""coordinates"":[[[123.12695328865784,11.493406032372876],[123.12776613309458,11.493406041104222],[123.12776613309458,11.493675865843622],[123.12695328865784,11.493675859083906],[123.12695328865784,11.493406032372876]]]}"
00fa00000000000022cc,BALASAN-012,3754.27184,0.43832021,-1.505457936,0.2187498841,2.063066656,26.44391404,1.662020577,290.3352031,515.8877529,0.5711058186,2022,11.49192184,123.1222382,Balasan,"{""type"":""Polygon"",""coordinates"":[[[123.12183432556883,11.491786928460064],[123.1226420630881,11.491786872279679],[123.1226420630881,11.492056779544434],[123.12183432556883,11.492056762458885],[123.12183432556883,11.491786928460064]]]}"
00fa00000000000022d7,BALASAN-013,3754.27184,0,-3.549016256,0.2567292172,0.5814803688,26.44391404,1.662020577,0,54.25935497,0.5195379816,2022,11.48895741,123.1063413,Balasan,"{""type"":""Polygon"",""coordinates"":[[[123.10593748986811,11.488822495789343],[123.10674518601681,11.488822468207037],[123.10674518601681,11.489092329402963],[123.10593748986811,11.489092358943415],[123.10593748986811,11.488822495789343]]]}"
00fa00000000000022f6,BALASAN-014,3754.27184,0,-0.9495449107,0.1588500398,0,26.44391404,1.662020577,271.5133546,171.6990914,0.5097553714,2022,11.48626284,123.1098448,Balasan,"{""type"":""Polygon"",""coordinates"":[[[123.10944100642251,11.48612789160924],[123.11024867387515,11.486127945488672],[123.11024867387515,11.486397789653054],[123.10944100642251,11.486397737731636],[123.10944100642251,11.48612789160924]]]}"
00fa0000000000002348,BALASAN-015,3754.27184,2.344782034,-0.3222427323,0.07877530366,1.936346267,26.44391404,1.662020577,0,299.2227895,0,2022,11.4759324,123.1244851,Balasan,"{""type"":""Polygon"",""coordinates"":[[[123.12426266734391,11.475619783791151],[123.12453016231522,11.475619822896368],[123.12453016231522,11.475889674321436],[123.12479765655985,11.475889637231672],[123.12479765655985,11.476155502754896],[123.12426266734391,11.476155502667133],[123.12426266734391,11.475619783791151]]]}"
00fa000000000000239d,ESTANCIA-002,3754.27184,1.687335092,-0.7558716979,0.1254981686,2.769244549,26.44391404,1.662020577,29.88308445,84.71092551,0.4954985729,2022,11.47377591,123.1337373,Estancia,"{""type"":""Polygon"",""coordinates"":[[[123.13342522195529,11.4737309137814],[123.13369269202684,11.473730945899165],[123.13369269202684,11.473461123557215],[123.13396024718104,11.47346106986757],[123.13396024718104,11.47400078931029],[123.13342522195529,11.474000812830507],[123.13342522195529,11.4737309137814]]]}"
00fa000000000000292c,CARLES-022,3754.27184,0,-1.587208844,0.163649613,0.2755624603,26.44391404,1.662020577,41.95443459,429.5336095,0.5977435546,2022,11.51887294,123.1000727,Carles,"{""type"":""Polygon"",""coordinates"":[[[123.09973826613545,11.518738007146803],[123.10000574182578,11.518737984477749],[123.10000574182578,11.518468088415883],[123.1002733026302,11.518468130372092],[123.1002733026302,11.51927774390641],[123.10000574182578,11.519277779158953],[123.10000574182578,11.519007881392115],[123.09973826613545,11.519007904709328],[123.09973826613545,11.518738007146803]]]}"
00fa0000000000002939,CARLES-023,3754.27184,0,-2.390914415,0.2145407046,0,26.44391404,1.662020577,382.5580485,237.9043844,0.5091999934,2022,11.51819825,123.1121342,Carles,"{""type"":""Polygon"",""coordinates"":[[[123.1118640747598,11.517928346701808],[123.11240428101907,11.517928347828013],[123.11240428101907,11.518468152555977],[123.1118640747598,11.518468154048856],[123.1118640747598,11.517928346701808]]]}"
00fa0000000000002950,CARLES-024,3754.27184,0,-1.467881371,0.168092827,0,26.44391404,1.662020577,83.98168273,285.4120053,0.5403825499,2022,11.51725367,123.1072828,Carles,"{""type"":""Polygon"",""coordinates"":[[[123.10674518601681,11.517118758194497],[123.10782041588564,11.517118708403546],[123.10782041588564,11.517388581265859],[123.10674518601681,11.517388633662783],[123.10674518601681,11.517118758194497]]]}"
00fa0000000000002952,CARLES-025,3754.27184,0,-0.5966968314,0.1206876614,0,26.44391404,1.662020577,112.8694703,250.8507181,0,2022,11.51712069,123.1044523,Carles,"{""type"":""Polygon"",""coordinates"":[[[123.10404946359056,11.517118698889222],[123.1043169275935,11.517118749928711],[123.1043169275935,11.516852782915374],[123.10485717520014,11.516852808498731],[123.10485717520014,11.517118698962703],[123.10458962682672,11.517118734813588],[123.10458962682672,11.517388615505558],[123.10404946359056,11.517388580890053],[123.10404946359056,11.517118698889222]]]}"
00fa0000000000002954,CARLES-026,3754.27184,0,-0.8376269112,0.1296238457,0,26.44391404,1.662020577,160.1644761,181.4402682,0.5090155969,2022,11.51631241,123.1071484,Carles,"{""type"":""Polygon"",""coordinates"":[[[123.10674518601681,11.516313050281976],[123.10701272854301,11.516313088903775],[123.10701272854301,11.516043142224914],[123.10755287555064,11.516043175812797],[123.10755287555064,11.51631304592565],[123.1072802703434,11.51631305193078],[123.1072802703434,11.516582923556928],[123.10674518601681,11.516582923204883],[123.10674518601681,11.516313050281976]]]}"
00fa0000000000002955,CARLES-027,3754.27184,0,-1.942872745,0.1497457303,0,26.44391404,1.662020577,0,71.73140633,0.5344626263,2022,11.51557155,123.1041832,Carles,"{""type"":""Polygon"",""coordinates"":[[[123.10377676286406,11.515503423946518],[123.10404946359056,11.51550341348188],[123.10404946359056,11.515233537436881],[123.1043169275935,11.51523351774468],[123.1043169275935,11.515503393141474],[123.10458962682675,11.51550338198203],[123.10458962682672,11.515773332828866],[123.10377676286406,11.515773301505073],[123.10377676286406,11.515503423946518]]]}"
00fa000000000000296c,CARLES-028,3754.27184,0,-1.347660624,0.1666342777,0,26.44391404,1.662020577,623.8064206,172.6184635,0.458345748,2022,11.5130785,123.11065,Carles,"{""type"":""Polygon"",""coordinates"":[[[123.11051620689562,11.512538776348107],[123.11078373919011,11.512538744024672],[123.11078373919011,11.513618229228843],[123.11051620689562,11.513618264146595],[123.11051620689562,11.512538776348107]]]}"
00fa0000000000002980,CARLES-029,3754.27184,0,-1.765892268,0.162642694,0,26.44391404,1.662020577,734.8604912,104.3079053,0.5300851285,2022,11.51078853,123.1129419,Carles,"{""type"":""Polygon"",""coordinates"":[[[123.11240428101907,11.510653621014496],[123.11347953500054,11.510653594011087],[123.11347953500054,11.510923432727294],[123.11240428101907,11.510923462337109],[123.11240428101907,11.510653621014496]]]}"
00fa0000000000002a99,BALASAN-016,3754.27184,2.776134122,-2.723325748,0.1942676047,2.590356602,26.44391404,1.662020577,388.1667133,494.9965979,0.52414256,2022,11.49374367,123.1241935,Balasan,"{""type"":""Polygon"",""coordinates"":[[[123.12372244028244,11.493675884931227],[123.12426266734391,11.49367588738946],[123.12426266734391,11.49340605415223],[123.12453016231522,11.493406050490373],[123.12453016231522,11.493945716521747],[123.12372244028244,11.49394572033324],[123.12372244028244,11.493675884931227]]]}"
00fa0000000000002ad9,CARLES-030,3754.27184,1.891176471,-4.172683534,0.2708792814,5.909200341,26.44391404,1.662020577,675.9751846,7117.91939,0.5591051387,2022,11.49151703,123.2043,Carles,"{""type"":""Polygon"",""coordinates"":[[[123.20402987322187,11.491247178253008],[123.20457008705888,11.4912471590097],[123.20457008705888,11.491786873690867],[123.20402987322187,11.491786895562745],[123.20402987322187,11.491247178253008]]]}"
00fa0000000000002afe,BALASAN-017,3754.27184,3.923686819,-5.305114582,0.3567319164,2.184394459,26.44391404,1.662020577,405.0591524,403.4123575,0.5124791904,2022,11.48990188,123.1363885,Balasan,"{""type"":""Polygon"",""coordinates"":[[[123.13612099868473,11.490171730928607],[123.13612099868476,11.489631994611676],[123.13665600924936,11.489632039507882],[123.13665600924936,11.490171773228235],[123.13612099868473,11.490171730928607]]]}"
00fa0000000000002b24,CARLES-031,3754.27184,4.205357143,-3.698555874,0.3076991873,6.99594689,26.44391404,1.662020577,0,5224.840867,0.07185893992,2022,11.48801489,123.1871864,Carles,"{""type"":""Polygon"",""coordinates"":[[[123.18705269079973,11.487477164470068],[123.18732018630344,11.487477149295684],[123.18732018630344,11.488552642460467],[123.18705269079973,11.488552585048676],[123.18705269079973,11.487477164470068]]]}"
00fa0000000000002b6c,ESTANCIA-003,3754.27184,2.653121903,-1.457062535,0.1515718646,2.41716239,26.44391404,1.662020577,29.62730164,498.6871316,0.5124972546,2022,11.48302862,123.1442032,Estancia,"{""type"":""Polygon"",""coordinates"":[[[123.14393563921995,11.482623847797752],[123.1442031665077,11.482623834364656],[123.1442031665077,11.482893735465396],[123.14447069306728,11.482893721045851],[123.14447069306728,11.48343337411082],[123.14420316650767,11.483433389829287],[123.14420316650767,11.483163562219547],[123.14393563921995,11.483163576951739],[123.14393563921995,11.482623847797752]]]}"
00fa0000000000002bb7,BALASAN-018,3754.27184,0.1808406647,-2.027683501,0.2075180136,1.235123147,26.44391404,1.662020577,290.1834294,338.9354342,0.1489540586,2022,11.48201976,123.1217677,Balasan,"{""type"":""Polygon"",""coordinates"":[[[123.12129417100714,11.481818261593016],[123.1221070621613,11.481818301433742],[123.1221070621613,11.482353994507848],[123.12183432556883,11.482354033114785],[123.12183432556883,11.4820881411375],[123.12129417100714,11.482088140530443],[123.12129417100714,11.481818261593016]]]}"
00fa0000000000002c32,ESTANCIA-004,3754.27184,2.227228208,-1.256753026,0.1676723854,1.609190013,26.44391404,1.662020577,19.80783005,192.7880787,0.5488874801,2022,11.46807233,123.1167129,Estancia,"{""type"":""Polygon"",""coordinates"":[[[123.11644277401454,11.467802483949624],[123.1169829551773,11.46780249103532],[123.1169829551773,11.46834218173583],[123.11644277401454,11.468342177270747],[123.11644277401454,11.467802483949624]]]}"
00fa0000000000003020,CARLES-032,3754.27184,2.735433071,1.936871944,0.1749489253,2.70975916,26.44391404,1.662020577,169.0639369,0,0.5347241895,2022,11.51941271,123.1152338,Carles,"{""type"":""Polygon"",""coordinates"":[[[123.11455984102457,11.519277783864103],[123.11590773941947,11.519277778167577],[123.11590773941947,11.519547638247882],[123.11455984102457,11.519547647211754],[123.11455984102457,11.519277783864103]]]}"
00fa000000000000302f,CARLES-033,3754.27184,0,-1.316873583,0.1466853465,0,26.44391404,1.662020577,0,339.9768086,0.5662024801,2022,11.51790159,123.1056383,Carles,"{""type"":""Polygon"",""coordinates"":[[[123.10512463701298,11.51792838972666],[123.10539733401318,11.5179283715897],[123.10539733401318,11.517658491150005],[123.10620503458541,11.517658482171695],[123.10620503458539,11.517928360653983],[123.10566488019569,11.517928332773987],[123.10566488019569,11.518198213417712],[123.10512463701298,11.518198271679774],[123.10512463701298,11.51792838972666]]]}"
00fa0000000000003031,CARLES-034,3754.27184,0.3484021824,-1.766594494,0.1711807462,1.7016036,26.44391404,1.662020577,0,154.6466245,0.5372891582,2022,11.51601657,123.0988474,Carles,"{""type"":""Polygon"",""coordinates"":[[[123.09865788358469,11.515503403903926],[123.09893051261882,11.515503410970503],[123.09893051261882,11.515773300272022],[123.09919807633851,11.515773274795782],[123.09919807633851,11.516043164301625],[123.09893051261882,11.516043190426243],[123.09893051261882,11.516582898029949],[123.09865788358469,11.516582893605364],[123.09865788358469,11.515503403903926]]]}"
00fa00000000000030ea,CARLES-035,3754.27184,3.482677165,-1.767927642,0.2019052103,3.420739026,26.44391404,1.662020577,142.1097354,0,0,2022,11.49413323,123.1019184,Carles,"{""type"":""Polygon"",""coordinates"":[[[123.10162113880668,11.493945727764677],[123.10189384549174,11.493945772860144],[123.10189384549174,11.49367588453125],[123.10216131533892,11.49367591933496],[123.10216131533892,11.494481521921713],[123.1016211388067,11.494481520510712],[123.10162113880668,11.493945727764677]]]}"
00fa000000000000313a,BALASAN-019,3754.27184,5.637440758,-1.230329761,0.1822675935,4.724759022,26.44391404,1.662020577,0.002971935246,0,0.515045632,2022,11.48346078,123.106287,Balasan,"{""type"":""Polygon"",""coordinates"":[[[123.10593748986811,11.483163541305457],[123.10647257857691,11.483163553824609],[123.10647257857691,11.483433397748588],[123.10674518601681,11.483433398048296],[123.10674518601681,11.483703242166728],[123.10593748986811,11.483703232603073],[123.10593748986811,11.483163541305457]]]}"
00fa0000000000003147,BALASAN-020,3754.27184,2.664319249,-0.9094706755,0.149139414,2.991690518,26.44391404,1.662020577,0,152.0733992,0.2591600499,2022,11.48189851,123.1045604,Balasan,"{""type"":""Polygon"",""coordinates"":[[[123.1043169275935,11.482354016087667],[123.1043169275935,11.481548468564643],[123.10485717520014,11.48154843972167],[123.10485717520014,11.482088126017516],[123.10458962682672,11.482088152922],[123.10458962682672,11.482354010878373],[123.1043169275935,11.482354016087667]]]}"
00fa0000000000003160,CARLES-036,3754.27184,1.417781275,-19.67743191,0.3010465764,1.956757942,26.44391404,1.662020577,1048.410238,5746.985957,0.5183794905,2022,11.47807121,123.1925218,Carles,"{""type"":""Polygon"",""coordinates"":[[[123.1921715994435,11.477774573069317],[123.19271170725104,11.477774596317861],[123.19271170725104,11.478044439333813],[123.19297927305077,11.478044428829719],[123.19297927305077,11.478314272051481],[123.1921715994435,11.47831426258481],[123.1921715994435,11.477774573069317]]]}"
00fa0000000000003521,CARLES-037,3754.27184,1.968441815,8.796989656,0.315686811,2.776758016,26.44391404,1.662020577,401.9849965,355.7585031,0.05028368019,2022,11.51950084,123.1106974,Carles,"{""type"":""Polygon"",""coordinates"":[[[123.11132395136957,11.519547622861468],[123.11078373919011,11.519547626837548],[123.11078373919011,11.519813586794681],[123.11024867387515,11.519813535554983],[123.11024867387515,11.519277775780566],[123.11132395136957,11.519277751670568],[123.11132395136957,11.519547622861468]]]}"
00fa0000000000003546,CARLES-038,3754.27184,4.573770492,2.956544592,0.3632833069,4.356059679,26.44391404,1.662020577,2942.765511,10363.34865,0.5652605466,2022,11.50809293,123.2310694,Carles,"{""type"":""Polygon"",""coordinates"":[[[123.23070986610252,11.507688950638485],[123.23125001810283,11.507688997872147],[123.23125001810283,11.5082286868772],[123.23151756411355,11.50822869432426],[123.23151756411355,11.508498614622798],[123.2309825570831,11.508498589713854],[123.2309825570831,11.508228743278588],[123.23070986610252,11.50822871743941],[123.23070986610252,11.507688950638485]]]}"
00fa000000000000355d,CARLES-039,3754.27184,0,-1.107912447,0.15104137,0,26.44391404,1.662020577,0,253.3981327,0.54843273,2022,11.50499424,123.1076867,Carles,"{""type"":""Polygon"",""coordinates"":[[[123.1072802703434,11.504724352908411],[123.10809310543202,11.504724376200723],[123.10809310543202,11.50526411835],[123.1072802703434,11.505264098998044],[123.1072802703434,11.504724352908411]]]}"
00fa00000000000035b1,CARLES-040,3754.27184,2.891661195,26.12382966,0.3068535358,5.164571731,26.44391404,1.662020577,466.9029394,2500.944947,0.5366220992,2022,11.49610065,123.158891,Carles,"{""type"":""Polygon"",""coordinates"":[[[123.15821712866712,11.496100639437259],[123.15875725201816,11.496100681812838],[123.15875725201816,11.495830774192099],[123.15956494363829,11.495830816184597],[123.15956494363829,11.496100646639817],[123.15902482473125,11.496100681524188],[123.15902482473125,11.496370514145758],[123.15821712866712,11.496370474020079],[123.15821712866712,11.496100639437259]]]}"
00fa00000000000035d9,BALASAN-021,3754.27184,3.186440678,-4.75753394,0.2572581915,1.352313385,26.44391404,1.662020577,828.9867088,0,0.305492432,2022,11.49367458,123.1322104,Balasan,"{""type"":""Polygon"",""coordinates"":[[[123.13180459691876,11.493136184189812],[123.13207730589063,11.493136181562468],[123.1320773058906,11.493406070209128],[123.13234477962635,11.493406056701943],[123.13234477962635,11.493675870334487],[123.13261748710116,11.493675865689942],[123.13261748710113,11.494211657961582],[123.13234477962635,11.494211663919906],[123.13234477962635,11.493945760041722],[123.13207730589063,11.49394577484693],[123.13207730589063,11.493675884490592],[123.13180459691876,11.493675888441283],[123.13180459691876,11.493136184189812]]]}"
00fa0000000000003618,BALASAN-022,3754.27184,3.471910112,-2.856646948,0.2205648309,4.083345379,26.44391404,1.662020577,238.6459455,203.0725657,0.493544944,2022,11.48720733,123.1127164,Balasan,"{""type"":""Polygon"",""coordinates"":[[[123.11240428101907,11.486937482231951],[123.1126718081896,11.486937509059244],[123.1126718081896,11.486667593832612],[123.11293933463406,11.486667620971636],[123.11293933463406,11.487747058732623],[123.1126718081896,11.487747034188123],[123.11267180818963,11.487477191623473],[123.11240428101907,11.487477166093345],[123.11240428101907,11.486937482231951]]]}"
00fa0000000000003630,BALASAN-023,3754.27184,6.618516087,1.366889126,0.2631441462,3.841190613,26.44391404,1.662020577,529.0743453,384.5046519,0.5143907894,2022,11.48639776,123.1295179,Balasan,"{""type"":""Polygon"",""coordinates"":[[[123.12911402239396,11.486127930027566],[123.12992170019186,11.486127887258142],[123.12992170019186,11.486667631451123],[123.12911402239396,11.48666760292448],[123.12911402239396,11.486127930027566]]]}"
00fa00000000000036b2,CARLES-041,3754.27184,4.988771466,-7.48476692,0.3348841376,6.395642256,26.44391404,1.662020577,1023.785726,5111.874376,0.4979883142,2022,11.47440555,123.186245,Carles,"{""type"":""Polygon"",""coordinates"":[[[123.18597746985662,11.474000783380411],[123.18651246600749,11.47400082036652],[123.18651246600749,11.474810286101201],[123.18597746985662,11.47481032818419],[123.18597746985662,11.474000783380411]]]}"
00fa0000000000003a29,CARLES-042,3754.27184,1.458286359,-0.7132604225,0.1216814857,1.307025114,26.44391404,1.662020577,158.8656377,762.5288326,0.5071873992,2022,11.52133407,123.1282076,Carles,"{""type"":""Polygon"",""coordinates"":[[[123.12776613309458,11.521702720527049],[123.12803361854714,11.521702719655055],[123.12803361854714,11.520893059253998],[123.12830118908754,11.520893049030727],[123.12830118908754,11.520623214748614],[123.12857382195288,11.520623235439013],[123.12857382195288,11.521162978780094],[123.12830118908754,11.521162959411958],[123.12830118908754,11.521972620423668],[123.12776613309458,11.521972634763701],[123.12776613309458,11.521702720527049]]]}"
00fa0000000000003a71,CARLES-043,3754.27184,0.9675433688,-16.14219601,0.293167007,4.488531425,26.44391404,1.662020577,30.77050473,3454.006808,0.5633047949,2022,11.50747629,123.1644723,Carles,"{""type"":""Polygon"",""coordinates"":[[[123.16441635812377,11.50795886018286],[123.16441635812374,11.507689003971926],[123.16414365310611,11.507688944388752],[123.16414365310608,11.506879378892396],[123.16441635812377,11.506879365252004],[123.16441635812374,11.507149218901276],[123.16468391540856,11.507149260077526],[123.16468391540856,11.507688968638154],[123.16495653314196,11.50768896327483],[123.16495653314196,11.507958818173712],[123.16441635812377,11.50795886018286]]]}"
00fa0000000000003adb,CARLES-044,3754.27184,0.8261357263,-5.797535924,0.2628533445,1.802836864,26.44391404,1.662020577,900.3942074,5625.399042,0.09512116944,2022,11.47898718,123.1914996,Carles,"{""type"":""Polygon"",""coordinates"":[[[123.19109634895597,11.478584107825801],[123.19163654845605,11.478584118926547],[123.19163654845605,11.478853967126991],[123.19190403143581,11.478853966965858],[123.19190403143581,11.479389680781992],[123.19136383341188,11.479389674283189],[123.19136383341188,11.479123807579164],[123.19109634895597,11.479123807710666],[123.19109634895597,11.478584107825801]]]}"
00fa0000000000003d0b,CARLES-045,3754.27184,0.49609375,-1.120327728,0.1373943474,1.500768676,26.44391404,1.662020577,363.8476557,429.4902174,0.366675221,2022,11.52554132,123.1200159,Carles,"{""type"":""Polygon"",""coordinates"":[[[123.11967875305845,11.526012979402786],[123.11967875305845,11.525473162291306],[123.11994626048006,11.52547316257143],[123.11994626048006,11.524667471420184],[123.12021891647889,11.524667492960106],[123.12021891647892,11.526282867526147],[123.11994626048006,11.526282849942456],[123.11994626048006,11.5260129783857],[123.11967875305845,11.526012979402786]]]}"
00fa0000000000003d0e,CARLES-046,3754.27184,1.543980344,-0.958883153,0.1504074874,1.945929658,26.44391404,1.662020577,10.03587888,729.9550506,0.3401490404,2022,11.52298111,123.1277971,Carles,"{""type"":""Polygon"",""coordinates"":[[[123.12722592525635,11.52277831644306],[123.12749341217679,11.52277831366784],[123.12749341217679,11.522512384405049],[123.12776613309458,11.522512390546206],[123.12776613309458,11.522778319157311],[123.12830118908754,11.522778300943292],[123.12830118908754,11.523318059219251],[123.12749341217679,11.523318075861889],[123.12749341217679,11.523048156714154],[123.12722592525635,11.523048160137986],[123.12722592525635,11.52277831644306]]]}"
00fa0000000000003d3b,CARLES-047,3754.27184,3.713934023,16.9765941,0.3848249465,2.932134882,26.44391404,1.662020577,0.1304386509,4857.010127,0,2022,11.51146124,123.1768123,Carles,"{""type"":""Polygon"",""coordinates"":[[[123.17627473304694,11.511193367140127],[123.17734988893827,11.511193310426203],[123.17734988893827,11.511729147560413],[123.17627473304694,11.511729134255578],[123.17627473304694,11.511193367140127]]]}"
00fa0000000000003d5c,CARLES-048,3754.27184,4.218137255,13.00253806,0.3256480496,2.032947483,26.44391404,1.662020577,0,4659.199643,0.5072155015,2022,11.51082194,123.1751274,Carles,"{""type"":""Polygon"",""coordinates"":[[[123.17465412875845,11.510383757430711],[123.17519433316494,11.510383741789228],[123.17519433316494,11.510653580344746],[123.17546700745643,11.510653618432004],[123.17546700745643,11.51092345717873],[123.17573453459445,11.510923475316599],[123.17573453459445,11.511193314266945],[123.17492680455258,11.511193317052841],[123.17492680455258,11.51092347614019],[123.17465412875845,11.510923438020102],[123.17465412875845,11.510383757430711]]]}"
00fa0000000000003d6f,CARLES-049,3754.27184,4.031894014,2.100217821,0.2709440777,3.239915471,26.44391404,1.662020577,0,4531.72142,0.5417641046,2022,11.50974248,123.1743535,Carles,"{""type"":""Polygon"",""coordinates"":[[[123.17384647558924,11.509304230052289],[123.17438659867184,11.509304232682913],[123.17438659867184,11.509843982948356],[123.17465412875845,11.509844005049889],[123.17465412875845,11.509574092537507],[123.17492680455258,11.509574133969485],[123.17492680455258,11.510113883317667],[123.17411906785517,11.510113875175545],[123.17411906785517,11.509843960509043],[123.17384647558922,11.509843982942353],[123.17384647558924,11.509304230052289]]]}"
00fa0000000000003d91,CARLES-050,3754.27184,3.208129285,-3.172676954,0.2703408782,3.728389356,26.44391404,1.662020577,214.3134438,657.548838,0.52876846,2022,11.49623432,123.116983,Carles,"{""type"":""Polygon"",""coordinates"":[[[123.11644277401454,11.495560969233821],[123.11671543970947,11.495560916099505],[123.11671543970947,11.495830774463508],[123.1169829551773,11.49583077448225],[123.1169829551773,11.496100633051977],[123.11725561937745,11.496100653133807],[123.11725561937745,11.496370511896808],[123.11752321920277,11.496370499002978],[123.11752321920277,11.496910217794198],[123.11725561937745,11.496910231985945],[123.11725561937745,11.496640371514193],[123.1169829551773,11.496640352754627],[123.1169829551773,11.49637049247611],[123.11671543970947,11.496370493754771],[123.11671543970947,11.496100633681936],[123.11644277401454,11.496100688138966],[123.11644277401454,11.495560969233821]]]}"
00fa0000000000003d9a,BALASAN-024,3754.27184,4.288735858,-4.171068694,0.2644080509,3.208362403,26.44391404,1.662020577,83.71860634,0,0.5167426945,2022,11.48973345,123.1091358,Balasan,"{""type"":""Polygon"",""coordinates"":[[[123.10890078392576,11.489901908872424],[123.10890078392576,11.489632050337649],[123.10836064430133,11.48963204254038],[123.10836064430133,11.489362183551016],[123.10916832060367,11.489362142839031],[123.10916832060367,11.489631999870133],[123.10970854163459,11.489631994687642],[123.10970854163459,11.490171708694984],[123.10916832060367,11.490171716496992],[123.10916832060367,11.489901857756124],[123.10890078392576,11.489901908872424]]]}"
00fa0000000000003db3,ESTANCIA-005,3754.27184,5.620098039,8.49733073,0.2959566827,4.88037233,26.44391404,1.662020577,832.8895539,1686.927794,0.5544548175,2022,11.48275877,123.1555226,Estancia,"{""type"":""Polygon"",""coordinates"":[[[123.15498113047892,11.482623825687904],[123.15525377516148,11.48262389428465],[123.15525377516148,11.482354020876377],[123.15579400060525,11.482353976281177],[123.15579400060525,11.482623848377155],[123.1560614956038,11.482623820014608],[123.1560614956038,11.482893692316797],[123.15579400060525,11.482893721329164],[123.15579400060525,11.483163519942359],[123.15525377516151,11.483163568474094],[123.15525377516148,11.48289369335401],[123.15498113047894,11.482893700614214],[123.15498113047892,11.482623825687904]]]}"
00fa0000000000003deb,BALASAN-025,3754.27184,0.8278406296,-0.3862518842,0.0980621092,3.247851503,26.44391404,1.662020577,0,358.4883829,0.501972499,2022,11.4763581,123.1259457,Balasan,"{""type"":""Polygon"",""coordinates"":[[[123.12507029912778,11.476155561674753],[123.1266857144537,11.476155573436975],[123.1266857144537,11.476425346123378],[123.12641822533863,11.476425386876759],[123.12641822533863,11.476695236276795],[123.12587801010389,11.476695232051162],[123.12587801010389,11.476425381340416],[123.12507029912778,11.476425413489151],[123.12507029912778,11.476155561674753]]]}"
00fa0000000000003e12,BATAD-001,3754.27184,4.998032464,6.066800822,0.4383935356,3.165482104,26.44391404,1.662020577,417.182615,162.9802482,0.4844319809,2022,11.41642983,123.1282035,Batad,"{""type"":""Polygon"",""coordinates"":[[[123.12776613309458,11.416058620530269],[123.12857382195288,11.416058640853928],[123.12857382195288,11.41686797555418],[123.12803361854714,11.416867986795337],[123.12803361854714,11.416598181337786],[123.12776613309458,11.416598230161075],[123.12776613309458,11.416058620530269]]]}"
00fa000000000000401a,CARLES-051,3754.27184,4.047494553,-21.26144943,0.3109631959,3.65124531,26.44391404,1.662020577,0,4363.728327,0.5463445257,2022,11.50725444,123.1736532,Carles,"{""type"":""Polygon"",""coordinates"":[[[123.17303872999078,11.50714920463089],[123.17357894329862,11.507149208837436],[123.17357894329862,11.50687937744406],[123.17438659867184,11.506879346923213],[123.17438659867184,11.50714925155785],[123.17411906785517,11.507149222628813],[123.17411906785517,11.507419128767706],[123.17357894329862,11.507419116288789],[123.17357894329862,11.50768894938993],[123.17303872999078,11.507688947808386],[123.17303872999078,11.50714920463089]]]}"
00fa0000000000004035,CARLES-052,3754.27184,-0.6279475983,-13.49425567,0.2436817164,3.118308007,26.44391404,1.662020577,0.002697613419,3077.276893,0.5198269304,2022,11.49812063,123.1637398,Carles,"{""type"":""Polygon"",""coordinates"":[[[123.16333599916597,11.497715809090884],[123.16414365310608,11.497715819952248],[123.16414365310608,11.49852544883686],[123.16333599916597,11.498525443861137],[123.16333599916597,11.497715809090884]]]}"
00fa000000000000403d,CARLES-053,3754.27184,1.523063534,195.1464844,0.3664192898,1.684994056,26.44391404,1.662020577,1965.533028,9421.044525,0.1666252635,2022,11.49719305,123.2248264,Carles,"{""type"":""Polygon"",""coordinates"":[[[123.22451063412738,11.4977158578438],[123.22451063412738,11.496640383994304],[123.22505082044704,11.496640350537417],[123.22505082044704,11.497176091395815],[123.22532344151409,11.497176162669701],[123.22532344151409,11.497445987873334],[123.22505082044704,11.497445992423351],[123.22505082044704,11.49771581914565],[123.22451063412738,11.4977158578438]]]}"
00fa000000000000405b,BALASAN-026,3754.27184,6.381056307,-13.13736822,0.3245437995,3.171190701,26.44391404,1.662020577,0,21.11592905,0.522272629,2022,11.49267136,123.1044235,Balasan,"{""type"":""Polygon"",""coordinates"":[[[123.10350921156031,11.492596494159992],[123.10404946359056,11.492596488986203],[123.10404946359056,11.492326610155573],[123.10458962682672,11.492326615843755],[123.10458962682672,11.492596493364998],[123.10539733401318,11.492596443524565],[123.10539733401318,11.492866319942369],[123.10350921156028,11.492866299916212],[123.10350921156031,11.492596494159992]]]}"
00fa0000000000004064,BALASAN-027,3754.27184,3.800784656,-2.996151189,0.2343811596,2.399203683,26.44391404,1.662020577,0,16.89823395,0.1987865159,2022,11.48772856,123.1074757,Balasan,"{""type"":""Polygon"",""coordinates"":[[[123.10701272854301,11.486937484991985],[123.10755287555064,11.486937509292035],[123.10755287555064,11.487746996422265],[123.10782041588564,11.487747027415132],[123.10782041588564,11.488552608227993],[123.10755287555064,11.4885526544033],[123.10755287555064,11.488282796875257],[123.1072802703434,11.488282734256554],[123.1072802703434,11.487207297305885],[123.10701272854298,11.487207339566915],[123.10701272854301,11.486937484991985]]]}"
00fa0000000000004070,BALASAN-028,3754.27184,3.443474465,-1.26850291,0.1851466839,3.646166951,26.44391404,1.662020577,0,34.20430025,0.5170057735,2022,11.48287883,123.1053231,Balasan,"{""type"":""Polygon"",""coordinates"":[[[123.10593748986811,11.483163541305457],[123.10485717520014,11.48316352172255],[123.10485717520014,11.482893674737916],[123.10458962682672,11.482893703578835],[123.10458962682672,11.4826238568009],[123.10593748986811,11.482623853429258],[123.10593748986811,11.483163541305457]]]}"
00fa0000000000004080,ESTANCIA-006,3754.27184,3.039824945,-1.337973309,0.1713403982,2.270703791,26.44391404,1.662020577,0.233873778,2481.856135,0.5312486175,2022,11.47512511,123.1623045,Estancia,"{""type"":""Polygon"",""coordinates"":[[[123.16145302019356,11.474810281423686],[123.162260775416,11.474810304663961],[123.16226077541603,11.475080137114102],[123.16333599916597,11.475080135970913],[123.16333599916597,11.475349966665375],[123.16172058555809,11.475349997391463],[123.16172058555809,11.475080162772416],[123.16145302019356,11.475080115836082],[123.16145302019356,11.474810281423686]]]}"
00fa0000000000004268,CARLES-054,3754.27184,3.32586478,7.711242915,0.4095700094,1.601760277,26.44391404,1.662020577,0,5380.343559,0.5794606485,2022,11.55630597,123.155603,Carles,"{""type"":""Polygon"",""coordinates"":[[[123.15498113047892,11.555928385632862],[123.1560614956038,11.555928419826708],[123.1560614956038,11.556738132431043],[123.15525377516151,11.556738143430529],[123.15525377516148,11.556198305171094],[123.15498113047894,11.55619834177935],[123.15498113047892,11.555928385632862]]]}"
00fa0000000000004286,CARLES-055,3754.27184,0.9107497025,-1.988722929,0.2058597642,1.360022265,26.44391404,1.662020577,805.0395067,1479.841625,0.4039530547,2022,11.51350853,123.1329652,Carles,"{""type"":""Polygon"",""coordinates"":[[[123.13261748710113,11.5128085871925],[123.13288504517918,11.51280859062328],[123.13288504517918,11.51253871776242],[123.13315251671919,11.512538732458205],[123.13315251671919,11.514693821667626],[123.13288504517918,11.51469381215299],[123.13288504517918,11.51334833890448],[123.13261748710116,11.51334833677181],[123.13261748710113,11.5128085871925]]]}"
00fa000000000000428a,CARLES-056,3754.27184,2.192125984,-31.24382369,0.2573204154,1.528125076,26.44391404,1.662020577,1073.282904,1587.099807,0.2357145706,2022,11.51156772,123.1325352,Carles,"{""type"":""Polygon"",""coordinates"":[[[123.13207730589063,11.510923505333377],[123.13261748710113,11.510923477996025],[123.13261748710113,11.511459228174974],[123.13288504517918,11.511459234851003],[123.13288504517918,11.51199897460027],[123.13315251671919,11.511998990593685],[123.13315251671919,11.512268861099345],[123.13261748710116,11.512268841025858],[123.13261748710113,11.511729098272033],[123.13207730589063,11.511729129521518],[123.13207730589063,11.510923505333377]]]}"
00fa0000000000004303,CARLES-057,3754.27184,1.999607843,-19.32913231,0.3654926795,4.658977262,26.44391404,1.662020577,638.9919717,5011.717975,0.5575539522,2022,11.47790951,123.1857074,Carles,"{""type"":""Polygon"",""coordinates"":[[[123.18543723913298,11.477234917671149],[123.1859774698566,11.477234874559832],[123.18597746985662,11.478584096352446],[123.18543723913298,11.478584146032278],[123.18543723913298,11.477234917671149]]]}"
00fa0000000000004309,ESTANCIA-007,3754.27184,1.823113208,-0.831015921,0.1231586973,2.739523971,26.44391404,1.662020577,0.1914608747,0.8707757517,0.5130646289,2022,11.47467537,123.1338825,Estancia,"{""type"":""Polygon"",""coordinates"":[[[123.13342522195526,11.474270637534266],[123.13423286436878,11.474270589299667],[123.13423286436878,11.474540488101319],[123.13450041805395,11.47454043113407],[123.13450041805395,11.474810330142763],[123.13423286436878,11.474810312557656],[123.13423286436878,11.475080137870213],[123.13342522195529,11.47508011678305],[123.13342522195526,11.474270637534266]]]}"
00fa00000000000044be,ESTANCIA-008,3754.27184,5.35775554,2.616897506,0.3807923806,4.205222681,26.44391404,1.662020577,832.0155281,1709.808344,0.5578435023,2022,11.48131512,123.155682,Estancia,"{""type"":""Polygon"",""coordinates"":[[[123.15525377516148,11.481008727113593],[123.15552127163168,11.48100877851317],[123.15552127163168,11.480738910878141],[123.1560614956038,11.480738873456637],[123.1560614956038,11.481818268690875],[123.15525377516148,11.481818261910114],[123.15525377516148,11.481008727113593]]]}"
00fa00000000000044d9,ESTANCIA-009,3754.27184,3.39793005,-2.081331566,0.1948449957,2.848501832,26.44391404,1.662020577,328.0813357,2451.795263,0,2022,11.46970164,123.1594056,Estancia,"{""type"":""Polygon"",""coordinates"":[[[123.15875725201816,11.469151670535151],[123.15929745818508,11.469151681239172],[123.15929745818508,11.469421502921726],[123.15956494363829,11.469421501942286],[123.15956494363829,11.469691323831956],[123.16010514536039,11.46969132985965],[123.16010514536039,11.470227064200554],[123.15956494363829,11.470227060778384],[123.15956494363829,11.46995716200678],[123.15902482473125,11.469957220157319],[123.15902482473125,11.469691305508894],[123.15875725201816,11.469691317381638],[123.15875725201816,11.469151670535151]]]}"
00fa0000000000004641,CARLES-058,3754.27184,2.568472906,-4.36266569,0.2224792681,2.542703405,26.44391404,1.662020577,895.4428126,1809.287752,0.2885433483,2022,11.51359314,123.1360955,Carles,"{""type"":""Polygon"",""coordinates"":[[[123.13558075090197,11.512538723665552],[123.13584830092128,11.512538724005037],[123.13584830092128,11.513078531436978],[123.13612099868476,11.513078474711696],[123.13612099868473,11.513348341428474],[123.13638846142698,11.513348350094097],[123.13638846142698,11.513888160024289],[123.13665600924936,11.513888156098462],[123.13665600924936,11.5144239054338],[123.13612099868473,11.514423904568732],[123.13612099868473,11.513888152656587],[123.13584830092128,11.513888136131937],[123.13584830092128,11.513348398815529],[123.13558075090197,11.513348400423519],[123.13558075090197,11.512538723665552]]]}"
00fa0000000000004656,BALASAN-029,3754.27184,3.490138067,-2.016890562,0.1699145183,1.632814512,26.44391404,1.662020577,676.5174181,68.13221452,0.2561241215,2022,11.49203546,123.1311554,Balasan,"{""type"":""Polygon"",""coordinates"":[[[123.13180459691876,11.493136184189812],[123.13153712171471,11.493136196367425],[123.13153712171471,11.492866307264899],[123.13126955997154,11.492866329391903],[123.13126955997154,11.492326627672762],[123.13099693457349,11.492326616342714],[123.13099693457349,11.492056728494202],[123.1307293713616,11.492056747992793],[123.1307293713616,11.49124716284873],[123.13045674446708,11.491247223398329],[123.13045674446708,11.490981324259218],[123.13099693457349,11.490981322668963],[123.13099693457349,11.491786916719983],[123.13126955997154,11.491786929372855],[123.13126955997154,11.49205674048576],[123.13153712171471,11.492056720306545],[123.13153712171471,11.492596494236953],[123.13180459691876,11.492596483357339],[123.13180459691876,11.493136184189812]]]}"
00fa0000000000004851,BALASAN-030,3754.27184,3.585770274,-5.3914248,0.295576869,2.898472967,26.44391404,1.662020577,0,230.1761761,0.2949141608,2022,11.48199333,123.1088488,Balasan,"{""type"":""Polygon"",""coordinates"":[[[123.10836064430133,11.48181828944924],[123.10862809661293,11.481818269365773],[123.10862809661293,11.481548435787495],[123.10890078392576,11.48154842702044],[123.10890078392576,11.48127859495875],[123.10944100642251,11.481278555775564],[123.10944100642251,11.481818293359602],[123.10916832060367,11.481818303480994],[123.10916832060367,11.482088136605055],[123.10890078392576,11.482088168935723],[123.10890078392576,11.482893688392267],[123.10862809661293,11.48289370045548],[123.10862809661293,11.482623863468],[123.10836064430133,11.482623885487518],[123.10836064430133,11.48181828944924]]]}"
00fa0000000000004856,ESTANCIA-010,3754.27184,3.92228606,-1.348076525,0.1578086133,4.43081042,26.44391404,1.662020577,238.3815564,0,0.5187744072,2022,11.48018912,123.1376834,Estancia,"{""type"":""Polygon"",""coordinates"":[[[123.13665600924936,11.480199210891007],[123.13692870477358,11.48019923375887],[123.13692870477358,11.479929398748746],[123.13881163901118,11.479929393971886],[123.13881163901118,11.480199224411987],[123.13827655436639,11.480199225694365],[123.13827655436639,11.480469058289003],[123.13665600924936,11.480469047418723],[123.13665600924936,11.480199210891007]]]}"
00fa000000000000498e,CARLES-059,3754.27184,0.0388185654,-0.9883172168,0.1241127069,0.4462823017,26.44391404,1.662020577,132.9967833,250.8509107,0.4636544657,2022,11.51754419,123.1017017,Carles,"{""type"":""Polygon"",""coordinates"":[[[123.10081348654127,11.517658492178777],[123.10108610962018,11.517658491198013],[123.1010861096202,11.51685281251516],[123.10135366749519,11.516852781724918],[123.10135366749519,11.517118755814707],[123.1016211388067,11.517118734995984],[123.10162113880668,11.517388622881255],[123.10270157475065,11.517388616904984],[123.10270157475065,11.517928389997055],[123.10216131533892,11.517928364135408],[123.10216131533892,11.517658475854043],[123.1016211388067,11.5176585116191],[123.1016211388067,11.5179284012095],[123.1008134865413,11.51792838372613],[123.10081348654127,11.517658492178777]]]}"
00fa00000000000049ca,ESTANCIA-011,3754.27184,2.677591036,-2.297496828,0.2218877233,3.352065751,26.44391404,1.662020577,186.1576516,2191.137442,0.5496322912,2022,11.47171111,123.157947,Estancia,"{""type"":""Polygon"",""coordinates"":[[[123.15767691655545,11.470766691160293],[123.15821712866712,11.470766696754596],[123.15821712866712,11.47265552079564],[123.15767691655542,11.472655524386983],[123.15767691655545,11.470766691160293]]]}"
00fa00000000000049cc,BATAD-002,3754.27184,2.525428491,-4.33823439,0.3597706898,2.833329396,26.44391404,1.662020577,178.8792456,0,0.4918182588,2022,11.41461705,123.1281307,Batad,"{""type"":""Polygon"",""coordinates"":[[[123.12749341217679,11.4144439001691],[123.12776613309458,11.414443870562405],[123.12776613309458,11.414174072193534],[123.12803361854714,11.414174104359521],[123.12803361854714,11.413904307501364],[123.12857382195288,11.413904310668613],[123.12857382195288,11.414443902622939],[123.12830118908754,11.414443922396677],[123.12830118908754,11.414713645175127],[123.12857382195288,11.414713699892092],[123.12857382195288,11.415253221861231],[123.12776613309458,11.415253270836901],[123.12776613309458,11.414713669792604],[123.12749341217679,11.414713700061576],[123.12749341217679,11.4144439001691]]]}"
00fa0000000000004b2d,BALASAN-031,3754.27184,4.3113851,-1.265059673,0.222513895,2.829553581,26.44391404,1.662020577,0,211.0171344,0.525437419,2022,11.48275877,123.1032134,Balasan,"{""type"":""Polygon"",""coordinates"":[[[123.10189384549174,11.482623837897282],[123.10350921156028,11.48262383604577],[123.10350921156031,11.482353987504245],[123.1043169275935,11.482354016087667],[123.1043169275935,11.482893710110295],[123.10324174536738,11.482893701669042],[123.10324174536738,11.483163552569772],[123.10243402053092,11.483163525773147],[123.10243402053092,11.482893672914539],[123.10189384549174,11.482893691209938],[123.10189384549174,11.482623837897282]]]}"
00fa0000000000004bf9,CARLES-060,3754.27184,3.150110375,-5.3057243,0.4257248035,2.451504514,26.44391404,1.662020577,0.07898079567,5211.121946,0.3556741424,2022,11.55483364,123.1551687,Carles,"{""type"":""Polygon"",""coordinates"":[[[123.15471363253742,11.554042979283915],[123.15525377516151,11.554042974782439],[123.15525377516151,11.554308935662666],[123.15552127163168,11.554308885903762],[123.15552127163168,11.554848710966485],[123.15579400060525,11.554848741229458],[123.15579400060525,11.555118616744831],[123.15552127163168,11.555118662401938],[123.15552127163168,11.555658492564376],[123.15498113047894,11.555658505595694],[123.15498113047894,11.55511867281153],[123.1547136325374,11.555118648575837],[123.15471363253742,11.554042979283915]]]}"
00fa0000000000004d0c,CARLES-061,3754.27184,1.903091832,-7.639467549,0.3597030924,1.266206308,26.44391404,1.662020577,9.799346985,6842.634474,0.2136133894,2022,11.57651225,123.1508044,Carles,"{""type"":""Polygon"",""coordinates"":[[[123.15012976451314,11.576676906126648],[123.15040242266255,11.576676900860788],[123.15040242266255,11.576410934325686],[123.15066993234556,11.576410988107485],[123.15066993234556,11.575601125896117],[123.15121009720788,11.57560117761073],[123.15121009720788,11.576410960611108],[123.1514776046915,11.576410938088127],[123.15147760469152,11.5766769020533],[123.15121009720788,11.576676925215766],[123.15121009720788,11.576946880507846],[123.15094258899576,11.576946828699525],[123.15094258899576,11.57721678548865],[123.15012976451314,11.577216822800846],[123.15012976451314,11.576676906126648]]]}"
00fa0000000000004d59,BALASAN-032,3754.27184,2.068102849,-1.309122173,0.1805936652,3.419400851,26.44391404,1.662020577,158.95264,467.0324798,0.2600253166,2022,11.4944433,123.1160549,Balasan,"{""type"":""Polygon"",""coordinates"":[[[123.11563507148958,11.493675927361224],[123.11644277401454,11.49367589197964],[123.11644277401454,11.495291111062905],[123.11590773941947,11.495291106732276],[123.11590773941947,11.49502124811845],[123.11563507148958,11.49502122366067],[123.11563507148958,11.493675927361224]]]}"
00fa0000000000004d5f,BALASAN-033,3754.27184,3.929808358,-2.486974393,0.2347430298,3.213710515,26.44391404,1.662020577,878.8614481,76.03764857,0.188364233,2022,11.49406301,123.1294841,Balasan,"{""type"":""Polygon"",""coordinates"":[[[123.12830118908754,11.493406013680673],[123.12884130521066,11.493406016733825],[123.12884130521066,11.493675914087465],[123.12964907105999,11.493675881824847],[123.12964907105999,11.493945778073368],[123.12992170019186,11.493945787165874],[123.12992170019186,11.494211621614928],[123.1307293713616,11.494211667509248],[123.1307293713616,11.494751383790867],[123.13018926559961,11.49475131685179],[123.13018926559961,11.49448149458455],[123.12964907105999,11.494481511119494],[123.12964907105999,11.49421161317396],[123.12884130521066,11.494211649327255],[123.12884130521066,11.49394573707349],[123.12830118908754,11.49394573664101],[123.12830118908754,11.493406013680673]]]}"
00fa0000000000004d71,BALASAN-034,3754.27184,2.890376183,-2.787308921,0.2273445647,2.242475071,26.44391404,1.662020577,439.7816158,11.02817054,0.2664865557,2022,11.48467751,123.1218899,Balasan,"{""type"":""Polygon"",""coordinates"":[[[123.12129417100714,11.484242915347524],[123.12183432556883,11.484242980710862],[123.12183432556883,11.483973096251265],[123.122374562988,11.483973075408091],[123.122374562988,11.48531836264529],[123.12156682327483,11.485318370842153],[123.12156682327483,11.485052468965605],[123.12129417100714,11.485052502570912],[123.12129417100714,11.484242915347524]]]}"
00fa0000000000004e69,BALASAN-035,3754.27184,3.520532984,-2.134051616,0.2261973669,2.174822621,26.44391404,1.662020577,504.4645173,285.5190649,0.5101862669,2022,11.49205778,123.1248442,Balasan,"{""type"":""Polygon"",""coordinates"":[[[123.12372244028244,11.491247179098023],[123.12479765655985,11.491247196070624],[123.12479765655985,11.491517021172715],[123.12533787772229,11.491517031378288],[123.12533787772229,11.493136142525012],[123.12479765655985,11.493136215406421],[123.12479765655985,11.492056749164526],[123.12453016231522,11.49205674991903],[123.12453016231522,11.49151702062945],[123.12372244028244,11.491517006807921],[123.12372244028244,11.491247179098023]]]}"
00fa0000000000004eec,BALASAN-036,3754.27184,2.88790256,-4.743764803,0.2929389585,3.026274806,26.44391404,1.662020577,0,230.1785793,0.3706160105,2022,11.47962633,123.108908,Balasan,"{""type"":""Polygon"",""coordinates"":[[[123.10836064430133,11.478584096334734],[123.10890078392576,11.478584082520099],[123.10890078392576,11.478853981260984],[123.10916832060367,11.478853956705972],[123.10916832060367,11.479123780431273],[123.10890078392576,11.479123805635],[123.10890078392576,11.479389644034546],[123.10916832060367,11.47938969341471],[123.10916832060367,11.47965951883881],[123.10944100642251,11.479659514006961],[123.10944100642251,11.480738896838353],[123.10890078392576,11.480738933401792],[123.10890078392576,11.479929372258956],[123.10862809661293,11.479929377058998],[123.10862809661293,11.479659549469476],[123.10836064430133,11.479659489141145],[123.10836064430133,11.478584096334734]]]}"
00fa0000000000004f68,CARLES-062,3754.27184,2.471709234,7.220039048,0.3103472255,2.96365016,26.44391404,1.662020577,596.3398779,1843.008978,0.3819795721,2022,11.51644828,123.137736,Carles,"{""type"":""Polygon"",""coordinates"":[[[123.13692870477358,11.515233529195411],[123.13746371094486,11.515233524127387],[123.13746371094486,11.515773265522679],[123.13773640422967,11.515773275347374],[123.13773640422967,11.51604314666286],[123.1380038625792,11.516043146810231],[123.1380038625792,11.516582965938452],[123.13827655436639,11.516582897846895],[123.13827655436639,11.517118731521679],[123.13854409705272,11.51711871744155],[123.13854409705269,11.517658465510033],[123.1380038625792,11.51765847638048],[123.1380038625792,11.517118725690473],[123.13773640422967,11.517118728129345],[123.13773640422967,11.516852840963494],[123.13746371094486,11.516852833785295],[123.13746371094486,11.516313085566193],[123.13719616531951,11.516313021107793],[123.13719616531951,11.515773275002472],[123.13692870477358,11.515773273186772],[123.13692870477358,11.515233529195411]]]}"
00fa0000000000004f7b,BALASAN-037,3754.27184,0.903472631,-2.706072011,0.2583138647,1.642306087,26.44391404,1.662020577,387.5263976,247.236041,0.3134206299,2022,11.49064179,123.1355394,Balasan,"{""type"":""Polygon"",""coordinates"":[[[123.13504058596098,11.48963202031319],[123.13584830092128,11.489631993839703],[123.13584830092128,11.490171731480247],[123.13612099868473,11.490171730928607],[123.13612099868473,11.490441600369826],[123.13584830092128,11.490441601583276],[123.13584830092128,11.491247155388042],[123.13612099868473,11.49124715219911],[123.13612099868473,11.49151702504793],[123.13504058596098,11.491517069064823],[123.13504058596098,11.490711431640605],[123.13530813744943,11.490711409947085],[123.13530813744943,11.489901870920564],[123.13504058596098,11.489901890666166],[123.13504058596098,11.48963202031319]]]}"
00fa0000000000004f7e,BALASAN-038,3754.27184,4.684508693,-2.058584384,0.226896289,4.931520369,26.44391404,1.662020577,9.938056969,66.77249879,0.4605523212,2022,11.48451316,123.1077675,Balasan,"{""type"":""Polygon"",""coordinates"":[[[123.10701272854301,11.483433365196722],[123.10755287555064,11.483433406499872],[123.10755287555064,11.483703248660222],[123.10809310543202,11.483703276360524],[123.10809310543202,11.48451280404443],[123.10836064430133,11.484512766901169],[123.10836064430133,11.485052455002567],[123.10809310543202,11.485052493443307],[123.10809310543202,11.486127895328844],[123.10782041588564,11.48612791427992],[123.10782041588564,11.48451281903834],[123.10755287555064,11.484512780273038],[123.10755287555064,11.484782625854505],[123.1072802703434,11.484782629895452],[123.1072802703434,11.48370325005758],[123.10701272854301,11.483703283894737],[123.10701272854301,11.483433365196722]]]}"
00fa0000000000004ff2,CARLES-063,3754.27184,0.3698092031,0.8857344261,0.4021706724,2.419127137,26.44391404,1.662020577,2076.260899,9218.536846,0.517821469,2022,11.49794057,123.2232352,Carles,"{""type"":""Polygon"",""coordinates"":[[[123.22235500289554,11.497985701101877],[123.22262771722437,11.497985687721778],[123.22262771722437,11.497715854246387],[123.22289520114504,11.497715833754114],[123.22289520114504,11.497446001784889],[123.22343539640514,11.497445968515729],[123.22343539640514,11.497176138716513],[123.2239755886757,11.497176105386796],[123.2239755886757,11.497715838371885],[123.22451063412738,11.4977158578438],[123.22451063412738,11.497985686736133],[123.22316268433278,11.497985720260047],[123.22316268433278,11.498525462334683],[123.22289520114504,11.498525409954976],[123.22289520114504,11.498795320507718],[123.22235500289554,11.49879528381319],[123.22235500289554,11.497985701101877]]]}"
00fa0000000000004ffe,CARLES-064,3754.27184,2.474738024,-5.62619172,0.3065656995,4.566238825,26.44391404,1.662020577,178.6955817,804.608309,0.5281239018,2022,11.49776048,123.1192622,Carles,"{""type"":""Polygon"",""coordinates"":[[[123.11779073247746,11.497176086884245],[123.11833090625014,11.497176098379448],[123.11833090625014,11.497445957939687],[123.11913858667603,11.497445960169417],[123.11913858667603,11.497715818625316],[123.11994626048006,11.497715815822836],[123.11994626048006,11.497445959325617],[123.12075916275855,11.497445965373396],[123.12075916275855,11.49771581989923],[123.12048650825513,11.497715808275721],[123.12048650825513,11.497985739548822],[123.11994626048006,11.497985748406492],[123.11994626048006,11.49825560661248],[123.11887107706117,11.498255546626924],[123.11887107706117,11.497985685813738],[123.11833090625014,11.497985679623056],[123.11833090625014,11.497715818354228],[123.11806339444213,11.49771582456577],[123.11806339444213,11.497445963502491],[123.11779073247746,11.497445947754366],[123.11779073247746,11.497176086884245]]]}"
00fa0000000000005009,BALASAN-039,3754.27184,1.811483075,-1.308529444,0.1856794099,2.34020317,26.44391404,1.662020577,270.1750876,327.5440472,0.3100555799,2022,11.49046014,123.1220078,Balasan,"{""type"":""Polygon"",""coordinates"":[[[123.12129417100711,11.490171742257717],[123.12156682327483,11.490171771328455],[123.12156682327483,11.489901867427859],[123.12183432556883,11.489901875587542],[123.12183432556883,11.489632048414652],[123.1221070621613,11.489631991961149],[123.1221070621613,11.489362166304712],[123.1226420630881,11.489362183521267],[123.1226420630881,11.489632007880207],[123.122374562988,11.489632000089168],[123.122374562988,11.489901901175056],[123.1221070621613,11.489901893695965],[123.1221070621613,11.490171721062243],[123.12183432556883,11.490171778839217],[123.12183432556883,11.490711437459378],[123.122374562988,11.490711459116055],[123.122374562988,11.490441555464892],[123.1231822960764,11.490441582221548],[123.1231822960764,11.49071140868967],[123.1226420630881,11.490711464311726],[123.1226420630881,11.490981292945005],[123.1221070621613,11.490981283514174],[123.1221070621613,11.491247202612268],[123.12129417100714,11.491247156440615],[123.12129417100711,11.490171742257717]]]}"
00fa0000000000005096,CARLES-065,3754.27184,0.1224745217,-0.6506921303,0.1178774624,0.5268203433,26.44391404,1.662020577,0,399.6810464,0.4043223091,2022,11.51932406,123.1040486,Carles,"{""type"":""Polygon"",""coordinates"":[[[123.10296904240808,11.520083422606707],[123.10324174536738,11.520083401966208],[123.10324174536738,11.519813584758786],[123.10350921156031,11.519813555085271],[123.10350921156031,11.519547653016579],[123.10377676286406,11.519547612693254],[123.10377676286406,11.519007909844415],[123.10404946359056,11.51900789079818],[123.10404946359056,11.518198232007846],[123.10458962682672,11.518198262696735],[123.10458962682672,11.518468146798824],[123.10512463701298,11.518468154485383],[123.10512463701298,11.519007847393302],[123.1043169275935,11.519007862040496],[123.1043169275935,11.519277749360638],[123.10404946359056,11.519277778766552],[123.10404946359056,11.519813568366272],[123.10377676286406,11.519813589385398],[123.10377676286406,11.52062319020117],[123.10324174536738,11.520623189463581],[123.10324174536738,11.52035329528871],[123.10296904240808,11.520353316590093],[123.10296904240808,11.520083422606707]]]}"
00fa00000000000050a5,CARLES-066,3754.27184,3.769656898,-2.970579875,0.2067250788,2.628700241,26.44391404,1.662020577,1065.673792,382.9691882,0.5185776611,2022,11.49792504,123.1310097,Carles,"{""type"":""Polygon"",""coordinates"":[[[123.13045674446708,11.49879526889643],[123.13045674446708,11.49852543447481],[123.1307293713616,11.498525431305417],[123.1307293713616,11.498255598399309],[123.13099693457349,11.498255563987215],[123.13099693457349,11.497985732584443],[123.1307293713616,11.49798569112249],[123.1307293713616,11.497715859924973],[123.13018926559961,11.497715807378448],[123.13018926559958,11.497445975725114],[123.12992170019186,11.497446007171442],[123.12992170019186,11.497176100498475],[123.1307293713616,11.497176124868421],[123.1307293713616,11.497445954357266],[123.13180459691876,11.497446015435445],[123.13180459691876,11.49825557642715],[123.13153712171471,11.498255600916982],[123.13153712171471,11.49852543186362],[123.13126955997154,11.498525467605885],[123.13126955997154,11.498795300055848],[123.13045674446708,11.49879526889643]]]}"
00fa00000000000051e5,CARLES-067,3754.27184,2.094779772,-8.74003448,0.3358411367,2.015543506,26.44391404,1.662020577,77.18031237,6054.144299,0.3366475096,2022,11.52739466,123.1805954,Carles,"{""type"":""Polygon"",""coordinates"":[[[123.18004566074104,11.526282863385566],[123.18031317538063,11.526282838747022],[123.18031317538063,11.526012963225904],[123.18058592119937,11.526012946040773],[123.18058592119937,11.526282820899157],[123.18085343436388,11.526282870793967],[123.18085343436388,11.527362376152288],[123.18112609291013,11.527362441155711],[123.18112609291013,11.528168090616594],[123.18085343436388,11.528168102807768],[123.18085343436388,11.528707865690196],[123.18031317538063,11.528707920655712],[123.18031317538063,11.526822667563255],[123.18004566074104,11.526822618285147],[123.18004566074104,11.526282863385566]]]}"
00fa00000000000051f8,CARLES-068,3754.27184,1.521353482,-2.597256843,0.2260346128,1.796242934,26.44391404,1.662020577,29.92947419,3050.66146,0.339671364,2022,11.50153918,123.1632155,Carles,"{""type"":""Polygon"",""coordinates"":[[[123.16280096230054,11.499335026859512],[123.16306843820573,11.49933502463391],[123.16306843820573,11.500410526473274],[123.16333599916597,11.500410510369216],[123.16333599916597,11.50175984831959],[123.16387618013171,11.50175983920184],[123.16387618013171,11.502029677960667],[123.16360862064437,11.502029698645574],[123.16360862064437,11.503375072924761],[123.16333599916597,11.50337506597052],[123.16333599916597,11.503105146433825],[123.16306843820573,11.503105169027528],[123.16306843820573,11.501220113588836],[123.16280096230054,11.501220120352684],[123.16280096230054,11.499335026859512]]]}"
00fa00000000000053f3,CARLES-069,3754.27184,0.6341702904,-3.058439361,0.2458398085,1.090152331,26.44391404,1.662020577,0.01462358015,0,0.224032681,2022,11.51425255,123.1053679,Carles,"{""type"":""Polygon"",""coordinates"":[[[123.10404946359056,11.5136182124225],[123.1043169275935,11.513618271866633],[123.1043169275935,11.513348402426555],[123.10485717520014,11.513348369752796],[123.10485717520014,11.513618237883565],[123.10539733401318,11.513618213470235],[123.10539733401318,11.513888156400757],[123.10566488019569,11.513888127293173],[123.10566488019569,11.514157995172237],[123.10620503458541,11.51415796608277],[123.10620503458541,11.514423920196002],[123.10674518601681,11.514423888440332],[123.10674518601681,11.514693755394301],[123.10647257857691,11.514693756396479],[123.10647257857691,11.514963624863833],[123.10593748986811,11.51496368994851],[123.10593748986811,11.515233560565534],[123.10566488019569,11.51523356185044],[123.10566488019569,11.514693744891265],[123.10485717520014,11.514693805565356],[123.10485717520014,11.514423934035813],[123.10458962682675,11.514423888154633],[123.10458962682675,11.513888134955502],[123.10404946359056,11.513888158620286],[123.10404946359056,11.5136182124225]]]}"
00fa00000000000056f8,CARLES-070,3754.27184,2.801734104,8.065854229,0.2903899586,3.244264571,26.44391404,1.662020577,1056.580876,5224.085739,0.5242196042,2022,11.47453228,123.1888052,Carles,"{""type"":""Polygon"",""coordinates"":[[[123.18705269079973,11.474540480717161],[123.18759282684881,11.474540457553728],[123.18759282684881,11.474810302750395],[123.18813304568084,11.474810265964404],[123.18813304568084,11.474540497246844],[123.18840053823321,11.474540436728953],[123.18840053823321,11.473730912172847],[123.1892082429546,11.473730969335419],[123.1892082429546,11.47400080803322],[123.19001594101258,11.47400078499795],[123.19001594101258,11.474270622588321],[123.19028865981186,11.474270644850728],[123.19028865981186,11.4748103212757],[123.18866811581677,11.474810282684928],[123.18866811581677,11.475349970418867],[123.18813304568084,11.47534995630061],[123.18813304568084,11.4750801107041],[123.18705269079973,11.47508017459442],[123.18705269079973,11.474540480717161]]]}"
00fa000000000000575e,CARLES-071,3754.27184,3.713837183,-9.607203275,0.3287131726,2.105886247,26.44391404,1.662020577,0,3428.676626,5.128534622,2022,11.53860008,123.14815,Carles,"{""type"":""Polygon"",""coordinates"":[[[123.14716642439117,11.538142279468822],[123.14743909076397,11.538142297204473],[123.14743909076397,11.537332622368515],[123.1482467896698,11.537332567389365],[123.1482467896698,11.537872396007387],[123.14851430522216,11.537872394651561],[123.14851430522216,11.538412225376609],[123.14878696785476,11.538412165464596],[123.14878696785476,11.539217927755308],[123.14905456773297,11.539217911497403],[123.14905456773297,11.539757748087519],[123.14797412553825,11.539757746762579],[123.14797412553825,11.539487825419895],[123.14770660851524,11.539487829977999],[123.14770660851524,11.539217908837356],[123.14797412553825,11.53921790492846],[123.14797412553825,11.538948060537594],[123.14770660851524,11.538947988547989],[123.14770660851524,11.53841221396921],[123.14716642439117,11.53841219852791],[123.14716642439117,11.538142279468822]]]}"
00fa0000000000005761,CARLES-072,3754.27184,4.201859527,-15.79577042,0.3082514856,2.305047273,26.44391404,1.662020577,0,3161.64056,0.336538485,2022,11.53574079,123.1472393,Carles,"{""type"":""Polygon"",""coordinates"":[[[123.14635871660535,11.534367669883595],[123.14716642439117,11.53436771580715],[123.14716642439117,11.534637622958947],[123.14743909076397,11.534637574039447],[123.14743909076397,11.535177389574104],[123.14770660851524,11.535177395721723],[123.14770660851524,11.535987048215867],[123.14797412553825,11.535987052077825],[123.14797412553825,11.53706271026419],[123.14716642439117,11.537062686994355],[123.14716642439117,11.536522933488735],[123.14689890516932,11.536522929894288],[123.14689890516932,11.536253016145386],[123.1466262372977,11.53625299308234],[123.1466262372977,11.535987067646088],[123.14689890516932,11.535987091360967],[123.14689890516932,11.535717179302466],[123.1466262372977,11.535717154925981],[123.1466262372977,11.53463758780734],[123.14635871660535,11.53463757899532],[123.14635871660535,11.534367669883595]]]}"
00fa00000000000057cb,CARLES-073,3754.27184,0.4433406114,-10.4956666,0.4519428725,1.503408389,26.44391404,1.662020577,0,6996.072165,0.3412301688,2022,11.58030084,123.147721,Carles,"{""type"":""Polygon"",""coordinates"":[[[123.14689890516932,11.579912213576984],[123.14716642439117,11.579912188104771],[123.14716642439117,11.579642288972586],[123.14770660851524,11.579642254763888],[123.14770660851524,11.579372282504469],[123.14797412553825,11.579372332590411],[123.14797412553823,11.57910236182786],[123.1482467896698,11.579102353406169],[123.1482467896698,11.578836449495364],[123.14878696785476,11.578836416430917],[123.14878696785476,11.579372287841448],[123.14851430522216,11.57937229762306],[123.14851430522216,11.579912163786382],[123.14797412553825,11.579912201374439],[123.14797412553825,11.581527837879849],[123.14770660851524,11.581527868260922],[123.14770660851524,11.581797772003863],[123.14716642439117,11.58179781667591],[123.14716642439117,11.581261922339587],[123.14689890516932,11.581261875769465],[123.14689890516932,11.580991971750354],[123.14716642439117,11.580991943682362],[123.14716642439117,11.580452064198054],[123.14689890516932,11.580452090968153],[123.14689890516932,11.579912213576984]]]}"
00fa00000000000058b7,BALASAN-040,3754.27184,4.256351993,-2.406427819,0.251931337,2.803404702,26.44391404,1.662020577,655.7462639,38.28236788,0.5299934221,2022,11.49278112,123.1350554,Balasan,"{""type"":""Polygon"",""coordinates"":[[[123.13288504517918,11.492596445319265],[123.13315251671919,11.492596432741754],[123.13315251671919,11.492326624487431],[123.13423286436878,11.492326593147949],[123.13423286436878,11.492056788369256],[123.13477303374486,11.492056771948818],[123.13477303374486,11.492326650634093],[123.135580750902,11.492326605605077],[123.13558075090197,11.492596483185045],[123.13638846142698,11.49259643312343],[123.13638846142698,11.492866309598027],[123.13692870477358,11.492866348040288],[123.13692870477358,11.493406025715734],[123.13530813744943,11.493406042689493],[123.13530813744943,11.493136161883236],[123.13477303374486,11.493136216602139],[123.13477303374486,11.492866335352081],[123.13288504517918,11.492866330295957],[123.13288504517918,11.492596445319265]]]}"
00fa00000000000058ba,BALASAN-041,3754.27184,3.234564071,-2.952676401,0.2483722425,3.185506291,26.44391404,1.662020577,0,0,0.454471584,2022,11.48995563,123.1146569,Balasan,"{""type"":""Polygon"",""coordinates"":[[[123.11321201002227,11.48828272722707],[123.11455984102457,11.488282740159775],[123.11455984102457,11.488822497320411],[123.11482736234431,11.488822441674017],[123.11482736234431,11.489901888432652],[123.11510003250908,11.489901851240816],[123.11510003250908,11.490171770827985],[123.11482736234431,11.490171733452577],[123.11482736234431,11.490441579327316],[123.11510003250908,11.490441616041672],[123.11510003250908,11.490711462110156],[123.11536755236243,11.490711476470198],[123.11536755236243,11.490981322744817],[123.11563507148958,11.490981336119143],[123.11563507148958,11.491247195455799],[123.11590773941947,11.491247153930281],[123.11590773941947,11.491517075820997],[123.11563507148958,11.491517042778646],[123.11563507148958,11.492056739988492],[123.11510003250908,11.492056793303032],[123.11510003250908,11.490981309033424],[123.11482736234431,11.490981273641186],[123.11482736234431,11.490711426056862],[123.11428725519214,11.490711438570235],[123.11428725519214,11.489632051542245],[123.11401973240629,11.489632033226586],[123.11401973240629,11.48882249998571],[123.11375220889428,11.488822479387144],[123.11375220889425,11.488552636034719],[123.11321201002227,11.488552646262573],[123.11321201002227,11.48828272722707]]]}"
00fa00000000000058e4,BALASAN-042,3754.27184,2.26997273,-1.110074753,0.1663492829,1.974837914,26.44391404,1.662020577,0.1549671852,0,0.429180904,2022,11.4708502,123.1177567,Balasan,"{""type"":""Polygon"",""coordinates"":[[[123.11590773941947,11.46861196782812],[123.11644277401454,11.46861202521648],[123.11644277401454,11.469421498984843],[123.11752321920277,11.469421485151345],[123.11752321920277,11.470496823983407],[123.11779073247746,11.470496883886518],[123.11779073247746,11.470766660193394],[123.11806339444213,11.470766666097065],[123.11806339444213,11.471036517808473],[123.11833090625014,11.471036500525006],[123.11833090625014,11.471576205219568],[123.11860356671991,11.471576208446535],[123.11860356671988,11.47211591524443],[123.11994626048006,11.47211590638336],[123.11994626048006,11.472385757809839],[123.11967875305845,11.472385705160116],[123.11967875305845,11.472655558091857],[123.11860356671991,11.472655550257643],[123.11860356671991,11.472385694717689],[123.11806339444213,11.472385714003021],[123.11806339444213,11.471576223801009],[123.11779073247746,11.47157621988155],[123.11779073247746,11.471036512566208],[123.11752321920277,11.471036529170377],[123.11752321920277,11.470766676148594],[123.11725561937745,11.470766702678649],[123.11725561937745,11.469957222014552],[123.1169829551773,11.469957213091437],[123.1169829551773,11.46969134827108],[123.11590773941947,11.469691298159114],[123.11590773941947,11.46861196782812]]]}"
00fa0000000000005a32,BALASAN-043,3754.27184,1.60261927,-3.581834317,0.2108447088,2.474101014,26.44391404,1.662020577,83.79320131,333.2899363,0.4628576829,2022,11.48431275,123.1125311,Balasan,"{""type"":""Polygon"",""coordinates"":[[[123.11159654539706,11.482623835475163],[123.11186407475977,11.48262387368778],[123.1118640747598,11.482354045401392],[123.11240428101907,11.48235399346599],[123.11240428101907,11.483433381728046],[123.11267180818963,11.483433416977704],[123.1126718081896,11.48451281633196],[123.11347953500054,11.484512783500872],[123.11347953500054,11.486397783401573],[123.11293933463406,11.486397782475986],[123.11293933463406,11.485052514549446],[123.1126718081896,11.485052483528364],[123.11267180818963,11.484782649502563],[123.11213160339645,11.484782638683104],[123.11213160339645,11.48451280420272],[123.11159654539706,11.484512812420423],[123.11159654539706,11.483973068205215],[123.11186407475977,11.483973103174929],[123.11186407475977,11.483703270611715],[123.11159654539706,11.48370323499345],[123.11159654539706,11.483163571135792],[123.11213160339645,11.48316356940515],[123.11213160339645,11.482893740056616],[123.11159654539706,11.482893740489926],[123.11159654539706,11.482623835475163]]]}"
00fa0000000000005c37,CARLES-074,3754.27184,1.942303236,-2.885044967,0.2206168544,3.203683137,26.44391404,1.662020577,0,105.1461313,0.2965404982,2022,11.49492396,123.1042995,Carles,"{""type"":""Polygon"",""coordinates"":[[[123.10458962682675,11.495830801566022],[123.10458962682672,11.494481521774812],[123.10404946359056,11.494481526541783],[123.10404946359056,11.494751336956538],[123.10377676286406,11.494751371843453],[123.10377676286406,11.495021183773275],[123.10270157475065,11.495021214487828],[123.10270157475065,11.495291105118822],[123.10243402053092,11.495291085804043],[123.10243402053092,11.49475137934081],[123.10296904240808,11.494751355914326],[123.10296904240808,11.494481467640725],[123.10324174536738,11.494481509692557],[123.10324174536738,11.493945724745103],[123.10377676286406,11.49394577839459],[123.10377676286406,11.493675894629854],[123.10458962682672,11.493675861519497],[123.10458962682672,11.493945743313686],[123.10485717520014,11.493945763144321],[123.10485717520014,11.493675881998643],[123.10539733401318,11.493675879085695],[123.10539733401318,11.49448153349611],[123.10512463701298,11.494481494213765],[123.10512463701298,11.49637054301617],[123.10485717520014,11.49637051841873],[123.10485717520014,11.496640332855335],[123.10512463701298,11.496640356804676],[123.10512463701298,11.496910246688381],[123.10458962682675,11.496910210680047],[123.10458962682672,11.496370504414584],[123.1043169275935,11.496370543961746],[123.1043169275935,11.496640359707685],[123.10404946359056,11.496640334740492],[123.10404946359056,11.495830812879396],[123.10458962682675,11.495830801566022]],[[123.10485717520014,11.495830816867025],[123.10485717520014,11.496100629595407],[123.10458962682675,11.496100614942737],[123.10458962682675,11.495830801566022],[123.10485717520014,11.495830816867025]],[[123.10377676286406,11.494481485527734],[123.10377676286406,11.494211675306374],[123.10404946359056,11.494211641741574],[123.10404946359056,11.494481526541783],[123.10377676286406,11.494481485527734]]]}"
00fa0000000000005c86,CARLES-075,3754.27184,1.793509669,-0.3681925662,0.2640412542,1.633772462,26.44391404,1.662020577,1239.313594,1571.509882,0.3185079266,2022,11.50911475,123.1353122,Carles,"{""type"":""Polygon"",""coordinates"":[[[123.13423286436878,11.508228757141842],[123.13450041805395,11.508228694317474],[123.13450041805395,11.507958839857332],[123.13504058596098,11.507958820744284],[123.13504058596098,11.508228749124886],[123.13530813744943,11.508228685281825],[123.13530813744943,11.508498613866891],[123.135580750902,11.508498580017859],[123.13558075090197,11.508764521546698],[123.13584830092128,11.50876445573323],[123.13584830092128,11.508498590074973],[123.13638846142698,11.508498564907237],[123.13638846142698,11.508228714174127],[123.13665600924936,11.508228723861126],[123.13665600924936,11.507958874630551],[123.13719616531951,11.507958850026673],[123.13719616531951,11.508498621949851],[123.13692870477358,11.508498602642456],[123.13692870477358,11.508764465718258],[123.13638846142698,11.508764504504835],[123.13638846142698,11.50903435693243],[123.13612099868473,11.509034337894189],[123.13612099868473,11.509304267055237],[123.13584830092128,11.509304239293915],[123.13584830092128,11.509574094738879],[123.13558075090197,11.509574087268652],[123.13558075090197,11.509844019448122],[123.13504058596098,11.50984397386022],[123.13504058596098,11.510113832971559],[123.13530813744943,11.510113839825248],[123.13530813744943,11.510923495565166],[123.13504058596098,11.510923490658888],[123.13504058596098,11.510653628987358],[123.13477303374486,11.510653623094314],[123.13477303374484,11.510383761627011],[123.13450041805395,11.510383723825564],[123.13450041805395,11.509844002128437],[123.13423286436878,11.509843993606363],[123.13423286436878,11.508764482624306],[123.13450041805395,11.508764493742785],[123.13450041805395,11.50849854963108],[123.13423286436878,11.508498613104736],[123.13423286436878,11.508228757141842]]]}"
00fa0000000000005cf1,CARLES-076,3754.27184,0.70574213,-4.271540556,0.3366141503,2.709213691,26.44391404,1.662020577,955.5319477,5885.117854,0.4451765522,2022,11.48061391,123.194959,Carles,"{""type"":""Polygon"",""coordinates"":[[[123.1964827738756,11.481818282111842],[123.19514001159354,11.48181828197153],[123.19514001159354,11.481548432883901],[123.19432712464315,11.481548446283146],[123.19432712464315,11.481008746722624],[123.19379208543947,11.481008774143135],[123.19379208543947,11.480738924346042],[123.19351946215896,11.480738911534623],[123.19351946215896,11.480469061930906],[123.19379208543947,11.480469075405338],[123.19379208543947,11.480199227321044],[123.19405964828556,11.480199210259684],[123.19405964828556,11.479929363682627],[123.19432712464315,11.479929357878168],[123.19432712464315,11.479123808991066],[123.19514001159354,11.47912381335666],[123.19514001159354,11.479389671012221],[123.19540748499819,11.479389665148698],[123.19540748499819,11.47965950673461],[123.19567504342747,11.479659488940582],[123.19567504342747,11.479929330732123],[123.19514001159354,11.479929356341652],[123.19514001159354,11.480199200291034],[123.19567504342747,11.480199173380095],[123.19567504342747,11.48046909204993],[123.19540748499819,11.480469036630998],[123.19540748499819,11.480738881642624],[123.19567504342747,11.480738936410958],[123.19567504342747,11.48100878162837],[123.19594774645832,11.481008704899725],[123.19594774645832,11.481278550309968],[123.1964827738756,11.48127859132478],[123.1964827738756,11.481818282111842]]]}"
00fa0000000000005d1a,BALASAN-044,3754.27184,2.970723979,-1.543007539,0.1986246921,1.546633438,26.44391404,1.662020577,365.3071997,313.117239,0.3700004929,2022,11.48132698,123.1326074,Balasan,"{""type"":""Polygon"",""coordinates"":[[[123.13153712171471,11.480738879281478],[123.1320773058906,11.480738924691169],[123.13207730589063,11.48046907619579],[123.13234477962635,11.480469093803315],[123.13234477962635,11.480199246812806],[123.13261748710116,11.480199200005941],[123.13261748710113,11.479929354533224],[123.13288504517918,11.479929361834637],[123.13288504517918,11.479659517867068],[123.13342522195529,11.47965948988588],[123.13342522195529,11.479389648085174],[123.13369269202684,11.47938966659225],[123.13369269202686,11.480199192614933],[123.13342522195529,11.48019917605496],[123.13342522195526,11.480469020423298],[123.13288504517918,11.480469052337396],[123.13288504517918,11.480738898872554],[123.13315251671919,11.480738914814337],[123.13315251671919,11.481278609154032],[123.13288504517918,11.481278594510318],[123.13288504517918,11.481548443612896],[123.13315251671919,11.48154845760757],[123.13315251671919,11.48181830691688],[123.13342522195529,11.481818255102223],[123.13342522195529,11.48235396887404],[123.13315251671919,11.482354022002825],[123.13315251671919,11.482893726586244],[123.13234477962635,11.482893693864238],[123.13234477962635,11.48262383918464],[123.13180459691876,11.482623878820931],[123.13180459691876,11.481548449526183],[123.13153712171471,11.48154843383463],[123.13153712171471,11.480738879281478]]]}"
00fa0000000000005f5d,BALASAN-045,3754.27184,4.807013429,-1.232816,0.1470541279,3.627740144,26.44391404,1.662020577,0,0,0.4284585431,2022,11.47353713,123.1220388,Balasan,"{""type"":""Polygon"",""coordinates"":[[[123.12426266734391,11.475619783791151],[123.12372244028244,11.475619844074203],[123.12372244028244,11.47534999154562],[123.1234497939825,11.475350004132203],[123.1234497939825,11.475619782112263],[123.12291471162432,11.475619862183631],[123.12291471162432,11.475350007695347],[123.1231822960764,11.475349963018525],[123.1231822960764,11.475080110035828],[123.122374562988,11.475080122173669],[123.122374562988,11.474810268087582],[123.12183432556883,11.474810319641737],[123.12183432556883,11.474540465101137],[123.12129417100711,11.474540427845934],[123.12129417100711,11.47400079392318],[123.12102666724608,11.474000746852639],[123.12102666724608,11.47319126283852],[123.12075916275855,11.473191288694705],[123.12075916275855,11.47292542278575],[123.12102666724608,11.472925397569021],[123.12102666724608,11.47265554705082],[123.12129417100714,11.472655597355628],[123.12129417100714,11.47238574834268],[123.12156682327483,11.472385745786301],[123.12156682327483,11.471846051652749],[123.12102666724608,11.471846075843336],[123.12102666724608,11.471576228750807],[123.12075916275855,11.471576175514269],[123.12075916275855,11.471846023255585],[123.12021891647892,11.471846056307967],[123.12021891647889,11.471576207255936],[123.12048650825513,11.471576175050757],[123.12048650825513,11.471306402712743],[123.12075916275855,11.471306403837517],[123.12075916275855,11.47103655780903],[123.12129417100714,11.471036516125315],[123.12129417100714,11.471306360855744],[123.12183432556883,11.471306413814235],[123.12183432556883,11.471576182883384],[123.1221070621613,11.47157617070553],[123.1221070621613,11.472385706688831],[123.12183432556883,11.472385720851833],[123.12183432556883,11.474000758588916],[123.1226420630881,11.47400075634153],[123.1226420630881,11.474270607209847],[123.12372244028244,11.474270589993985],[123.12372244028244,11.474540439097455],[123.1234497939825,11.474540449699491],[123.1234497939825,11.47481030032078],[123.12372244028244,11.474810289057231],[123.12372244028244,11.47508013987329],[123.12398993672129,11.47508018095598],[123.12398993672129,11.475349956770016],[123.12426266734391,11.47535000778269],[123.12426266734391,11.475619783791151]]]}"
00fa0000000000005fe6,CARLES-077,3754.27184,4.546290323,6.934954379,0.3887051651,2.238829247,26.44391404,1.662020577,0,24757.07984,0.3432136578,2022,11.59454133,123.3395256,Carles,"{""type"":""Polygon"",""coordinates"":[[[123.3377024469933,11.595545212377937],[123.33796995670599,11.595545216625473],[123.33796995670599,11.595275281335791],[123.33823746567815,11.59527528589623],[123.33823746567813,11.594735343998536],[123.33851019733459,11.594735349509483],[123.33851019733459,11.593655553727496],[123.33931785529475,11.593655512022734],[123.33931785529475,11.593385585962409],[123.34093323658995,11.593385636437803],[123.34093323658992,11.593119623798565],[123.34255381408221,11.593119590549614],[123.34255381408221,11.593385599288494],[123.34201368168998,11.593385580609931],[123.34201368168998,11.593925495578283],[123.34066573508102,11.59392547711963],[123.34066573508102,11.593655553502384],[123.34039309513697,11.593655537032218],[123.34039309513697,11.593925461315202],[123.34012559213254,11.59392553139736],[123.34012559213254,11.594195457182018],[123.3398580883875,11.594195452410144],[123.3398580883875,11.595275241812123],[123.33931785529475,11.595275236535146],[123.33931785529475,11.595005305385119],[123.33905034931347,11.595005301545624],[123.33905034931347,11.596351135371018],[123.3377024469933,11.596351116405533],[123.3377024469933,11.595545212377937]],[[123.34147346065038,11.593655567596953],[123.34120596063727,11.593655563232854],[123.34120596063727,11.593385566617073],[123.34147346065038,11.593385571634585],[123.34147346065038,11.593655567596953]]]}"
00fa0000000000006048,CARLES-078,3754.27184,2.218635251,-41.04089997,0.2629631874,2.079056417,26.44391404,1.662020577,0.02092972921,1920.912815,0.3913597052,2022,11.52249112,123.1407542,Carles,"{""type"":""Polygon"",""coordinates"":[[[123.13827655436639,11.518198233666531],[123.13908424275326,11.518198213080979],[123.13908424275326,11.518738040588136],[123.13935178324225,11.518738021593034],[123.13935178324225,11.51927777597566],[123.13961932300336,11.519277755344405],[123.13961932300336,11.519813524219641],[123.13989201031103,11.519813521365204],[123.13989201031103,11.52062323571839],[123.14043214860779,11.520623216596753],[123.14043214860779,11.521432859453459],[123.14069968542945,11.5214328322738],[123.14069968542945,11.521702714281894],[123.14096722152317,11.521702761354081],[123.14096722152317,11.52224252662979],[123.14123981928942,11.522242527050093],[123.14123981928942,11.523048191660253],[123.14150735391343,11.523048159574733],[123.14150735391343,11.523318044725336],[123.14178003598506,11.523318106088247],[123.14178003598506,11.524667541319573],[123.14231510156507,11.524667467654913],[123.14231510156507,11.525207245116603],[123.14258778139633,11.525207300808804],[123.14258778139633,11.525743092566563],[123.1428552265503,11.525743063263963],[123.1428552265503,11.526552736992372],[123.14231510156507,11.526552715847512],[123.14231510156507,11.526012929888662],[123.14204756913907,11.526012970126681],[123.14204756913907,11.5254731862781],[123.14178003598506,11.525473224879736],[123.14178003598504,11.525207246136949],[123.14150735391343,11.525207264645607],[123.14150735391343,11.524937373528623],[123.14123981928942,11.524937410158923],[123.14123981928942,11.524127739973974],[123.14096722152317,11.524127744173933],[123.14096722152317,11.523318079675754],[123.14069968542945,11.523318036487973],[123.14069968542945,11.523048224617911],[123.14043214860779,11.523048180443137],[123.14043214860779,11.522242509982938],[123.14069968542945,11.522242480855596],[123.14069968542945,11.521972597142499],[123.14043214860779,11.52197262562061],[123.14043214860779,11.521702742110778],[123.140159462798,11.521702750292162],[123.140159462798,11.521432866973191],[123.13989201031103,11.52143288250696],[123.13989201031103,11.520893117128681],[123.13961932300336,11.520893122629854],[123.13961932300336,11.520623165319101],[123.13935178324225,11.520623189186768],[123.13935178324225,11.520083426302767],[123.13908424275326,11.520083448534248],[123.13908424275326,11.51954767538869],[123.13881163901118,11.519547665589908],[123.13881163901118,11.518738028805233],[123.13854409705269,11.518737971880459],[123.13854409705269,11.518468094008718],[123.13827655436639,11.518468111334705],[123.13827655436639,11.518198233666531]]]}"
00fa000000000000607d,BATAD-003,3754.27184,5.14737313,10.28634065,0.4533414074,2.454598778,26.44391404,1.662020577,0.09276646939,194.6909183,0.388556597,2022,11.41114915,123.1304479,Batad,"{""type"":""Polygon"",""coordinates"":[[[123.12884130521066,11.41094071350493],[123.12911402239396,11.41094069077762],[123.12911402239396,11.410670906867287],[123.12992170019186,11.410670886108731],[123.12992170019186,11.410401105021242],[123.13018926559961,11.410401132708733],[123.13018926559961,11.410131353132451],[123.1307293713616,11.41013138005409],[123.1307293713616,11.40986160265085],[123.13207730589063,11.409861584775848],[123.13207730589063,11.410131358905788],[123.13234477962635,11.410131320258712],[123.13234477962635,11.410940721015688],[123.13180459691876,11.410940712973508],[123.13180459691876,11.41121049121202],[123.13153712171471,11.411210456634473],[123.13153712171471,11.41148023638392],[123.13099693457349,11.411480228923194],[123.13099693457349,11.411750010845866],[123.1307293713616,11.41175006256646],[123.1307293713616,11.412015863119027],[123.13018926559961,11.412015845358182],[123.13018926559961,11.412285630952438],[123.12992170019186,11.41228560780278],[123.12992170019186,11.412555394908138],[123.12964907105999,11.41255541176738],[123.12964907105999,11.41282520039623],[123.12884130521066,11.412825171497706],[123.12884130521066,11.412285666329062],[123.12911402239396,11.412285640300128],[123.12911402239396,11.411480261182929],[123.12884130521066,11.411480285234799],[123.12884130521066,11.41094071350493]]]}"
00fa000000000000627f,CARLES-079,3754.27184,2.760587727,-10.97042969,0.3191214337,1.677485983,26.44391404,1.662020577,0,2331.475341,0.3628056123,2022,11.52974334,123.1442437,Carles,"{""type"":""Polygon"",""coordinates"":[[[123.14123981928942,11.527092505006676],[123.14204756913907,11.5270925480502],[123.14204756913907,11.527362444661465],[123.1428552265503,11.52736241839028],[123.1428552265503,11.52709252373884],[123.14339543436944,11.527092529914597],[123.14339543436944,11.527362423255239],[123.14366296312738,11.52736237806816],[123.14366296312738,11.527632271611601],[123.14420316650767,11.527632273104887],[123.14420316650767,11.528168072281112],[123.14447069306728,11.528168099377588],[123.14447069306728,11.528437993504726],[123.1447433669192,11.528437963259023],[123.1447433669192,11.529247648767244],[123.1450108920085,11.529247672584532],[123.1450108920085,11.529787465885025],[123.14528356436176,11.52978743163479],[123.14528356436176,11.530327227019452],[123.14555108798075,11.530327247557475],[123.14555108798075,11.531132957141066],[123.14581852507213,11.531132911133502],[123.14581852507213,11.531942614333708],[123.14609119518475,11.531942649003255],[123.14609119518475,11.532752282639658],[123.14635871660535,11.532752296324244],[123.14635871660535,11.533022200338841],[123.1466262372977,11.533022213036022],[123.1466262372977,11.533558034312277],[123.14581852507213,11.533558055693026],[123.14581852507213,11.533022230525502],[123.14555108798075,11.533022205831235],[123.14555108798075,11.532212490463085],[123.14528356436176,11.532212474459156],[123.14528356436176,11.531942645635764],[123.1450108920085,11.531942609925387],[123.1450108920085,11.531672706047036],[123.1447433669192,11.531672688061969],[123.1447433669192,11.531132956807076],[123.14447069306728,11.531132918415931],[123.14447069306728,11.530327201006394],[123.14420316650767,11.530327254346755],[123.14420316650767,11.529517554682371],[123.14393563921993,11.529517530493129],[123.14393563921995,11.528707911792104],[123.14366296312738,11.528707866416285],[123.14366296312738,11.528168073390123],[123.14339543436944,11.52816812051554],[123.14339543436944,11.527902212492831],[123.14258778139633,11.527902169501253],[123.14258778139633,11.528168079454634],[123.14231510156507,11.528168106262637],[123.14231510156507,11.528707905830156],[123.14204756913907,11.528707877307168],[123.14204756913907,11.528437976448327],[123.14178003598506,11.528438022182282],[123.14178003598504,11.528168121526198],[123.14204756913907,11.528168076441533],[123.14204756913907,11.52790216519674],[123.14123981928942,11.527902203276193],[123.14123981928942,11.527092505006676]]]}"
00fa0000000000006289,ESTANCIA-012,3754.27184,4.966928515,-0.788614717,0.1484644785,3.351539198,26.44391404,1.662020577,0,321.6082069,0.3837674208,2022,11.46663012,123.126859,Estancia,"{""type"":""Polygon"",""coordinates"":[[[123.12453016231522,11.462413793409791],[123.12587801010389,11.462413800550966],[123.12587801010389,11.462953489060792],[123.12614558650328,11.462953470487784],[123.12614558650328,11.463758984656032],[123.12641822533863,11.463758997029881],[123.12641822533863,11.465108126749008],[123.1266857144537,11.465108113220651],[123.1266857144537,11.465917629468947],[123.12695328865784,11.465917602747124],[123.12695328865784,11.466187492694141],[123.12749341217679,11.466187480938752],[123.12749341217679,11.466457295232924],[123.12776613309458,11.4664572883536],[123.12776613309458,11.466723117282552],[123.12803361854714,11.466723173373696],[123.12803361854714,11.466992988058221],[123.12830118908754,11.466992957053575],[123.12830118908754,11.468072296962065],[123.12803361854714,11.46807233056432],[123.12803361854714,11.468611969358099],[123.12776613309458,11.46861199301017],[123.12776613309458,11.468881814341206],[123.12803361854714,11.46888179004002],[123.12803361854714,11.469691332427377],[123.12776613309458,11.469691358676116],[123.12776613309458,11.46942145957326],[123.12749341217679,11.469421473722708],[123.12749341217679,11.469691298285472],[123.12695328865784,11.469691327060422],[123.12695328865784,11.469151676170227],[123.1266857144537,11.469151635472919],[123.1266857144537,11.468881810663683],[123.12641822533863,11.468881833270215],[123.12641822533863,11.46753264362812],[123.12695328865784,11.467532668859352],[123.12695328865784,11.467262849839754],[123.12722592525635,11.467262852588169],[123.12722592525635,11.46699295988702],[123.12695328865784,11.4669929564769],[123.12695328865784,11.466723139171123],[123.12641822533863,11.466723185245138],[123.12641822533863,11.466457277893776],[123.12614558650328,11.466457272135234],[123.12614558650328,11.465108117682792],[123.12587801010389,11.465108141440997],[123.12587801010389,11.463759005167528],[123.12507029912778,11.463759020522524],[123.12507029912778,11.463493119225813],[123.12561051879435,11.46349311443024],[123.12561051879435,11.462953496390698],[123.12533787772229,11.46295348100715],[123.12533787772229,11.46268359741421],[123.12453016231522,11.462683602907841],[123.12453016231522,11.462413793409791]]]}"
00fa00000000000062f8,BALASAN-046,3754.27184,4.551359463,-9.760617678,0.2723671539,3.207688338,26.44391404,1.662020577,0,0,0.3923094612,2022,11.49848483,123.1070184,Balasan,"{""type"":""Polygon"",""coordinates"":[[[123.1043169275935,11.499604852795464],[123.10458962682675,11.499604880568969],[123.10458962682675,11.498795259243884],[123.10485717520014,11.498795267421578],[123.10485717520014,11.498525446165175],[123.10512463701298,11.498525465586429],[123.10512463701298,11.498255570589556],[123.10539733401318,11.498255600629346],[123.10539733401318,11.497445997989185],[123.10566488019569,11.497446008390883],[123.10566488019569,11.496640403137592],[123.10593748986811,11.496640372129294],[123.10593748986811,11.496100674106058],[123.10566488019569,11.496100628552485],[123.10566488019569,11.494481475782614],[123.10593748986811,11.494481525300044],[123.10593748986811,11.494211645076653],[123.10620503458541,11.494211662569679],[123.10620503458539,11.49798569037357],[123.10593748986811,11.497985681949613],[123.10593748986811,11.49825557412169],[123.10566488019569,11.498255533843539],[123.10566488019569,11.499065142225067],[123.10539733401318,11.499065135714098],[123.10539733401318,11.49960485512156],[123.10512463701298,11.499604903629645],[123.10512463701298,11.50041054080204],[123.10566488019569,11.50041049359843],[123.10566488019569,11.500140669188571],[123.10593748986811,11.500140629608211],[123.10593748986811,11.499874719364477],[123.10647257857691,11.499874726796373],[123.10647257857691,11.499604906039153],[123.1072802703434,11.499604873425984],[123.1072802703434,11.499334980238189],[123.10836064430133,11.49933504533927],[123.10836064430133,11.499065155624658],[123.10890078392576,11.49906519288892],[123.10890078392576,11.49879530533793],[123.10970854163459,11.498795258424565],[123.10970854163459,11.498525448925882],[123.11024867387515,11.498525410138624],[123.11024867387515,11.498255602803022],[123.11051620689562,11.498255605143932],[123.11051620689562,11.497985724072054],[123.11078373919011,11.497985726724346],[123.11078373919011,11.497715847155407],[123.11105642054106,11.497715871245257],[123.11105642054106,11.496640351717424],[123.11132395136957,11.49664035692227],[123.11132395136957,11.496910231776736],[123.11159654539706,11.49691026807881],[123.11159654539706,11.497715832957043],[123.1113239513696,11.497715873865195],[123.1113239513696,11.498255555999819],[123.11105642054106,11.49825555467696],[123.11105642054106,11.49852543529323],[123.11078373919011,11.498525413186325],[123.11078373919011,11.49879529531792],[123.11051620689562,11.498795294611314],[123.11051620689562,11.499065178245795],[123.10970854163459,11.499065144017079],[123.10970854163459,11.49933503046384],[123.10862809661293,11.49933505840028],[123.10862809661293,11.499604873079532],[123.10782041588564,11.499604910821832],[123.10782041588564,11.499874728312477],[123.10701272854298,11.499874764939063],[123.10701272854298,11.500140672614851],[123.10647257857691,11.50014063576214],[123.10647257857691,11.500410533457845],[123.10593748986811,11.500410528601051],[123.10593748986811,11.500680353204064],[123.10566488019569,11.500680394106192],[123.10566488019569,11.500950220223684],[123.10458962682672,11.50095025345017],[123.10458962682675,11.50068034948185],[123.1043169275935,11.500680399587152],[123.1043169275935,11.499604852795464]]]}"
00fa00000000000062f9,CARLES-080,3754.27184,2.423503801,-2.886501197,0.2210756416,2.79749376,26.44391404,1.662020577,0.01255525666,80.6746632,0.515729347,2022,11.49579607,123.0963009,Carles,"{""type"":""Polygon"",""coordinates"":[[[123.09165090453342,11.494481483322877],[123.09245863177073,11.494481479949044],[123.09245863177073,11.494751318448367],[123.09299877260311,11.494751352788407],[123.09299877260314,11.495021190833446],[123.09273127792574,11.49502122296252],[123.09273127792574,11.49529106250986],[123.09299877260311,11.495291104980632],[123.09299877260311,11.495560944734196],[123.09380648881503,11.49556092840486],[123.09380648881503,11.495830767055645],[123.09461419841936,11.495830820944214],[123.09461419841934,11.496100658492395],[123.0951544133032,11.496100669877652],[123.0951544133032,11.495830758391232],[123.09623474836003,11.495830790583378],[123.09623474836003,11.496100624205164],[123.09704243809728,11.496100666897712],[123.09704243809725,11.495560929176317],[123.09731000693547,11.495560954638615],[123.09731000693547,11.494751318786648],[123.09785020706663,11.494751329857415],[123.09785020706663,11.494481504420753],[123.09839031840049,11.494481526352688],[123.09839031840049,11.495291076543557],[123.09919807633851,11.495291105978078],[123.09919807633851,11.49502120685511],[123.09973826613545,11.495021211812828],[123.09973826613545,11.49475139009669],[123.10054592720155,11.49475135400253],[123.10054592720155,11.495021249004143],[123.10108610962018,11.495021250532327],[123.1010861096202,11.495291069836666],[123.10081348654127,11.495291091312033],[123.10081348654127,11.495560912131145],[123.10108610962018,11.49556096523787],[123.10108610962018,11.495830786250593],[123.10054592720155,11.495830788649643],[123.10054592720155,11.495560966327954],[123.10000574182578,11.495560966043614],[123.10000574182578,11.495291068023787],[123.09973826613545,11.495291034383078],[123.09973826613545,11.4955609330511],[123.09893051261882,11.495560907629121],[123.09893051261882,11.495830809109407],[123.09785020706663,11.495830790635672],[123.09785020706663,11.49610062034333],[123.09811768787412,11.49610065441907],[123.09811768787412,11.49637048433278],[123.09704243809728,11.49637049941675],[123.09704243809728,11.496640408036276],[123.09650231938762,11.49664039314521],[123.09650231938762,11.496910228681147],[123.09461419841936,11.496910251509616],[123.09461419841934,11.497176104299793],[123.09434670811842,11.497176143639889],[123.09434670811842,11.496910214962586],[123.09380648881503,11.496910205448406],[123.09380648881503,11.496640363381122],[123.0935389963258,11.496640400416878],[123.09353899632582,11.496370483306878],[123.09326635240107,11.49637049773446],[123.09326635240105,11.49610065606677],[123.09299877260314,11.496100626803646],[123.09299877260311,11.495830785341871],[123.09273127792574,11.495830819415579],[123.09273127792574,11.49556090291133],[123.09245863177073,11.49556091431991],[123.09245863177073,11.495291073257881],[123.09219104978402,11.495291116280494],[123.09219104978402,11.495021200175914],[123.09192355291856,11.495021231287641],[123.09192355291856,11.494751390637626],[123.09165090453342,11.49475132377901],[123.09165090453342,11.494481483322877]],[[123.09785020706663,11.495560961782088],[123.09758263969283,11.49556093700073],[123.09758263969283,11.495291108353001],[123.09785020706663,11.49529105853786],[123.09785020706663,11.495560961782088]]]}"
00fa0000000000006401,CARLES-081,3754.27184,0.9738525151,4.484824672,0.3819731886,1.977135336,26.44391404,1.662020577,385.7658428,5179.276488,0.3477823408,2022,11.48272396,123.1900874,Carles,"{""type"":""Polygon"",""coordinates"":[[[123.18705269079973,11.481278556389643],[123.18759282684881,11.48127857559889],[123.18759282684881,11.480199192990497],[123.18840053823321,11.480199206145322],[123.18840053823321,11.48046906734156],[123.18866811581677,11.480469056419837],[123.18866811581677,11.480738917821792],[123.18894075260889,11.480738936860268],[123.1889407526089,11.481008723285232],[123.1892082429546,11.481008721324232],[123.1892082429546,11.481548445782849],[123.18947581833072,11.481548431241022],[123.18947581833072,11.481818294104144],[123.18974845287366,11.481818309454207],[123.18974845287366,11.48208809733983],[123.19055614647478,11.482088163720201],[123.19055614647478,11.482354041628225],[123.19136383341188,11.482354027831185],[123.19136383341188,11.482623888659152],[123.19163654845605,11.482623888661813],[123.19163654845605,11.4828936745125],[123.19190403143581,11.48289373978308],[123.19190403143581,11.48316352583942],[123.19244422647846,11.483163587761814],[123.19244422647846,11.483703234985853],[123.19271170725104,11.48370322211753],[123.19271170725104,11.483973083948298],[123.19297927305077,11.483973059146324],[123.19297927305077,11.484512784074754],[123.193251897836,11.484512788307448],[123.193251897836,11.484782651392855],[123.19351946215896,11.48478262395798],[123.19351946215896,11.485052487248678],[123.19379208543947,11.485052489461836],[123.19379208543947,11.485318368882364],[123.19351946215896,11.48531836732246],[123.19351946215896,11.485588232312706],[123.19244422647846,11.485588231037923],[123.19244422647846,11.484512824998378],[123.19163654845605,11.484512783446172],[123.19163654845605,11.483703262712297],[123.19082363240678,11.483703278489765],[123.1908236324068,11.483433412923258],[123.19028865981186,11.483433432266567],[123.19028865981186,11.483163566255227],[123.18974845287366,11.48316357402051],[123.18974845287366,11.482893707551687],[123.18840053823321,11.482893722157261],[123.18840053823321,11.482623853266798],[123.18732018630344,11.482623841620613],[123.18732018630344,11.48181829150961],[123.18705269079973,11.481818293044402],[123.18705269079973,11.481278556389643]],[[123.1892082429546,11.482353979633027],[123.18947581833072,11.482354038320056],[123.18947581833072,11.482623828567975],[123.18894075260889,11.482623851557209],[123.1889407526089,11.482088103058485],[123.1892082429546,11.482088098495677],[123.1892082429546,11.482353979633027]]]}"
00fa0000000000006481,BALASAN-047,3754.27184,4.262480301,-10.74522134,0.3259447917,3.314804658,26.44391404,1.662020577,132.9888246,0,0.3007198294,2022,11.49304535,123.1118059,Balasan,"{""type"":""Polygon"",""coordinates"":[[[123.10997599029008,11.491247190404055],[123.10997599029008,11.490711458201496],[123.11024867387515,11.490711425253169],[123.11024867387515,11.490981283939234],[123.11105642054106,11.490981288603045],[123.11105642054106,11.491247158877405],[123.1113239513696,11.491247177044384],[123.11132395136957,11.491786893451188],[123.11159654539706,11.491786867065729],[123.11159654539706,11.49205672589023],[123.11213160339645,11.492056756634454],[123.11213160339645,11.492866334344537],[123.11240428101907,11.492866293348754],[123.11240428101907,11.4934060147729],[123.1126718081896,11.493406026052766],[123.1126718081896,11.493675887398151],[123.11482736234431,11.493675884438726],[123.11482736234431,11.493406028319956],[123.11510003250908,11.493406057772146],[123.11510003250908,11.492866349420575],[123.11563507148958,11.492866292213373],[123.11563507148958,11.493406073200859],[123.11536755236243,11.493406065655059],[123.11536755236243,11.494481502713578],[123.11510003250908,11.494481497415743],[123.11510003250908,11.494751356279027],[123.11375220889428,11.49475134988497],[123.11375220889428,11.49448148775357],[123.11240428101907,11.49448148046527],[123.11240428101907,11.494211615920152],[123.11213160339645,11.494211660212535],[123.11213160339645,11.493675919746511],[123.1118640747598,11.493675908434616],[123.1118640747598,11.494751382752872],[123.11159654539706,11.494751373688702],[123.11159654539706,11.49502124190141],[123.11132395136957,11.495021200973948],[123.11132395136957,11.49637048292221],[123.11105642054106,11.496370477068739],[123.11105642054106,11.495830805570929],[123.11078373919011,11.495830776863775],[123.11078373919011,11.495560904117147],[123.11105642054106,11.495560933485333],[123.11105642054106,11.494211661109716],[123.11078373919011,11.494211628436602],[123.11078373919011,11.493406015559968],[123.11051620689562,11.493406001900889],[123.11051620689562,11.492326619393962],[123.11024867387515,11.492326602803564],[123.11024867387515,11.492056739856336],[123.10970854163459,11.492056747253311],[123.10970854163459,11.491786883851251],[123.10916832060367,11.49178689949254],[123.10916832060367,11.491517035635438],[123.10890078392576,11.491517015400966],[123.10890078392576,11.490981276326663],[123.10862809661293,11.490981308205868],[123.10862809661293,11.490171722924943],[123.10836064430133,11.490171763083797],[123.10836064430133,11.48990190238465],[123.10890078392576,11.489901908872424],[123.10890078392576,11.490171768262075],[123.10916832060367,11.490171716496992],[123.10916832060367,11.490441576092717],[123.10944100642251,11.490441620075066],[123.10944100642251,11.490711479864657],[123.10970854163459,11.490711426121736],[123.10970854163459,11.491247159611365],[123.10997599029008,11.491247190404055]],[[123.11159654539706,11.493675896785572],[123.11159654539706,11.493406032833066],[123.11186407475977,11.493406045130719],[123.1118640747598,11.493675908434616],[123.11159654539706,11.493675896785572]],[[123.11078373919011,11.49178691320181],[123.11078373919011,11.492056773997156],[123.11051620689562,11.492056757095316],[123.11051620689562,11.491786895651389],[123.11078373919011,11.49178691320181]],[[123.11051620689562,11.491517035062195],[123.11051620689562,11.491786895651389],[123.11024867387515,11.491786877763825],[123.11024867387515,11.491517016526062],[123.11051620689562,11.491517035062195]],[[123.11024867387515,11.49124715614305],[123.11024867387515,11.491517016526062],[123.10997599029008,11.491517051448294],[123.10997599029008,11.491247190404055],[123.11024867387515,11.49124715614305]]]}"
00fa00000000000064c1,CARLES-082,3754.27184,0.4028613486,-1.02097937,0.3463056485,1.726139445,26.44391404,1.662020577,0,4477.395037,0.4584009495,2022,11.48375995,123.183626,Carles,"{""type"":""Polygon"",""coordinates"":[[[123.18058592119937,11.482893728375348],[123.18085343436388,11.482893732393018],[123.18085343436388,11.482354033943837],[123.18274144414616,11.482354046809851],[123.18274144414616,11.482088150179768],[123.18354919554217,11.482088092860163],[123.18354919554217,11.482353987555083],[123.1840893509139,11.482354010440444],[123.1840893509139,11.482623888957876],[123.18489709119461,11.482623822614048],[123.18489709119461,11.483163578289396],[123.18516459258628,11.483163576226897],[123.18516459258628,11.483433379523374],[123.18543723913298,11.483433396440727],[123.18543723913298,11.483703275105514],[123.1859774698566,11.483703275679005],[123.18597746985662,11.483973078711314],[123.18624496829739,11.483973073337056],[123.18624496829739,11.484242951749986],[123.18651246600749,11.484242945388353],[123.18651246600749,11.484782628306395],[123.18489709119461,11.484782640336004],[123.18489709119461,11.48558823610811],[123.18570473904934,11.485588231239623],[123.18570473904934,11.485858040913067],[123.18381670061507,11.48585804975758],[123.18381670061507,11.484782631881227],[123.18354919554217,11.48478263614808],[123.18354919554217,11.484512824645412],[123.18300903719181,11.484512810891413],[123.18300903719181,11.484242923754174],[123.18247393613689,11.484242938258161],[123.18247393613689,11.483973125853552],[123.18166111555901,11.483973086648346],[123.18166111555901,11.484242976206794],[123.18112609291013,11.484242976372064],[123.18112609291013,11.483703270687988],[123.18139360459979,11.48370327207444],[123.18139360459979,11.483433383577875],[123.18112609291013,11.483433381541035],[123.18112609291013,11.483163568428049],[123.18058592119937,11.48316354194535],[123.18058592119937,11.482893728375348]],[[123.1840893509139,11.483163573386035],[123.18381670061507,11.48316355407539],[123.18381670061507,11.482893673182685],[123.1840893509139,11.482893693156203],[123.1840893509139,11.483163573386035]]]}"
00fa00000000000064e8,CARLES-083,3754.27184,0.6539302114,-1.836010693,0.2070587411,1.193892392,26.44391404,1.662020577,0,339.9725999,0.4572418711,2022,11.52011224,123.0986289,Carles,"{""type"":""Polygon"",""coordinates"":[[[123.09623474836003,11.520083407471487],[123.09650231938762,11.52008345031145],[123.09650231938762,11.51981354151166],[123.09676980384782,11.519813520343682],[123.09676980384782,11.519547677453676],[123.09704243809725,11.519547677051237],[123.09704243809728,11.51927777125216],[123.09731000693547,11.5192777397403],[123.09731000693547,11.51873800726209],[123.09758263969283,11.518738008146178],[123.09758263969283,11.518468106213254],[123.09785020706663,11.518468151229644],[123.09785020706663,11.518737977249037],[123.09811768787412,11.518738032227954],[123.09811768787412,11.519007858451667],[123.09839031840049,11.519007857636254],[123.09839031840049,11.51792833470219],[123.09893051261882,11.517928381126335],[123.09893051261882,11.517658485016554],[123.10054592720155,11.51765844896034],[123.10054592720155,11.517928341155871],[123.10000574182578,11.517928374112925],[123.10000574182578,11.51819826846999],[123.09946555349298,11.51819822609563],[123.09946555349298,11.519547641947241],[123.09919807633851,11.51954766587897],[123.09919807633851,11.52008340524239],[123.09946555349298,11.52008345528959],[123.09946555349298,11.519813553669277],[123.10000574182578,11.519813588210873],[123.10000574182578,11.519547677778249],[123.1002733026302,11.519547641877288],[123.1002733026302,11.520083451334218],[123.09973826613545,11.520083439157432],[123.09973826613545,11.52035334096932],[123.10000574182578,11.52035331442102],[123.10000574182578,11.521162947760338],[123.1008134865413,11.521162933917797],[123.10081348654127,11.520623206508477],[123.10108610962018,11.520623198271272],[123.10108610962018,11.519813577897716],[123.10135366749519,11.519813539994159],[123.10135366749519,11.52062323368728],[123.10189384549174,11.52062318422436],[123.10189384549174,11.520353286783333],[123.10216131533892,11.52035333277858],[123.10216131533892,11.52089312721705],[123.1016211388067,11.520893103406284],[123.10162113880668,11.521163003212864],[123.10108610962018,11.521162999624904],[123.10108610962018,11.521702729122003],[123.1002733026302,11.521702716680071],[123.1002733026302,11.52143288716941],[123.09919807633851,11.521432854102462],[123.09919807633851,11.521702761484635],[123.09839031840049,11.52170277308319],[123.09839031840049,11.521432863743865],[123.09865788358469,11.52143282535332],[123.09865788358469,11.521162992781704],[123.09811768787412,11.521162961346633],[123.09811768787412,11.521702705226275],[123.09785020706663,11.521702732632033],[123.09785020706663,11.521162987456268],[123.09758263969283,11.521162948911178],[123.09758263969283,11.521432859355055],[123.09676980384779,11.521432831502686],[123.09676980384779,11.521972583616934],[123.09623474836003,11.52197264693513],[123.09623474836003,11.520083407471487]],[[123.09811768787412,11.519813578926563],[123.09785020706663,11.519813526529484],[123.09785020706663,11.519547610951552],[123.09811768787412,11.519547663986955],[123.09811768787412,11.519813578926563]]]}"
00fa0000000000006513,BALASAN-048,3754.27184,4.287301292,-3.385501495,0.2084948205,2.168804349,26.44391404,1.662020577,303.7217185,211.8080919,0.398145807,2022,11.48950669,123.138924,Balasan,"{""type"":""Polygon"",""coordinates"":[[[123.13692870477358,11.489092310266566],[123.13719616531951,11.489092301024355],[123.13719616531951,11.488552651979804],[123.13746371094486,11.48855263276547],[123.13746371094486,11.488282772569153],[123.13773640422967,11.488282774575588],[123.13773640422967,11.487747044260395],[123.1380038625792,11.487747037237062],[123.1380038625792,11.485858060875143],[123.13827655436639,11.485858068134643],[123.13827655436639,11.485318369625013],[123.13854409705269,11.485318356833021],[123.13854409705269,11.485052495543618],[123.13881163901118,11.485052483054522],[123.13881163901118,11.484242948131165],[123.13908424275326,11.484242969244855],[123.13908424275326,11.483163528764978],[123.13961932300336,11.483163586387034],[123.13961932300336,11.483433425123312],[123.13989201031103,11.483433361049798],[123.13989201031103,11.48424295561249],[123.13961932300336,11.484242946465658],[123.13961932300336,11.48451278862422],[123.13935178324225,11.484512800831656],[123.13935178324225,11.484782644495143],[123.13908424275326,11.48478265701509],[123.13908424275326,11.48531836218128],[123.13881163901118,11.485318343704124],[123.13881163901118,11.485588191232427],[123.13854409705269,11.485588205010716],[123.13854409705272,11.489092322938726],[123.13881163901118,11.489092300727789],[123.13881163901118,11.490171743820557],[123.13908424275326,11.49017175039875],[123.13908424275326,11.489901889004402],[123.13989201031103,11.489901909467413],[123.13989201031103,11.489632050888716],[123.140159462798,11.489632036616193],[123.140159462798,11.489362179541862],[123.14069968542945,11.489362150200803],[123.14069968542945,11.491786896581518],[123.14043214860779,11.491786927655646],[123.14043214860779,11.492056791751363],[123.13989201031103,11.4920567473551],[123.13989201031103,11.492326613616685],[123.13935178324225,11.492326580094034],[123.13935178324225,11.492596448521702],[123.13908424275326,11.492596479845867],[123.13908424275326,11.49286634977796],[123.13854409705269,11.49286630588407],[123.13854409705269,11.493136177981954],[123.13827655436639,11.493136209587323],[123.13827655436639,11.492866336839999],[123.1380038625792,11.492866346768345],[123.1380038625792,11.493136220177524],[123.13746371094486,11.493136174845121],[123.13746371094486,11.492866300125145],[123.13773640422967,11.492866290890689],[123.13773640422967,11.492056749061106],[123.1380038625792,11.492056731670688],[123.1380038625792,11.491517067761576],[123.13827655436639,11.491517061142325],[123.13827655436639,11.490441582097628],[123.13854409705272,11.490441556976759],[123.13854409705269,11.489901905923789],[123.1380038625792,11.489901857191324],[123.1380038625792,11.489632069242678],[123.13719616531951,11.489632028701996],[123.13719616531951,11.489362164435569],[123.13692870477358,11.489362174326926],[123.13692870477358,11.489092310266566]]]}"
00fa00000000000065e3,CARLES-084,3754.27184,0.004916491938,8.866604816,0.3893921505,1.578473324,26.44391404,1.662020577,1419.779403,9221.461704,0.4043223616,2022,11.49430835,123.2255555,Carles,"{""type"":""Polygon"",""coordinates"":[[[123.22289520114504,11.495291059659316],[123.22343539640514,11.495291036891617],[123.22343539640514,11.495560935876487],[123.2239755886757,11.495560910418115],[123.2239755886757,11.494751370294225],[123.22370287811258,11.494751377450237],[123.22370287811258,11.4944814816833],[123.22343539640514,11.494481495389227],[123.22343539640514,11.494211674985516],[123.22316268433278,11.494211680119381],[123.22316268433278,11.493945768160392],[123.22343539640514,11.493945763680713],[123.22343539640514,11.492866343675537],[123.22370287811258,11.492866333867138],[123.22370287811258,11.492326630300541],[123.22424306890281,11.492326619922979],[123.22424306890281,11.492056733160071],[123.22478325670336,11.492056722722634],[123.22478325670336,11.49232660817026],[123.22532344151409,11.492326595042403],[123.22532344151409,11.491786902788988],[123.2261311841167,11.491786869688541],[123.2261311841167,11.492056750998353],[123.22639865843607,11.492056739745529],[123.22639865843607,11.492596503630189],[123.22666621775086,11.492596479773294],[123.22666621775086,11.492326598054595],[123.22747909291206,11.492326574439947],[123.22747909291209,11.493136141070313],[123.22720639213897,11.493136148755573],[123.22720639213897,11.494211627337185],[123.22747909291209,11.49421161700572],[123.22747909291209,11.495021201566354],[123.22774656353677,11.49502118146006],[123.22774656353677,11.495560957580242],[123.22747909291209,11.495560903832022],[123.22747909291209,11.496370501224996],[123.22774656353677,11.49637047786229],[123.22774656353677,11.496910262537682],[123.22801411915567,11.496910226566463],[123.22801411915565,11.497445954800746],[123.22720639213897,11.497445961154341],[123.22720639213895,11.496370516868375],[123.22693883430524,11.496370550517916],[123.22693883430524,11.495830765330856],[123.2261311841167,11.495830820010559],[123.2261311841167,11.496370533972243],[123.22532344151409,11.496370525318293],[123.22532344151409,11.49610062836375],[123.22559100377684,11.496100672562033],[123.22559100377684,11.495830777114444],[123.22585847957673,11.495830757434769],[123.22585847957673,11.49529104556726],[123.22559100377686,11.495291063944466],[123.22559100377684,11.49502124622164],[123.22532344151409,11.495021199418419],[123.22532344151409,11.495830807423756],[123.22478325670336,11.495830762470254],[123.22478325670336,11.496370482994639],[123.2239755886757,11.496370533400462],[123.2239755886757,11.496100633164179],[123.22316268433278,11.49610067103388],[123.22316268433278,11.495830769673923],[123.22289520114504,11.495830785954725],[123.22289520114504,11.495291059659316]],[[123.22451063412738,11.493675892515157],[123.22424306890281,11.493675916259956],[123.22424306890281,11.493406025218277],[123.2239755886757,11.493406037009995],[123.2239755886757,11.493136146172843],[123.22451063412738,11.493136187747767],[123.22451063412738,11.493675892515157]]]}"
00fa00000000000065ee,CARLES-085,3754.27184,0.5290522618,-6.487176417,0.3222855861,2.264375586,26.44391404,1.662020577,904.8640326,6150.475438,0.3648981314,2022,11.48534893,123.1993019,Carles,"{""type"":""Polygon"",""coordinates"":[[[123.19810327423336,11.482623845123937],[123.19837082529062,11.482623891950382],[123.19837082529062,11.482353972999464],[123.19891098463432,11.48235402241186],[123.19891098463432,11.482623864883509],[123.19917853348251,11.482623835527074],[123.19917853348251,11.482893678204057],[123.19945122674781,11.482893667509703],[123.19945122674781,11.48316351037954],[123.19917853348251,11.48316352173725],[123.19917853348251,11.483433366126643],[123.19864352080756,11.483433417460498],[123.19864352080756,11.483973111410902],[123.19917853348251,11.483973057473925],[123.19917853348251,11.485052525609113],[123.19945122674781,11.485052509607664],[123.19945122674781,11.484782660744633],[123.1997186883661,11.484782636449417],[123.1997186883661,11.484512789093143],[123.20025892601862,11.484512813617208],[123.20025892601862,11.484782659659418],[123.20052638542833,11.484782634347024],[123.20052638542833,11.48531834387687],[123.20025892601862,11.485318370481028],[123.20025892601862,11.486127918842307],[123.20106661861963,11.486127904889887],[123.20106661861963,11.486937455060582],[123.20268198381079,11.486937481315962],[123.20268198381079,11.48747717785036],[123.202954667308,11.487477151389088],[123.202954667308,11.488016850020117],[123.20322220509458,11.488016877727533],[123.20322220509458,11.48855259460437],[123.20348974214916,11.488552620682569],[123.20348974214916,11.48882247167932],[123.20322220509458,11.488822446251877],[123.20322220509458,11.489362152114223],[123.202954667308,11.489362202819356],[123.202954667308,11.489092348809297],[123.20268198381079,11.489092304073326],[123.20268198381079,11.488822450255824],[123.20214699029985,11.488822461241995],[123.20214699029985,11.488552606978784],[123.20187430455047,11.48855263504681],[123.20187430455047,11.48828278097598],[123.2016067630763,11.488282752210663],[123.2016067630763,11.488016882253707],[123.20133407582061,11.488016908310847],[123.20133407582061,11.487747054624894],[123.20079907493596,11.487747057027581],[123.20079907493596,11.487477202896061],[123.20025892601862,11.487477183230542],[123.20025892601862,11.487207328641036],[123.19998623500507,11.487207350976966],[123.19998623500507,11.486937496579976],[123.19945122674781,11.48693749168176],[123.19945122674781,11.48720734738014],[123.19891098463432,11.487207333922129],[123.19891098463432,11.486937476909677],[123.19837082529062,11.486937449812146],[123.19837082529062,11.486667592341826],[123.19810327423336,11.486667630434761],[123.19810327423336,11.48639777316949],[123.19783066296438,11.486397779797008],[123.19783066296438,11.485318356643454],[123.19729555716356,11.485318349453928],[123.19729555716356,11.48478262432247],[123.19702294364386,11.48478262594415],[123.19702294364386,11.483703215427312],[123.1967553889004,11.483703244672164],[123.1967553889004,11.48343339353246],[123.1964827738756,11.483433391145352],[123.1964827738756,11.483163540198767],[123.19621521765502,11.483163567461542],[123.19621521765502,11.482623866835302],[123.19594774645832,11.482623881513483],[123.19594774645832,11.482088091678671],[123.1964827738756,11.482088128789835],[123.1964827738756,11.481818282111842],[123.1975631104298,11.481818319218304],[123.1975631104298,11.48235402438633],[123.19810327423336,11.482354000687646],[123.19810327423336,11.482623845123937]],[[123.20106661861963,11.487207306829356],[123.20079907493596,11.487207349620427],[123.20079907493596,11.4869374972007],[123.20106661861963,11.486937455060582],[123.20106661861963,11.487207306829356]],[[123.20025892601862,11.486397770008058],[123.19945122674781,11.486397782852817],[123.19945122674781,11.486127929722295],[123.20025892601862,11.486127918842307],[123.20025892601862,11.486397770008058]],[[123.19810327423336,11.48289369041646],[123.1975631104298,11.482893716743082],[123.1975631104298,11.483163564205798],[123.1967553889004,11.483163543248953],[123.1967553889004,11.482893693821646],[123.19729555716356,11.482893744715817],[123.19729555716356,11.482623897458444],[123.19810327423336,11.482623845123937],[123.19810327423336,11.48289369041646]]]}"
00fa000000000000667a,CARLES-086,3754.27184,3.165858241,-5.056822081,0.4587423986,2.081664567,26.44391404,1.662020577,0,3750.35241,0.400964814,2022,11.54730372,123.1505611,Carles,"{""type"":""Polygon"",""coordinates"":[[[123.14851430522216,11.541107216031953],[123.14878696785476,11.541107224761937],[123.14878696785476,11.54056745361197],[123.14905456773297,11.540567434106876],[123.14905456773297,11.540297512832803],[123.14986225335926,11.540297505401911],[123.14986225335926,11.541107190647224],[123.15040242266255,11.541107261364237],[123.15040242266255,11.541373193682091],[123.15066993234556,11.541373181179363],[123.15066993234556,11.541643026675207],[123.15040242266255,11.541643039827015],[123.15040242266255,11.54191296207282],[123.15066993234556,11.541912948271742],[123.15066993234556,11.54218287071935],[123.15012976451314,11.542182881159604],[123.15012976451314,11.542452730518322],[123.15040242266255,11.542452733866892],[123.15040242266255,11.543262510816115],[123.15012976451314,11.543262509452656],[123.15012976451314,11.543802291078393],[123.14959474147699,11.543802250812167],[123.14959474147699,11.544068193432512],[123.14932208108604,11.54406819300252],[123.14932208108604,11.544608058880376],[123.14959474147699,11.544608057986965],[123.14959474147699,11.545957583754717],[123.14932208108604,11.545957587956302],[123.14932208108604,11.546227451170537],[123.14959474147699,11.546227446307421],[123.14959474147699,11.547573009036281],[123.15012976451314,11.547573031166143],[123.15012976451314,11.548112839961126],[123.15040242266255,11.548112829434409],[123.15040242266255,11.548652640307752],[123.15066993234556,11.548652685551277],[123.15066993234556,11.549188509935208],[123.15094258899576,11.549188496074768],[123.15094258899576,11.549728311104552],[123.15121009720788,11.54972835307769],[123.15121009720788,11.54999822359063],[123.1514776046915,11.54999826457604],[123.15147760469152,11.550268135290109],[123.1520178509066,11.5502681464001],[123.1520178509066,11.550538091910187],[123.15255800835683,11.550538036065232],[123.15255800835685,11.550807981114659],[123.15282551216968,11.550807943189714],[123.15282551216968,11.551077888440235],[123.15336575097112,11.551077892171046],[123.15336575097112,11.551347761704289],[123.15363325258399,11.551347796714953],[123.15363325258399,11.551617741705776],[123.15390590100861,11.551617718067005],[123.15390590100861,11.552153545404355],[123.15417340115029,11.552153577793339],[123.15417340115029,11.552423448754574],[123.1547136325374,11.552423442503361],[123.15471363253742,11.553503155375793],[123.15390590100861,11.55350313772799],[123.15390590100861,11.553233187459915],[123.15336575097112,11.553233184582451],[123.15336575097112,11.552963309111647],[123.15229050381551,11.552963325160867],[123.15229050381551,11.552423496292628],[123.1520178509066,11.552423444564248],[123.1520178509066,11.552153568372896],[123.15229050381551,11.552153545504677],[123.15229050381551,11.551617710385115],[123.15175034489418,11.55161769553251],[123.15175034489418,11.551347821229632],[123.15147760469152,11.551347777162091],[123.15147760469152,11.551077903047563],[123.15121009720788,11.55107786465818],[123.15121009720788,11.550807990744701],[123.15094258899576,11.55080795136756],[123.15094258899576,11.550538077655158],[123.15040242266255,11.55053805411391],[123.15040242266255,11.550268179941032],[123.14959474147699,11.550268186584534],[123.14959474147699,11.549728361612056],[123.14932208108604,11.549728299799265],[123.14932208108604,11.549458425555883],[123.14905456773297,11.549458455800865],[123.14905456773297,11.547573042907942],[123.14878696785476,11.547573004013277],[123.14878696785476,11.546497372131203],[123.14851430522216,11.546497376614106],[123.14851430522216,11.543532358751145],[123.14878696785476,11.543532361536363],[123.14878696785476,11.541912937172647],[123.14905456773297,11.54191298968127],[123.14905456773297,11.541643064164326],[123.14851430522216,11.541643078841146],[123.14851430522216,11.541107216031953]]]}"
00fa0000000000006810,CARLES-087,3754.27184,1.754990324,26.88177344,0.5566065414,1.256250998,26.44391404,1.662020577,0,11537.51048,0.4032609007,2022,11.58872796,123.2096378,Carles,"{""type"":""Polygon"",""coordinates"":[[[123.20348974214916,11.586378889035911],[123.20376233764513,11.586378855201962],[123.20376233764513,11.58557304837939],[123.20402987322187,11.5855729903305],[123.20402987322187,11.58611292692742],[123.20430255296029,11.586112882005745],[123.20430255296029,11.586378900142625],[123.20483762042545,11.586378853702982],[123.20483762042545,11.586112912099933],[123.20537774405219,11.586112891366207],[123.20537774405219,11.585842963545826],[123.20483762042545,11.585842982966817],[123.20483762042545,11.58557297942973],[123.20430255296029,11.585573021986717],[123.20430255296029,11.585303093248829],[123.20457008705888,11.58530303516459],[123.20457008705888,11.585033107924849],[123.20483762042545,11.585033125402733],[123.20483762042545,11.58476319966091],[123.20565042003145,11.584763217390226],[123.20565042003145,11.585033141156728],[123.20645815384627,11.585033127968753],[123.20645815384627,11.585303050619894],[123.20699320951384,11.585303079139491],[123.20699320951384,11.58557300133807],[123.20726588098711,11.585573029157738],[123.20726588098711,11.585303032371963],[123.20780607694276,11.585303073558876],[123.20780607694276,11.585572993781787],[123.20807360145353,11.58557300584931],[123.20807360145353,11.58584292626977],[123.2083411252321,11.585842937347303],[123.2083411252321,11.585573017577028],[123.20915389570739,11.585573015862293],[123.20915389570739,11.58584293365707],[123.209421416529,11.585842943362524],[123.209421416529,11.586112936603877],[123.2086137072008,11.58611289375765],[123.2086137072008,11.586378901568597],[123.2083411252321,11.586378866429046],[123.2083411252321,11.586918787129365],[123.2086137072008,11.586918745693586],[123.2086137072008,11.58718874427811],[123.20968893661835,11.587188710173784],[123.20968893661835,11.586918789453115],[123.209421416529,11.586918782679057],[123.209421416529,11.586648786906268],[123.20915389570739,11.586648854391727],[123.20915389570739,11.586378858816442],[123.20968893661835,11.586378875305583],[123.20968893661832,11.586112870070261],[123.21022911918186,11.586112901103863],[123.21022911918186,11.585842985074677],[123.21076938450202,11.585842929744205],[123.21076938450202,11.585573015876108],[123.21346509318407,11.58557299140518],[123.21346509318407,11.586112882129845],[123.21400019622868,11.58611287790477],[123.21400019622868,11.58637887281237],[123.21427284815096,11.586378889582146],[123.21427284815096,11.586648797464884],[123.2145403549578,11.586648798727552],[123.2145403549578,11.586918782053928],[123.21481300537249,11.586918796798695],[123.21481300537249,11.587458614176592],[123.2145403549578,11.587458676004116],[123.2145403549578,11.587728586627415],[123.21373260220275,11.587728586209439],[123.21373260220275,11.587998574891659],[123.2153480152952,11.587998579748252],[123.2153480152952,11.588804400491037],[123.21481300537249,11.588804410064666],[123.21481300537249,11.589074324250705],[123.2153480152952,11.589074388624105],[123.2153480152952,11.590154123889652],[123.21508051070012,11.5901541320983],[123.21508051070012,11.590694043741482],[123.21427284815096,11.59069405591988],[123.21427284815096,11.59096397735152],[123.21346509318407,11.590963999444364],[123.21346509318407,11.591229935393956],[123.21319243900743,11.591230004740519],[123.21319243900743,11.591499930480898],[123.2129249285097,11.591499939193511],[123.2129249285097,11.591769866431493],[123.21238476084886,11.591769869829886],[123.21238476084886,11.592039799228194],[123.2115770760136,11.592039810854608],[123.2115770760136,11.592309743063495],[123.21130956109313,11.592309751674708],[123.21130956109313,11.592579685381125],[123.21076938450202,11.592579688574292],[123.21076938450202,11.592849624440959],[123.2086137072008,11.592849654005901],[123.2086137072008,11.59257971289959],[123.20807360145353,11.592579698127238],[123.20807360145353,11.59203981583105],[123.20726588098711,11.592039810918962],[123.20726588098711,11.591769869078693],[123.20699320951384,11.591769856471467],[123.20699320951384,11.591229974007566],[123.20645815384628,11.591229974040088],[123.20645815384628,11.590964021310887],[123.20618548011994,11.590964005679352],[123.20618548011994,11.590694064590238],[123.20591795044176,11.590694062459397],[123.20591795044176,11.589884167071226],[123.20618548011994,11.589884171152802],[123.20618548011994,11.589344296601926],[123.20591795044176,11.589344291219996],[123.20591795044176,11.589614228721876],[123.20511029791113,11.589614262111112],[123.20511029791113,11.589344322646273],[123.20483762042545,11.58934430129327],[123.20483762042545,11.589074362013312],[123.20457008705888,11.5890743542689],[123.20457008705888,11.588804415186301],[123.20430255296029,11.588804406451844],[123.20430255296029,11.588268518013477],[123.20402987322187,11.588268492973743],[123.20402987322187,11.587998555108546],[123.20376233764513,11.587998543746918],[123.20376233764513,11.587458669259059],[123.20348974214916,11.587458630489227],[123.20348974214916,11.586378889035911]],[[123.2129249285097,11.58880440062184],[123.21238476084886,11.588804389594891],[123.21238476084886,11.588538458560418],[123.2129249285097,11.588538470880971],[123.2129249285097,11.58880440062184]],[[123.21103690090132,11.58637885346978],[123.21076938450202,11.586378847107117],[123.21076938450202,11.586112919708162],[123.21103690090132,11.586112926711447],[123.21103690090132,11.58637885346978]],[[123.21049663706016,11.590154140749386],[123.21022911918186,11.590154142795088],[123.21022911918186,11.589884214076413],[123.21049663706016,11.589884212680959],[123.21049663706016,11.590154140749386]],[[123.20780607694276,11.587458621259149],[123.20807360145353,11.587458628784605],[123.20807360145353,11.587728555126645],[123.20726588098711,11.587728594113154],[123.20726588098711,11.587188738350147],[123.20699320951384,11.587188714496852],[123.20699320951384,11.586918787224146],[123.20780607694276,11.586918769817517],[123.20780607694276,11.587458621259149]],[[123.20780607694276,11.587998551343034],[123.2099616005712,11.587998571046732],[123.2099616005712,11.587458651442404],[123.21022911918186,11.587458656229837],[123.21022911918186,11.587728577332808],[123.21049663706016,11.587728581130197],[123.21049663706016,11.587998577680503],[123.21076938450202,11.587998508714186],[123.21076938450202,11.588268505449154],[123.21022911918186,11.588268497331864],[123.21022911918186,11.58853842097774],[123.2099616005712,11.58853841879141],[123.2099616005712,11.588804430879792],[123.20888122950103,11.588804392237844],[123.20888122950103,11.58907439609454],[123.2086137072008,11.589074393487087],[123.2086137072008,11.589344323589701],[123.2083411252321,11.589344295727535],[123.2083411252321,11.589074364962492],[123.20780607694276,11.589074358035344],[123.20780607694276,11.588804426817386],[123.20753340697635,11.588804407629908],[123.20753340697635,11.58826845952749],[123.20780607694276,11.58826848003067],[123.20780607694276,11.587998551343034]]]}"
00fb0000000000000028,SAN_DIONISIO-001,3754.27184,7.96031746,-3.788731917,0.2336210017,5.584238457,26.44391404,1.662020577,149.0341122,341.2949565,0.418110296,2022,11.36552987,123.11065,San Dionisio,"{""type"":""Polygon"",""coordinates"":[[[123.11078373919011,11.365664754660253],[123.11051620689562,11.365664734433995],[123.11051620689562,11.365394975138322],[123.11078373919011,11.365394996014041],[123.11078373919011,11.365664754660253]]]}"
00fb0000000000000d0f,SAN_DIONISIO-002,3754.27184,6.68503937,-25.92976811,0.3839505488,3.317382191,26.44391404,1.662020577,217.3438938,311.4630737,0.5069717858,2022,11.36579958,123.1124017,San Dionisio,"{""type"":""Polygon"",""coordinates"":[[[123.11213160339645,11.365664690594498],[123.11267180818963,11.365664753847309],[123.1126718081896,11.365934433654816],[123.11213160339645,11.365934446833243],[123.11213160339645,11.365664690594498]]]}"
00fb0000000000000db6,CONCEPCION-001,3754.27184,5.401574803,-1.523282474,0.179783288,2.608863129,26.44391404,1.662020577,176.5774713,513.5711372,0.4002963138,2022,11.17769312,123.0806029,Concepcion,"{""type"":""Polygon"",""coordinates"":[[[123.0803327571908,11.17755830573745],[123.08087296432095,11.177558334463415],[123.08087296432095,11.177827932990894],[123.0803327571908,11.177827905577608],[123.0803327571908,11.17755830573745]]]}"
00fb00000000000012c8,SAN_DIONISIO-003,3754.27184,7.137075718,5.075348498,0.296378891,3.710264156,26.44391404,1.662020577,119.1962696,371.1347161,0.5036681249,2022,11.36526011,123.1111901,San Dionisio,"{""type"":""Polygon"",""coordinates"":[[[123.11078373919011,11.365394996014041],[123.11078373919011,11.365125238233075],[123.11159654539706,11.36512521581083],[123.11159654539706,11.365394971618317],[123.11078373919011,11.365394996014041]]]}"
00fb00000000000012f6,CONCEPCION-002,3754.27184,0.8912188729,-14.19673908,0.2259436594,2.337086318,26.44391404,1.662020577,0,7095.573767,0.394100555,2022,11.26438136,123.1506274,Concepcion,"{""type"":""Polygon"",""coordinates"":[[[123.15040242266255,11.264066215022076],[123.15066993234556,11.264066194706057],[123.15066993234556,11.264335829956924],[123.15094258899576,11.264335839565117],[123.15094258899576,11.264605475026226],[123.15040242266255,11.264605487699804],[123.15040242266255,11.264066215022076]]]}"
00fb000000000000130a,CONCEPCION-003,3754.27184,8.769028871,-0.6441560483,0.4446591944,16.28465889,26.44391404,1.662020577,9.92671171,5182.907944,0.4608678617,2022,11.26231351,123.1332889,Concepcion,"{""type"":""Polygon"",""coordinates"":[[[123.13288504517918,11.262178712968073],[123.13369269202684,11.262178707581946],[123.13369269202684,11.262448303011153],[123.13288504517918,11.262448310361401],[123.13288504517918,11.262178712968073]]]}"
00fb0000000000001868,SAN_DIONISIO-004,3754.27184,1.885601578,-8.706465201,0.353605803,2.549359756,26.44391404,1.662020577,314.1558082,220.7746024,0.4639557472,2022,11.36613641,123.1136831,San Dionisio,"{""type"":""Polygon"",""coordinates"":[[[123.11321201002227,11.365934419115955],[123.11401973240629,11.365934418756904],[123.11401973240629,11.366473924660994],[123.11375220889428,11.3664739104198],[123.11375220889428,11.366204156385653],[123.11321201002227,11.3662041735966],[123.11321201002227,11.365934419115955]]]}"
00fb000000000000189c,SAN_DIONISIO-005,3754.27184,6.532416503,34.98202151,0.4653329695,4.748821613,26.44391404,1.662020577,0,2138.306066,0.4180587614,2022,11.28508739,123.0994682,San Dionisio,"{""type"":""Polygon"",""coordinates"":[[[123.09919807633851,11.284817707299279],[123.09973826613546,11.284817756436343],[123.09973826613545,11.285357034623939],[123.09919807633851,11.285357063166995],[123.09919807633851,11.284817707299279]]]}"
00fb00000000000018b9,CONCEPCION-004,3754.27184,7.08678501,-30.11956916,0.3221137277,5.765305305,26.44391404,1.662020577,0,6242.380377,0.4578160984,2022,11.26500995,123.1431254,Concepcion,"{""type"":""Polygon"",""coordinates"":[[[123.14258778139636,11.264875124543607],[123.14366296312738,11.26487511394736],[123.14366296312738,11.265144768870835],[123.14258778139633,11.26514478208326],[123.14258778139636,11.264875124543607]]]}"
00fb00000000000018cc,CONCEPCION-005,3754.27184,5.573947111,27.65855774,0.4037043005,4.42590278,26.44391404,1.662020577,0,7419.136475,0.4647437388,2022,11.26433585,123.1536358,Concepcion,"{""type"":""Polygon"",""coordinates"":[[[123.15336575097112,11.264066225318318],[123.15390590100861,11.264066207870334],[123.15390590100861,11.264605463494384],[123.15336575097112,11.264605483571836],[123.15336575097112,11.264066225318318]]]}"
00fb0000000000001933,AJUY-001,3754.27184,16.99901283,4.983285334,0.3135915042,28.28740445,26.44391404,1.662020577,444.653927,2045.394453,0.4621371294,2022,11.1476419,123.0837025,Ajuy,"{""type"":""Polygon"",""coordinates"":[[[123.08356871861609,11.147102838020984],[123.08383623810579,11.147102828792297],[123.08383623810579,11.148180950824063],[123.08356871861609,11.148180962654049],[123.08356871861609,11.147102838020984]]]}"
00fb0000000000001964,AJUY-002,3754.27184,9.682711198,7.188870801,0.5132097239,2.082258225,26.44391404,1.662020577,2242.411356,5658.754195,0.3624343404,2022,11.12446636,123.1353107,Ajuy,"{""type"":""Polygon"",""coordinates"":[[[123.13504058596098,11.124196860103922],[123.135580750902,11.124196831888673],[123.13558075090197,11.12473586360198],[123.13504058596098,11.124735894449165],[123.13504058596098,11.124196860103922]]]}"
00fb0000000000001cc4,SAN_DIONISIO-006,3754.27184,2.773688332,-7.952179077,0.3204599853,1.982890087,26.44391404,1.662020577,346.3039585,199.7127574,0.4898595143,2022,11.36563753,123.1146392,San Dionisio,"{""type"":""Polygon"",""coordinates"":[[[123.11428725519214,11.365395007937346],[123.11510003250908,11.365394970266511],[123.11510003250908,11.365664718432651],[123.11482736234431,11.365664751597047],[123.11482736234431,11.365934426172188],[123.11428725519214,11.365934433963371],[123.11428725519214,11.365395007937346]]]}"
00fb0000000000001ce1,CONCEPCION-006,3754.27184,8.790625,0.1940163306,0.2474996727,6.717356043,26.44391404,1.662020577,0,6633.093128,0,2022,11.30322058,123.1538223,Concepcion,"{""type"":""Polygon"",""coordinates"":[[[123.15363325258399,11.302604185372719],[123.15390590100861,11.30260424713492],[123.15390590100861,11.303413280784678],[123.15417340115029,11.303413236149373],[123.15417340115029,11.30367901325064],[123.15363325258399,11.303678999408406],[123.15363325258399,11.302604185372719]]]}"
00fb0000000000001d37,CONCEPCION-007,3754.27184,6.543666404,-43.84680183,0.3764281975,11.6715969,26.44391404,1.662020577,0,6801.296178,0.4267898292,2022,11.26134301,123.1482733,Concepcion,"{""type"":""Polygon"",""coordinates"":[[[123.14878696785476,11.261639409580024],[123.1482467896698,11.261639402407043],[123.1482467896698,11.261369769998302],[123.14770660851524,11.2613697601613],[123.14770660851524,11.261100127312034],[123.14851430522216,11.26110012797639],[123.14851430522216,11.261369758860077],[123.14878696785476,11.261369778485822],[123.14878696785476,11.261639409580024]]]}"
00fb0000000000001d7c,CONCEPCION-008,3754.27184,11.46347211,-3.835775757,0.2871374926,5.884402258,26.44391404,1.662020577,673.9310573,155.7668202,0.4257268807,2022,11.17461987,123.0847267,Concepcion,"{""type"":""Polygon"",""coordinates"":[[[123.08437642608729,11.174323582866426],[123.08491661111587,11.174323542348953],[123.08491661111587,11.17459312048168],[123.08518412695656,11.174593118238032],[123.08518412695656,11.174862696601355],[123.08437642608729,11.174862667671835],[123.08437642608729,11.174323582866426]]]}"
00fb0000000000001d91,CONCEPCION-009,3754.27184,3.294025157,-1.561035315,0.1838439757,9.509619864,26.44391404,1.662020577,240.5305168,195.7268889,0.3821830721,2022,11.16723471,123.0941037,Concepcion,"{""type"":""Polygon"",""coordinates"":[[[123.09380648881503,11.167045407461686],[123.09407913124828,11.16704544926515],[123.09407913124828,11.166775843120197],[123.09434670811842,11.166775837856399],[123.09434670811842,11.167584507077327],[123.09380648881503,11.167584548768618],[123.09380648881503,11.167045407461686]]]}"
00fb000000000000203c,CONCEPCION-010,3754.27184,0,-3.968504908,0.2140927629,0,26.44391404,1.662020577,0,7183.795857,0.4381284815,2022,11.26316693,123.1517494,Concepcion,"{""type"":""Polygon"",""coordinates"":[[[123.15121009720788,11.26298765698676],[123.15147760469152,11.262987638276023],[123.15147760469152,11.262718009360071],[123.15175034489418,11.262717936196022],[123.15175034489418,11.262987639448973],[123.1520178509066,11.262987620069941],[123.1520178509066,11.263257248544855],[123.15229050381551,11.263257259107293],[123.15229050381551,11.2635268877925],[123.15175034489418,11.263526898574884],[123.15175034489418,11.263257268575005],[123.15121009720788,11.26325728742769],[123.15121009720788,11.26298765698676]]]}"
00fb0000000000002043,CONCEPCION-011,3754.27184,0,-1.504789337,0.1827147406,0,26.44391404,1.662020577,0,7007.422576,0.4616225216,2022,11.26298763,123.1501324,Concepcion,"{""type"":""Polygon"",""coordinates"":[[[123.14959474147699,11.26271799180038],[123.15040242266255,11.262717973617882],[123.15040242266255,11.262987605150428],[123.15066993234556,11.262987587438992],[123.15066993234556,11.263257294196316],[123.14986225335926,11.263257242307361],[123.14986225335926,11.26298760858633],[123.14959474147699,11.262987625298619],[123.14959474147699,11.26271799180038]]]}"
00fb0000000000002085,AJUY-003,3754.27184,4.196194226,-1.723227071,0.2050599995,8.095254062,26.44391404,1.662020577,0,537.2645131,0.4090006786,2022,11.16610198,123.0843764,Ajuy,"{""type"":""Polygon"",""coordinates"":[[[123.08356871861609,11.165967185199051],[123.08518412695656,11.165967225680427],[123.08518412695656,11.16623677585018],[123.08356871861609,11.166236739294822],[123.08356871861609,11.165967185199051]]]}"
00fb0000000000002091,AJUY-004,3754.27184,9.969914977,-4.433116606,0.2265685516,4.379504061,26.44391404,1.662020577,0,1096.125177,0.4077989304,2022,11.16278144,123.0786273,Ajuy,"{""type"":""Polygon"",""coordinates"":[[[123.0781771365064,11.162466972274743],[123.07871735541566,11.162466929904294],[123.07871735541568,11.162736484343379],[123.07925748551581,11.162736524903684],[123.07925748551581,11.163006078911959],[123.0781771365064,11.16300608466035],[123.0781771365064,11.162466972274743]]]}"
00fb0000000000002646,CONCEPCION-012,3754.27184,12.46361849,-42.30252453,0.3430931526,10.31417613,26.44391404,1.662020577,0,5241.865309,0.4663152945,2022,11.26345903,123.1340969,Concepcion,"{""type"":""Polygon"",""coordinates"":[[[123.13342522195529,11.263526905783074],[123.13396024718104,11.263526920165198],[123.13396024718104,11.262987649479015],[123.13450041805395,11.262987621491476],[123.13450041805395,11.2637965623962],[123.13342522195526,11.26379658124507],[123.13342522195529,11.263526905783074]]]}"
00fb0000000000002694,CONCEPCION-013,3754.27184,5.827111984,1.816551116,0.4151795074,6.610494934,26.44391404,1.662020577,0,6830.563634,0.4290162022,2022,11.25887557,123.1489194,Concepcion,"{""type"":""Polygon"",""coordinates"":[[[123.14797412553825,11.25867331704273],[123.14959474147699,11.258673369208903],[123.14959474147699,11.259212610857325],[123.14905456773297,11.259212593870515],[123.14905456773297,11.258942971294696],[123.14797412553825,11.258943016373578],[123.14797412553825,11.25867331704273]]]}"
00fb0000000000002703,AJUY-005,3754.27184,6.097884899,-2.352648106,0.4132510442,8.835372885,26.44391404,1.662020577,679.6801123,348.6062061,0.4368486764,2022,11.16175961,123.0911803,Ajuy,"{""type"":""Polygon"",""coordinates"":[[[123.09165090453342,11.162197405784791],[123.09111075632843,11.162197403921077],[123.09111075632843,11.161927806416665],[123.09084317068951,11.161927870959445],[123.09084317068951,11.161658273686259],[123.09057567017308,11.161658326625643],[123.09057567017308,11.16138872958395],[123.09138340620487,11.161388748086903],[123.09138340620487,11.161658268214484],[123.09165090453342,11.161658289234797],[123.09165090453342,11.162197405784791]]]}"
00fb00000000000029b6,CONCEPCION-014,3754.27184,0.07964989059,-5.687229896,0.2138352862,3.113174618,26.44391404,1.662020577,22.16247754,8347.04047,0.4495561916,2022,11.29932332,123.1729328,Concepcion,"{""type"":""Polygon"",""coordinates"":[[[123.17249851370643,11.299098382917878],[123.17277119549604,11.299098418659158],[123.17277119549604,11.298828724731555],[123.1733062637555,11.298828738953649],[123.1733062637555,11.299637744422254],[123.17303872999078,11.299637739431375],[123.17303872999078,11.299907435321076],[123.17277119549604,11.299907430649535],[123.17277119549604,11.299637734108398],[123.17249851370643,11.299637774714627],[123.17249851370643,11.299098382917878]]]}"
00fb0000000000002a02,CONCEPCION-015,3754.27184,2.619151727,-8.01307761,0.396211394,7.908070218,26.44391404,1.662020577,0,7272.007584,0.4616047517,2022,11.2626427,123.1525722,Concepcion,"{""type"":""Polygon"",""coordinates"":[[[123.1520178509066,11.262178664888333],[123.15255800835685,11.262178660011466],[123.15255800835683,11.262448359549818],[123.15282551216968,11.262448340473966],[123.15282551216966,11.262717965235336],[123.15336575097112,11.262717944976623],[123.15336575097112,11.262987644296864],[123.15229050381551,11.262987631295928],[123.15229050381551,11.262718004358426],[123.1520178509066,11.26271799246889],[123.1520178509066,11.262178664888333]]]}"
00fb0000000000002a14,CONCEPCION-016,3754.27184,8.715849387,-0.05676196465,0.3520133702,5.203492866,26.44391404,1.662020577,109.4595467,6258.542258,0.4381395901,2022,11.2518618,123.1430209,Concepcion,"{""type"":""Polygon"",""coordinates"":[[[123.14258778139633,11.251397111871542],[123.14312275677838,11.251397087141873],[123.14312275677838,11.25166677467629],[123.14339543436944,11.251666749977364],[123.14339543436944,11.251936362726482],[123.14366296312738,11.2519363803642],[123.14366296312738,11.252205993337064],[123.14258778139636,11.252206031011827],[123.14258778139633,11.251397111871542]]]}"
00fb0000000000002a1a,CONCEPCION-017,3754.27184,8.548302872,1.825418476,0.30681406,13.54034485,26.44391404,1.662020577,0,5356.900918,0.1294036495,2022,11.24339198,123.1331707,Concepcion,"{""type"":""Polygon"",""coordinates"":[[[123.13261748710113,11.242776844014857],[123.13342522195526,11.242776895274027],[123.13342522195526,11.244390657505605],[123.13315251671919,11.244390651741348],[123.13315251671919,11.243312129269771],[123.13288504517918,11.24331214210726],[123.13288504517918,11.243046506553512],[123.13261748710116,11.243046529130227],[123.13261748710113,11.242776844014857]]]}"
00fb0000000000002a3d,AJUY-006,3754.27184,6.743657043,-0.2972488582,0.2923287823,4.399781,26.44391404,1.662020577,0,708.9406247,0,2022,11.16610396,123.0819062,Ajuy,"{""type"":""Polygon"",""coordinates"":[[[123.08114049110736,11.165701618016708],[123.08194813256847,11.165701586349561],[123.08194813256847,11.165967170614223],[123.08248833087025,11.165967176814345],[123.08248833087025,11.166506291138635],[123.08168060796797,11.166506341292804],[123.08168060796797,11.165967223042214],[123.08114049110736,11.165967204215319],[123.08114049110736,11.165701618016708]]]}"
00fb0000000000002a44,AJUY-007,3754.27184,3.612494539,-5.813558253,0.3560469057,7.267220959,26.44391404,1.662020577,35.87873173,390.5242902,0,2022,11.16592485,123.0862196,Ajuy,"{""type"":""Polygon"",""coordinates"":[[[123.08518412695656,11.165967225680427],[123.08518412695656,11.165701574206393],[123.08679950888795,11.165701606586833],[123.08679950888795,11.165967179234364],[123.08707217066485,11.16596723245513],[123.08707217066485,11.166236778035907],[123.08625933415321,11.166236731272546],[123.08625933415324,11.165967183716253],[123.08518412695656,11.165967225680427]]]}"
00fb0000000000002bcf,CONCEPCION-018,3754.27184,6.056277056,-27.99801044,0.2743718747,3.779793986,26.44391404,1.662020577,0,7244.306841,0.4556176296,2022,11.26640785,123.1522342,Concepcion,"{""type"":""Polygon"",""coordinates"":[[[123.15175034489418,11.26594978270526],[123.15229050381551,11.265949760109308],[123.15229050381551,11.266219397519542],[123.15282551216966,11.26621941648856],[123.15282551216968,11.266758691325817],[123.15175034489418,11.266758701501],[123.15175034489418,11.26594978270526]]]}"
00fb0000000000002d37,CONCEPCION-019,3754.27184,2.965962021,-5.128691994,0.2473412824,2.303053903,26.44391404,1.662020577,148.5129859,8439.760589,0.2099167434,2022,11.29803407,123.1723906,Concepcion,"{""type"":""Polygon"",""coordinates"":[[[123.17169084277968,11.297749996417945],[123.17196352681542,11.297750036500267],[123.17196352681542,11.297484320937027],[123.17249851370643,11.297484279412338],[123.17249851370643,11.298019684798376],[123.17303872999078,11.298019657407963],[123.17303872999078,11.298559039603772],[123.17249851370643,11.298559069625238],[123.17249851370643,11.298289376776141],[123.17196352681542,11.298289347170979],[123.17196352681542,11.29801965389063],[123.17169084277968,11.29801968949102],[123.17169084277968,11.297749996417945]]]}"
00fb0000000000002d65,CONCEPCION-020,3754.27184,4.542366822,-1.089028753,0.1583363099,4.869714742,26.44391404,1.662020577,29.36117077,394.3012347,0.4103886645,2022,11.17688442,123.0800518,Concepcion,"{""type"":""Polygon"",""coordinates"":[[[123.07898488803568,11.17701918209588],[123.07952501667418,11.177019227425031],[123.07952501667418,11.176749628263504],[123.08006522821836,11.176749662930304],[123.08006522821836,11.176480065962092],[123.08087296432095,11.17648009910115],[123.08087296432095,11.17701921502148],[123.07979254710858,11.17701922595145],[123.07979254710858,11.177288750371366],[123.07898488803568,11.177288783450454],[123.07898488803568,11.17701918209588]]]}"
00fb0000000000002eac,SAN_DIONISIO-007,3754.27184,7.142950605,18.85638646,0.3209155001,3.915065358,26.44391404,1.662020577,216.80698,0,0.4844491795,2022,11.3687855,123.1107182,San Dionisio,"{""type"":""Polygon"",""coordinates"":[[[123.10997599029008,11.368897653556182],[123.11024867387515,11.368897618623018],[123.11024867387515,11.368627923433923],[123.11051620689562,11.368627861736234],[123.11051620689562,11.368358168061219],[123.11159654539706,11.368358135729348],[123.11159654539706,11.368627901905041],[123.1113239513696,11.368627851949102],[123.1113239513696,11.368897619651491],[123.11078373919011,11.368897643842619],[123.11078373919011,11.369167338597643],[123.11024867387515,11.369167389801017],[123.11024867387515,11.369437086719401],[123.10997599029008,11.369437122976649],[123.10997599029008,11.368897653556182]]]}"
00fb0000000000002eaf,SAN_DIONISIO-008,3754.27184,3.480366492,-6.004579234,0.2870036748,4.308918234,26.44391404,1.662020577,210.5414692,262.5874091,0.4824282424,2022,11.36424848,123.115143,San Dionisio,"{""type"":""Polygon"",""coordinates"":[[[123.11455984102457,11.364315997678128],[123.11482736234431,11.36431601610781],[123.11482736234431,11.363776527969051],[123.11590773941947,11.363776582776294],[123.11590773941947,11.364046323789847],[123.11563507148958,11.364046278891674],[123.11563507148958,11.364316021432481],[123.11536755236243,11.364316004010263],[123.11536755236243,11.36458574806589],[123.11510003250908,11.364585806076477],[123.11510003250908,11.364855476529906],[123.11455984102457,11.364855490577101],[123.11455984102457,11.364315997678128]]]}"
00fb0000000000002eb5,SAN_DIONISIO-009,3754.27184,5.738235294,19.46937579,0.4634550735,2.206977017,26.44391404,1.662020577,531.1595664,313.924431,0.110715634,2022,11.36364341,123.1285277,San Dionisio,"{""type"":""Polygon"",""coordinates"":[[[123.12803361854714,11.363506812183514],[123.12830118908754,11.363506804940064],[123.12830118908754,11.363241076420188],[123.12857382195288,11.363241032084613],[123.12857382195288,11.362971324415696],[123.12911402239396,11.362971273429475],[123.12911402239396,11.363506781466874],[123.12857382195288,11.363506835058805],[123.12857382195288,11.363776544445729],[123.12884130521066,11.36377654669684],[123.12884130521066,11.364046331406499],[123.12857382195288,11.364046254697895],[123.12857382195288,11.36431604092292],[123.12803361854714,11.364316021984317],[123.12803361854714,11.363506812183514]]]}"
00fb0000000000002ed8,CONCEPCION-021,3754.27184,2.660544441,-23.2959396,0.3488942051,4.37844116,26.44391404,1.662020577,0,11412.00093,0.4202593262,2022,11.21824985,123.1854373,Concepcion,"{""type"":""Polygon"",""coordinates"":[[[123.18462958907232,11.217980273364823],[123.18624496829739,11.217980250702732],[123.18624496829739,11.218519424197297],[123.18462958907232,11.218519454735933],[123.18462958907232,11.217980273364823]]]}"
00fb0000000000002fe8,CONCEPCION-022,3754.27184,3.294206397,-6.748777467,0.2152021354,2.888712638,26.44391404,1.662020577,0,7084.043543,0.4183121073,2022,11.26923772,123.1506193,Concepcion,"{""type"":""Polygon"",""coordinates"":[[[123.15012976451314,11.26918554781196],[123.15040242266255,11.269185546167218],[123.15040242266255,11.268376593943792],[123.15066993234556,11.268376563219299],[123.15066993234556,11.26864621243582],[123.15094258899576,11.268646211436772],[123.15094258899576,11.269185511163132],[123.15121009720788,11.269185552823787],[123.15121009720788,11.269455203346247],[123.15094258899576,11.269455162336493],[123.15094258899576,11.26972481438329],[123.15066993234556,11.269724818036618],[123.15066993234556,11.269994471620402],[123.15040242266255,11.269994506251722],[123.15040242266255,11.269724852016797],[123.15012976451314,11.269724854988668],[123.15012976451314,11.26918554781196]]]}"
00fb0000000000003121,CONCEPCION-023,3754.27184,4.219854178,7.164746668,0.353041722,3.569423186,26.44391404,1.662020577,0,10776.90329,0.2300048536,2022,11.21694126,123.1793342,Concepcion,"{""type"":""Polygon"",""coordinates"":[[[123.1786977841094,11.216366579490874],[123.17923796622914,11.216366635211813],[123.17923796622914,11.216632224028036],[123.1797781453711,11.216632202166531],[123.1797781453711,11.21690183731967],[123.18004566074104,11.216901809029409],[123.18004566074104,11.21744108066591],[123.17923796622914,11.217441061131872],[123.17923796622914,11.217171422905494],[123.1786977841094,11.217171446055938],[123.1786977841094,11.216366579490874]]]}"
00fb000000000000320c,SAN_DIONISIO-010,3754.27184,3.242860886,-2.797502695,0.2269074982,2.278339014,26.44391404,1.662020577,0,764.8928941,0.4658348195,2022,11.34176005,123.1066089,San Dionisio,"{""type"":""Polygon"",""coordinates"":[[[123.10593748986811,11.341409066427241],[123.10620503458541,11.341409075652933],[123.10620503458539,11.341139383774571],[123.10674518601681,11.341139366651763],[123.10674518601681,11.34140905721875],[123.10701272854301,11.341409065438912],[123.10701272854301,11.341678831325291],[123.1072802703434,11.34167876346088],[123.1072802703434,11.342218221433582],[123.10674518601681,11.342218209223681],[123.10674518601681,11.342487978361296],[123.10647257857691,11.342487933232972],[123.10647257857691,11.341948469603977],[123.10593748986811,11.341948529186576],[123.10593748986811,11.341409066427241]]]}"
00fb0000000000003222,CONCEPCION-024,3754.27184,6.107555089,-1.986776645,0.2370398682,8.089512133,26.44391404,1.662020577,0,8459.470567,0.4626833334,2022,11.29946684,123.1750601,Concepcion,"{""type"":""Polygon"",""coordinates"":[[[123.17384647558924,11.299098396901819],[123.17465412875845,11.299098376266146],[123.17465412875845,11.2993680664798],[123.17519433316494,11.299368102128183],[123.17519433316494,11.299098413229895],[123.17573453459445,11.299098373822128],[123.17573453459445,11.299368061404794],[123.17600206100234,11.299368063700935],[123.17600206100234,11.299907440177007],[123.17519433316494,11.299907407520092],[123.17519433316494,11.299637716879577],[123.17411906785517,11.299637750597068],[123.17411906785517,11.299368058209254],[123.17384647558924,11.299368089082265],[123.17384647558924,11.299098396901819]]]}"
00fb0000000000003267,CONCEPCION-025,3754.27184,2.318014706,-41.36741493,0.2604104831,3.703220455,26.44391404,1.662020577,0,3575.624022,0.4143536249,2022,11.14635747,123.1282223,Concepcion,"{""type"":""Polygon"",""coordinates"":[[[123.12749341217679,11.14629418114851],[123.12776613309458,11.146294210646891],[123.12776613309458,11.145755149193239],[123.12830118908754,11.14575514661752],[123.12830118908754,11.14602467559988],[123.12884130521066,11.146024643009644],[123.12884130521063,11.146833306222762],[123.12776613309458,11.146833275634107],[123.12776613309458,11.14656374269881],[123.12749341217679,11.146563713864344],[123.12749341217679,11.14629418114851]]]}"
00fb000000000000332f,SAN_DIONISIO-011,3754.27184,3.201179071,-11.63624401,0.3152892653,4.041496985,26.44391404,1.662020577,178.8741609,104.6356109,0.3936431363,2022,11.3666763,123.1103817,San Dionisio,"{""type"":""Polygon"",""coordinates"":[[[123.10970854163459,11.366743687379323],[123.11024867387515,11.366743687184423],[123.11024867387515,11.36593447468432],[123.11078373919011,11.365934439050573],[123.11078373919011,11.365664754660253],[123.11105642054106,11.365664726635323],[123.11105642054106,11.366204170077987],[123.11078373919011,11.366204199426983],[123.11078373919011,11.367013410625217],[123.11024867387515,11.367013451455295],[123.11024867387515,11.36781869280767],[123.10997599029008,11.367818649969337],[123.10997599029008,11.36728317243916],[123.10970854163459,11.367283144285832],[123.10970854163459,11.366743687379323]]]}"
00fb000000000000341d,CONCEPCION-026,3754.27184,4.556918093,-32.71645338,0.3933796022,6.37785517,26.44391404,1.662020577,115.0442944,4951.591441,0.4513008039,2022,11.24183318,123.129594,Concepcion,"{""type"":""Polygon"",""coordinates"":[[[123.12830118908754,11.24142873643293],[123.12964907105999,11.24142876350263],[123.12964907105999,11.241698376465624],[123.13045674446708,11.241698382367538],[123.13045674446708,11.241967994241385],[123.13099693457349,11.241968002429106],[123.13099693457349,11.242237613864397],[123.12964907105999,11.24223760501796],[123.12964907105999,11.241967990304076],[123.12857382195288,11.241967998333498],[123.12857382195288,11.241698381879614],[123.12830118908754,11.241698352674392],[123.12830118908754,11.24142873643293]]]}"
00fb0000000000003446,AJUY-008,3754.27184,4.247047928,0.5117327247,0.2400282039,4.277869893,26.44391404,1.662020577,0,797.9559598,0.4118572568,2022,11.16509077,123.079977,Ajuy,"{""type"":""Polygon"",""coordinates"":[[[123.08114049110736,11.165701618016708],[123.0803327571908,11.165701582356384],[123.08033275719083,11.165432022146199],[123.07925748551581,11.165432029694776],[123.07925748551581,11.164623421474701],[123.07952501667418,11.164623375260671],[123.07952501667418,11.164353816613316],[123.08006522821836,11.164353836674358],[123.08006522821836,11.164892952225111],[123.08033275719083,11.164892904370154],[123.0803327571908,11.165162462817449],[123.08060028543925,11.165162488944759],[123.08060028543925,11.16543204762345],[123.08114049110736,11.165432059769358],[123.08114049110736,11.165701618016708]]]}"
00fb00000000000034d7,CONCEPCION-027,3754.27184,4.397078064,10.16683197,0.4630629212,4.381492778,26.44391404,1.662020577,0,11166.85797,0.444254419,2022,11.2175013,123.1837161,Concepcion,"{""type"":""Polygon"",""coordinates"":[[[123.18462958907232,11.217980273364823],[123.18381670061507,11.217980253283855],[123.18381670061507,11.217710624464324],[123.18274144414616,11.21771066554035],[123.18274144414616,11.217441034977252],[123.18247393613689,11.21744106789507],[123.18247393613689,11.217171437557859],[123.18462958907232,11.217171395486506],[123.18462958907232,11.217980273364823]]]}"
00fb0000000000003558,CONCEPCION-028,3754.27184,4.468859921,-5.120636839,0.4164330389,2.595467643,26.44391404,1.662020577,0.1748587209,4873.590194,0.4199716508,2022,11.14773414,123.1416711,Concepcion,"{""type"":""Polygon"",""coordinates"":[[[123.14123981928942,11.147641920227844],[123.14123981928942,11.147102840659556],[123.14204756913907,11.147102797583182],[123.14204756913907,11.147372372409158],[123.14231510156507,11.147372344562212],[123.14231510156507,11.147641919619993],[123.14258778139636,11.147641927278382],[123.14258778139633,11.147911427652568],[123.14231510156507,11.14791142065833],[123.14231510156507,11.148180997483232],[123.14150735391343,11.148180974517462],[123.14150735391343,11.148450554193928],[123.14123981928942,11.148450508753971],[123.14123981928942,11.148181003329954],[123.14096722152317,11.148180984688471],[123.14096722152317,11.147911404579691],[123.14069968542945,11.147911432078345],[123.14069968542945,11.147641927105344],[123.14123981928942,11.147641920227844]],[[123.14150735391343,11.147641892718969],[123.14150735391343,11.147911470628339],[123.14123981928942,11.147911423885247],[123.14123981928942,11.147641920227844],[123.14150735391343,11.147641892718969]]]}"
00fb00000000000036a2,SAN_DIONISIO-012,3754.27184,8.709767964,3.247316215,0.3664636099,3.905956265,26.44391404,1.662020577,894.4211874,1136.535757,0.4425396142,2022,11.266932,123.096496,San Dionisio,"{""type"":""Polygon"",""coordinates"":[[[123.09569453938792,11.26621942306375],[123.09650231938762,11.266219398561875],[123.09650231938762,11.266489022436904],[123.09704243809728,11.266489028114872],[123.09704243809728,11.267028350902049],[123.09731000693547,11.267028325164082],[123.09731000693547,11.267567650144061],[123.09596211187979,11.267567610651609],[123.09596211187979,11.267297981972328],[123.09623474836003,11.267297999730951],[123.09623474836003,11.267028372586736],[123.09596211187979,11.26702835416602],[123.09596211187979,11.266758727232697],[123.09569453938792,11.266758675610733],[123.09569453938792,11.26621942306375]]]}"
00fb00000000000036b3,CONCEPCION-029,3754.27184,4.727970065,-6.838487368,0.2761329192,3.450872589,26.44391404,1.662020577,0,6894.680176,0.2936361498,2022,11.26677815,123.1491379,Concepcion,"{""type"":""Polygon"",""coordinates"":[[[123.14851430522216,11.267028383932477],[123.14878696785476,11.267028389634056],[123.14878696785476,11.266758741076217],[123.14905456773297,11.266758705520466],[123.14905456773297,11.265684097910755],[123.14932208108604,11.265684075355688],[123.14932208108604,11.26514479042946],[123.14959474147699,11.265144799747056],[123.14959474147699,11.266489039998577],[123.14932208108604,11.266489033988835],[123.14932208108604,11.267567624757604],[123.14959474147699,11.267567628113206],[123.14959474147699,11.267837277325832],[123.14851430522216,11.267837261830579],[123.14851430522216,11.267028383932477]]]}"
00fb00000000000036cb,CONCEPCION-030,3754.27184,5.849466392,-7.909063381,0.3577392119,7.1627061,26.44391404,1.662020577,0,6919.247907,0.4480201457,2022,11.26191565,123.1505763,Concepcion,"{""type"":""Polygon"",""coordinates"":[[[123.1520178509066,11.262178664888333],[123.15147760469152,11.262178679149358],[123.1514776046915,11.261909052855355],[123.15121009720788,11.26190906896149],[123.15121009720788,11.262178695906593],[123.15094258899576,11.262178712332952],[123.15094258899576,11.262448340803079],[123.15040242266255,11.262448342959228],[123.15040242266255,11.262178713174483],[123.14905456773297,11.262178649897882],[123.14905456773297,11.26190901770706],[123.14878696785476,11.261909041548197],[123.14878696785476,11.261639409580024],[123.14932208108604,11.261639373601708],[123.14932208108604,11.261909004267505],[123.15066993234556,11.261909069156603],[123.15066993234556,11.26136974025871],[123.15147760469152,11.261369727889441],[123.15147760469152,11.261639427435297],[123.15175034489418,11.261639431927337],[123.15175034489418,11.26190905668362],[123.1520178509066,11.261909039909224],[123.1520178509066,11.262178664888333]]]}"
00fb0000000000003848,BATAD-004,3754.27184,3.600557286,4.085309326,0.4342773947,4.025147836,26.44391404,1.662020577,611.9145377,3220.049607,0.4852823645,2022,11.38722477,123.1445067,Batad,"{""type"":""Polygon"",""coordinates"":[[[123.14393563921995,11.38749454973336],[123.14420316650767,11.387494539939558],[123.1442031665077,11.386145736338946],[123.1450108920085,11.386145740140373],[123.1450108920085,11.387494533926532],[123.1447433669192,11.387494544729684],[123.1447433669192,11.38830378824461],[123.14393563921995,11.388303799136652],[123.14393563921995,11.38749454973336]]]}"
00fb00000000000038d7,SAN_DIONISIO-013,3754.27184,5.553843735,13.87995563,0.4284918022,3.762650633,26.44391404,1.662020577,1102.771539,1033.886201,0.4729905086,2022,11.26461055,123.0955486,San Dionisio,"{""type"":""Polygon"",""coordinates"":[[[123.09488683862216,11.26379657494065],[123.0951544133032,11.263796559659667],[123.0951544133032,11.263526941230065],[123.09569453938792,11.26352688964642],[123.09569453938792,11.264066199794824],[123.09596211187979,11.264066182864765],[123.09596211187979,11.264605495206892],[123.09623474836003,11.264605519577186],[123.09623474836003,11.265144759048011],[123.09596211187979,11.265144811042592],[123.09596211187979,11.265684055330526],[123.09542705201412,11.2656840859395],[123.09542705201412,11.265414462059393],[123.0951544133032,11.265414438657062],[123.0951544133032,11.264335874179018],[123.09488683862216,11.264335815719265],[123.09488683862216,11.26379657494065]]]}"
00fb0000000000003c9a,CONCEPCION-031,3754.27184,4.94845262,-3.595717468,0.2603604847,2.462565157,26.44391404,1.662020577,251.9576022,96.12631136,0.4194331204,2022,11.17489889,123.0825443,Concepcion,"{""type"":""Polygon"",""coordinates"":[[[123.08087296432095,11.17648009910115],[123.08087296432095,11.175940911732383],[123.08114049110736,11.17594091120373],[123.08114049110736,11.175401803627624],[123.08141308264337,11.175401851376682],[123.08141308264337,11.175132262087038],[123.08168060796797,11.175132262845228],[123.08168060796797,11.174593088208539],[123.08194813256847,11.174593089938494],[123.08194813256847,11.174323579559482],[123.08248833087025,11.174323545061934],[123.08248833087025,11.174053961908434],[123.08276100454336,11.17405400064839],[123.08276100454336,11.173784419038272],[123.08356871861609,11.173784461808212],[123.08356871861609,11.174053966488813],[123.08383623810579,11.174053967200553],[123.08383623810579,11.174323547078222],[123.0841037568713,11.174323546811316],[123.0841037568713,11.175132214811317],[123.08329604717147,11.175132258806304],[123.08329604717147,11.174593092021517],[123.08302852621951,11.174593091946717],[123.08302852621951,11.174862675548884],[123.08222080773191,11.174862713594987],[123.08222080773191,11.175132225072494],[123.08194813256847,11.1751322632749],[123.08194813256847,11.175671365165151],[123.08168060796797,11.175671366035587],[123.08168060796797,11.176210547717785],[123.08141308264337,11.176210549559984],[123.08141308264337,11.17648006740197],[123.08087296432095,11.17648009910115]]]}"
00fb0000000000003f34,CONCEPCION-032,3754.27184,9.680234808,24.23150075,0.4650198751,6.570678273,26.44391404,1.662020577,364.0081729,5342.229432,0.4393433981,2022,11.25374552,123.1359523,Concepcion,"{""type"":""Polygon"",""coordinates"":[[[123.13423286436878,11.2527452407169],[123.13504058596098,11.252745288307253],[123.13504058596098,11.25247565260659],[123.13530813744943,11.252475604270076],[123.13530813744943,11.252205970095142],[123.13558075090197,11.252206039636276],[123.135580750902,11.251666775236483],[123.13638846142698,11.25166675065322],[123.13638846142698,11.252475642669737],[123.13665600924936,11.252475667669252],[123.13665600924936,11.254093471413187],[123.13584830092128,11.254093439677273],[123.13584830092128,11.254632718518438],[123.13638846142698,11.254632726531627],[123.13638846142698,11.25490236594995],[123.13665600924936,11.254902385092057],[123.13665600924936,11.255980873902043],[123.13638846142698,11.2559809323682],[123.13638846142698,11.256789866363583],[123.13584830092128,11.256789793856854],[123.13584830092128,11.2562505760302],[123.13612099868473,11.256250549216475],[123.13612099868473,11.255171976697994],[123.13584830092128,11.25517200085774],[123.13584830092128,11.25490235925083],[123.13558075090197,11.254902339109766],[123.135580750902,11.254632697726551],[123.13530813744943,11.254632709156704],[123.13530813744943,11.254093427687446],[123.13558075090197,11.254093417583759],[123.135580750902,11.253554215942726],[123.13584830092128,11.253554164334403],[123.13584830092128,11.253014892489965],[123.13530813744943,11.253014875243984],[123.13530813744943,11.253284512042923],[123.13504058596098,11.253284562332562],[123.13504058596098,11.253014924882578],[123.13423286436878,11.253014879257021],[123.13423286436878,11.2527452407169]]]}"
00fb0000000000003f7a,SAN_DIONISIO-014,3754.27184,3.865370461,-19.78518091,0.4767027823,2.602565698,26.44391404,1.662020577,138.9640277,0,0.4837554309,2022,11.36466997,123.1249979,San Dionisio,"{""type"":""Polygon"",""coordinates"":[[[123.12183432556883,11.364046298178904],[123.12507029912778,11.36404627314273],[123.12507029912778,11.364316067880026],[123.12587801010389,11.364316023819761],[123.12587801010389,11.364585742350565],[123.12695328865784,11.364585760234423],[123.12695328865784,11.364316044315302],[123.12722592525635,11.364315999052444],[123.12722592525635,11.364046284660906],[123.12776613309458,11.364046306946076],[123.12776613309458,11.364585733970193],[123.12749341217679,11.364585791400629],[123.12749341217679,11.36485550687311],[123.12695328865784,11.364855477018738],[123.12695328865784,11.365125269777694],[123.12641822533863,11.365125277549495],[123.12641822533863,11.365394997364048],[123.12398993672129,11.36539497294435],[123.12398993672129,11.365125247232013],[123.12372244028244,11.365125242179317],[123.12372244028244,11.364855516682503],[123.1234497939825,11.364855483706647],[123.1234497939825,11.36458575841296],[123.12291471162432,11.36458575484512],[123.12291471162432,11.364316029117116],[123.12183432556883,11.364316025665516],[123.12183432556883,11.364046298178904]]]}"
00fb0000000000003fda,CONCEPCION-033,3754.27184,2.661123148,2.364635525,0.3651345922,2.39076751,26.44391404,1.662020577,0,7215.347487,0.372498646,2022,11.29669611,123.1568069,Concepcion,"{""type"":""Polygon"",""coordinates"":[[[123.15525377516148,11.296405573641227],[123.15579400060525,11.29640560810157],[123.15579400060525,11.296135956572416],[123.15552127163168,11.296135892057874],[123.15552127163168,11.295326940706916],[123.15660171660377,11.295326867394799],[123.15660171660377,11.295596589371856],[123.15740942595785,11.295596594618312],[123.15740942595785,11.295866240474263],[123.15767691655545,11.295866209711887],[123.15767691655542,11.29613593081481],[123.15740942595785,11.296135887201325],[123.15740942595785,11.296405609826762],[123.15767691655545,11.296405577762211],[123.15767691655542,11.296675300608028],[123.15821712866712,11.29667525265488],[123.15821712866712,11.297214623303546],[123.15794955375259,11.297214593730871],[123.15794955375259,11.29774999267634],[123.15767691655545,11.297749999121365],[123.15767691655545,11.298289379343547],[123.15740942595785,11.298289340927095],[123.15740942595785,11.298559070510443],[123.1568692094019,11.298559050595104],[123.1568692094019,11.297484333833363],[123.15713670147129,11.29748429983458],[123.15713670147129,11.297214648088072],[123.1560614956038,11.29721461093055],[123.1560614956038,11.296944957438921],[123.15552127163168,11.296944926277833],[123.15552127163168,11.296675272342872],[123.15525377516151,11.296675302384816],[123.15525377516148,11.296405573641227]]]}"
00fb00000000000040c2,CONCEPCION-034,3754.27184,4.715520629,-11.63415607,0.3719623177,2.273340254,26.44391404,1.662020577,0,6729.466262,0.2986019868,2022,11.30433822,123.157107,Concepcion,"{""type"":""Polygon"",""coordinates"":[[[123.15579400060525,11.302873904444398],[123.15632898987363,11.302873887794226],[123.15632898987363,11.303143559781635],[123.15740942595785,11.303143556272227],[123.15740942595785,11.303413226501272],[123.15821712866712,11.303413246780929],[123.15821712866712,11.304218355040476],[123.15848461706405,11.304218378145451],[123.15848461706405,11.304488049228022],[123.15875725201816,11.304488025183268],[123.15875725201816,11.30475769647286],[123.15902482473125,11.304757706831332],[123.15902482473125,11.305297050719853],[123.15632898987363,11.305297065149993],[123.15632898987363,11.305566744959783],[123.15579400060525,11.30556677460922],[123.15579400060525,11.302873904444398]],[[123.15713670147129,11.30394869958585],[123.15660171660377,11.303948648395018],[123.15660171660377,11.303678974472081],[123.15713670147129,11.303678951930504],[123.15713670147129,11.30394869958585]]]}"
00fb000000000000410a,CONCEPCION-035,3754.27184,1.362645986,-9.862903283,0.3043382262,2.598055606,26.44391404,1.662020577,0,7448.371929,0.4502917681,2022,11.26323016,123.1561574,Concepcion,"{""type"":""Polygon"",""coordinates"":[[[123.15363325258399,11.263257247462695],[123.15444604807537,11.263257241135022],[123.15444604807537,11.262987618570074],[123.15579400060525,11.262987616923162],[123.15579400060525,11.263257236207169],[123.1560614956038,11.263257286173125],[123.1560614956038,11.262717974782953],[123.1568692094019,11.262717996707577],[123.1568692094019,11.262448306791349],[123.15632898987363,11.262448334488125],[123.15632898987363,11.261369728298249],[123.15713670147129,11.261369759054702],[123.15713670147129,11.261639369826609],[123.15740942595785,11.261639367180802],[123.15740942595785,11.262448352741778],[123.15767691655545,11.262448327664746],[123.15767691655545,11.262717940617641],[123.15794955375259,11.262717945370616],[123.15794955375259,11.262987633530539],[123.15821712866712,11.262987595746564],[123.15821712866712,11.26325728412916],[123.15848461706405,11.26325725609917],[123.15848461706405,11.263526944704658],[123.15767691655545,11.263526934714298],[123.15767691655542,11.264066168485353],[123.15713670147129,11.264066206091368],[123.15713670147129,11.263796587453866],[123.1568692094019,11.263796540120792],[123.1568692094019,11.263526921706108],[123.15660171660377,11.263526873390875],[123.15660171660377,11.263796567454982],[123.15552127163168,11.263796558315269],[123.15552127163168,11.264066180884775],[123.15525377516148,11.264066207202662],[123.15525377516151,11.264335831297117],[123.15552127163168,11.26433587932774],[123.15552127163168,11.264605503645008],[123.15525377516148,11.264605456265318],[123.15525377516148,11.264875157107612],[123.1547136325374,11.264875106867077],[123.15471363253742,11.26460547971036],[123.15417340115029,11.264605512542516],[123.15417340115029,11.264066183219942],[123.15444604807537,11.26406618907294],[123.15444604807537,11.263796563886315],[123.15417340115029,11.26379655736973],[123.15417340115029,11.263526932393313],[123.15363325258399,11.263526872879789],[123.15363325258399,11.263257247462695]]]}"
00fb0000000000004258,CONCEPCION-036,3754.27184,5.594793472,-7.183547768,0.5004079668,2.873972789,26.44391404,1.662020577,502.9341841,7076.235675,0.2988530207,2022,11.25022418,123.1517479,Concepcion,"{""type"":""Polygon"",""coordinates"":[[[123.14986225335926,11.248704721432789],[123.15012976451314,11.248704738879258],[123.15012976451314,11.248435078014804],[123.15066993234556,11.248435144863743],[123.15066993234556,11.248165486189425],[123.15094258899576,11.248165460603133],[123.15094258899576,11.247895878455992],[123.1514776046915,11.247895839266608],[123.15147760469152,11.248974392860971],[123.15175034489418,11.248974353544419],[123.15175034489418,11.24924401221409],[123.15229050381551,11.24924399608547],[123.15229050381551,11.24951365431533],[123.15255800835683,11.249513666806967],[123.15255800835683,11.250052909601198],[123.15282551216968,11.250052920459895],[123.15282551216968,11.250322505023913],[123.15309816283663,11.25032254640113],[123.15309816283663,11.25059220616532],[123.15363325258399,11.250592137899593],[123.15363325258399,11.250861797235997],[123.15417340115029,11.250861768518593],[123.15417340115029,11.251127453014437],[123.15444604807537,11.251127490711978],[123.15444604807537,11.251397074818168],[123.15525377516148,11.251397110335972],[123.15525377516151,11.251666768339302],[123.15336575097112,11.251666725097996],[123.15336575097112,11.251397062498059],[123.15309816283663,11.251397141267216],[123.15309816283663,11.25166672952898],[123.15255800835683,11.251666759488764],[123.15255800835683,11.251397094922192],[123.1520178509066,11.251397122218867],[123.1520178509066,11.251127457212295],[123.15175034489418,11.2511274479502],[123.15175034489418,11.250861757642154],[123.1514776046915,11.250861801607034],[123.15147760469152,11.250592137022537],[123.15121009720788,11.250592200790074],[123.15121009720788,11.251936336201554],[123.15094258899576,11.251936402885871],[123.15094258899576,11.252205998143504],[123.15066993234556,11.25220603367697],[123.15066993234556,11.251666767717385],[123.15040242266255,11.251666758091357],[123.15040242266255,11.250592133585783],[123.15012976451314,11.250592164465816],[123.15012976451314,11.25032249747517],[123.15040242266255,11.250322542249515],[123.15040242266255,11.250052876797707],[123.15012976451314,11.250052906350197],[123.15012976451314,11.249513651734558],[123.14986225335926,11.249513636241444],[123.14986225335926,11.248704721432789]]]}"
00fb00000000000042f2,CONCEPCION-037,3754.27184,6.748332054,-9.036135418,0.3461086192,4.288660407,26.44391404,1.662020577,0,5830.053001,0.4516705999,2022,11.26148769,123.1419666,Concepcion,"{""type"":""Polygon"",""coordinates"":[[[123.13881163901118,11.261100104567802],[123.13935178324225,11.26110014866994],[123.13935178324225,11.260830496365292],[123.140159462798,11.260830465924089],[123.140159462798,11.26056081645871],[123.14096722152317,11.260560849243976],[123.14096722152317,11.259482267984522],[123.14231510156507,11.25948227519293],[123.14231510156507,11.259751915917025],[123.1428552265503,11.259751882833744],[123.1428552265503,11.260021523117654],[123.14339543436944,11.260021551646311],[123.14339543436944,11.260291191489992],[123.1450108920085,11.260291158796692],[123.1450108920085,11.260560795583471],[123.14555108798075,11.260560816098367],[123.14555108798075,11.260830452444791],[123.1447433669192,11.260830438746543],[123.1447433669192,11.260560800434694],[123.1428552265503,11.260560806307831],[123.1428552265503,11.260291164275692],[123.14231510156507,11.26029119998765],[123.14231510156507,11.260560843334135],[123.14258778139633,11.260560797763059],[123.14258778139636,11.261369731056094],[123.1428552265503,11.261369737648707],[123.1428552265503,11.262448325006249],[123.14258778139633,11.26244832101655],[123.14258778139633,11.262717970691611],[123.1428552265503,11.26271797403058],[123.1428552265503,11.262987623928847],[123.14312275677838,11.262987615554515],[123.14312275677838,11.263257265675724],[123.14339543436944,11.263257287457183],[123.14339543436944,11.26352693778888],[123.14366296312738,11.263526927444168],[123.14366296312738,11.264066229427208],[123.14393563921995,11.264066173529697],[123.14393563921995,11.264335825168319],[123.14447069306728,11.264335873912621],[123.14447069306728,11.264605525123294],[123.14339543436944,11.26460547284619],[123.14339543436944,11.264066166066259],[123.14312275677838,11.264066221282706],[123.14312275677838,11.263796568539844],[123.1428552265503,11.263796578867131],[123.1428552265503,11.263526926347145],[123.14204756913907,11.263526911500545],[123.14204756913907,11.263257257889332],[123.14178003598506,11.263257265584343],[123.14178003598506,11.262717959681734],[123.14150735391343,11.26271800954358],[123.14150735391343,11.26217870580951],[123.14178003598506,11.26217865727492],[123.14178003598506,11.261909007382483],[123.14123981928942,11.261909059025434],[123.14123981928942,11.261639408692425],[123.14096722152317,11.261639369481921],[123.14096722152317,11.26190902047806],[123.13989201031103,11.261909063900918],[123.13989201031103,11.261639410288613],[123.13935178324225,11.261639380893236],[123.13935178324225,11.261369726840703],[123.13881163901118,11.261369759060527],[123.13881163901118,11.261100104567802]]]}"
00fb000000000000433b,CONCEPCION-038,3754.27184,5.952840511,-0.6603598999,0.2823096282,3.059217663,26.44391404,1.662020577,0,0,0.4202458409,2022,11.17007571,123.0903154,Concepcion,"{""type"":""Polygon"",""coordinates"":[[[123.08760727579944,11.171897506016512],[123.08814744316402,11.171897469307483],[123.08814744316402,11.171627907835989],[123.08787993534689,11.171627906565773],[123.08787993534689,11.17135834532503],[123.08814744316402,11.17135834724546],[123.08814744316402,11.170280113693332],[123.08842010122058,11.170280154625788],[123.08842010122058,11.170010599102952],[123.08868760757493,11.170010528651748],[123.08868760757493,11.16947142155022],[123.08895511320482,11.169471427030775],[123.08895511320483,11.169201875451868],[123.08949527319908,11.16920192349175],[123.08949527319908,11.168932299148803],[123.09003551608735,11.16893233653181],[123.09003551608735,11.168662789341326],[123.09030301806675,11.168662795118099],[123.09030301806675,11.168393174502032],[123.09084317068951,11.168393223139718],[123.09084317068951,11.168123679674885],[123.09138340620487,11.168123642699813],[123.09138340620487,11.167854101429526],[123.09192355291856,11.167854075059756],[123.09192355291856,11.168393230811095],[123.09219104978402,11.168393234920918],[123.09219104978402,11.168662775990393],[123.09245863177073,11.168662768490238],[123.09245863177073,11.168393228071263],[123.09273127792574,11.168393193292143],[123.09273127792574,11.168123654417233],[123.0935389963258,11.168123615869291],[123.0935389963258,11.168662765527873],[123.09326635240107,11.168662727024918],[123.09326635240107,11.169471422633384],[123.09299877260311,11.16947143307674],[123.09299877260314,11.169740975707189],[123.09245863177073,11.169741013933999],[123.09245863177073,11.170010558758703],[123.09111075632843,11.17001056829251],[123.09111075632843,11.169741020191216],[123.09165090453342,11.16974098530452],[123.09165090453342,11.169201894371456],[123.09138340620487,11.169201891549534],[123.09138340620487,11.168932346754394],[123.09057567017311,11.168932308249211],[123.09057567017311,11.169201855007719],[123.09030301806675,11.169201889079742],[123.09030301806675,11.16947143738224],[123.09003551608735,11.16947143355616],[123.09003551608735,11.169740983389987],[123.08976286248986,11.169741018112271],[123.08976286248986,11.170280121748895],[123.09003551608735,11.17028016065971],[123.09003551608735,11.170549713136959],[123.09057567017308,11.17054967697528],[123.09057567017308,11.170280125811157],[123.09138340620487,11.170280154498883],[123.09138340620487,11.170549703699605],[123.09111075632846,11.170549667138232],[123.09111075632843,11.17081921788263],[123.09057567017311,11.170819229020424],[123.09057567017308,11.171088781946567],[123.09030301806675,11.17108882065898],[123.09030301806675,11.171627930479984],[123.08976286248986,11.171627896258387],[123.08976286248986,11.171897453803213],[123.08949527319908,11.171897465799747],[123.08949527319908,11.172436584833152],[123.08842010122058,11.172436630524802],[123.08842010122058,11.172167067954064],[123.08760727579944,11.172167069682024],[123.08760727579944,11.171897506016512]],[[123.09299877260311,11.169201891327365],[123.09245863177073,11.169201851971561],[123.09245863177073,11.16893230979034],[123.09299877260311,11.168932350459084],[123.09299877260311,11.169201891327365]]]}"
00fb0000000000004434,CONCEPCION-039,3754.27184,6.667640597,0.2031714228,0.3797002319,4.97449271,26.44391404,1.662020577,0,5977.632002,0.4328949808,2022,11.25572395,123.1435761,Concepcion,"{""type"":""Polygon"",""coordinates"":[[[123.140159462798,11.25544161782689],[123.14043214860779,11.255441662573043],[123.14043214860779,11.255172031243674],[123.14096722152317,11.255171982892431],[123.14096722152317,11.254902353739569],[123.14123981928942,11.254902334517036],[123.14123981928942,11.254632706901978],[123.14150735391343,11.25463272069561],[123.14150735391343,11.254093469390812],[123.14178003598504,11.25409344075456],[123.14178003598504,11.253823817077524],[123.14204756913907,11.253823832155893],[123.14204756913907,11.253554210004316],[123.14231510156507,11.253554150403842],[123.14231510156507,11.253284529777982],[123.14339543436944,11.253284514589648],[123.14339543436944,11.253823826456822],[123.14312275677838,11.253823781466208],[123.14312275677838,11.254363098159402],[123.1428552265503,11.254363085712436],[123.1428552265503,11.254632708522426],[123.14258778139636,11.254632685671492],[123.14258778139636,11.25517201021647],[123.14231510156507,11.255171967524609],[123.14231510156507,11.2554416692729],[123.1428552265503,11.255441657199508],[123.1428552265503,11.255711283507592],[123.14393563921995,11.255711306236252],[123.14393563921995,11.255441607557511],[123.14339543436944,11.255441633052806],[123.14339543436944,11.255172008933693],[123.14366296312738,11.25517201875972],[123.14366296312738,11.254902396165997],[123.14393563921995,11.254902362822836],[123.14393563921993,11.254632741767185],[123.14420316650767,11.254632752227145],[123.14420316650767,11.254093439043084],[123.1450108920085,11.254093428867762],[123.1450108920085,11.254363120555539],[123.14555108798075,11.254363096285626],[123.14555108798075,11.257598773999147],[123.14581852507213,11.257598786027993],[123.14581852507213,11.25786841212054],[123.14609119518475,11.25786836876083],[123.14609119518475,11.258673350242542],[123.14555108798075,11.258673311147055],[123.14555108798075,11.258138028359992],[123.14528356436176,11.258138028029945],[123.14528356436176,11.257868399761414],[123.1450108920085,11.257868367102452],[123.1450108920085,11.257598739044766],[123.1447433669192,11.257598736744562],[123.1447433669192,11.257329108910174],[123.1450108920085,11.257329111861354],[123.1450108920085,11.256520160557193],[123.1447433669192,11.256520155652918],[123.1447433669192,11.257059481950083],[123.14447069306728,11.257059446619724],[123.14447069306728,11.257329074243213],[123.14420316650767,11.257329070623843],[123.14420316650767,11.257598774773868],[123.14366296312738,11.257598736452836],[123.14366296312738,11.257329105989498],[123.14312275677838,11.257329140006457],[123.14312275677838,11.257059434101327],[123.14258778139633,11.257059486171215],[123.14258778139633,11.256789854840292],[123.14231510156507,11.256789816128734],[123.14231510156507,11.2565201850088],[123.14204756913907,11.256520176770652],[123.14204756913907,11.255980915852046],[123.14178003598506,11.255980905981163],[123.14178003598504,11.255441647258332],[123.14150735391343,11.255441604211494],[123.14150735391343,11.255711308800436],[123.140159462798,11.255711250694029],[123.140159462798,11.25544161782689]],[[123.1450108920085,11.255171975873049],[123.1447433669192,11.255171967713771],[123.1447433669192,11.254902347749178],[123.1450108920085,11.254902356559416],[123.1450108920085,11.255171975873049]],[[123.14447069306728,11.254902382110021],[123.14447069306728,11.254632687357851],[123.1447433669192,11.254632728659045],[123.1447433669192,11.254902347749178],[123.14447069306728,11.254902382110021]]]}"
00fb0000000000004656,SAN_DIONISIO-015,3754.27184,5.548881004,-15.75292256,0.3061494983,2.541736552,26.44391404,1.662020577,0,112.1534966,0.4008387031,2022,11.3276565,123.0980954,San Dionisio,"{""type"":""Polygon"",""coordinates"":[[[123.09273127792574,11.323354496732756],[123.0935389963258,11.32335452895624],[123.0935389963258,11.323624194364681],[123.09380648881503,11.32362419751749],[123.09380648881503,11.323893938239928],[123.09434670811842,11.323893885913005],[123.09434670811842,11.324163626192485],[123.09542705201412,11.324163600715947],[123.09542705201412,11.323893938153159],[123.09569453938792,11.323893938310137],[123.09569453938792,11.323624202171258],[123.09623474836003,11.323624221511242],[123.09623474836003,11.323354487552455],[123.09704243809725,11.323354506628442],[123.09704243809728,11.323084775499181],[123.09839031840049,11.32308481005724],[123.09839031840049,11.323354537914124],[123.09865788358469,11.32335452491436],[123.09865788358469,11.323893906843063],[123.09893051261882,11.323893932404227],[123.09893051261882,11.324163586463532],[123.09865788358469,11.324163636655976],[123.09865788358469,11.324703023795177],[123.09893051261882,11.32470304737098],[123.09893051261882,11.325508115133442],[123.09919807633851,11.325508171367789],[123.09919807633851,11.326047564541902],[123.09893051261882,11.326047584699717],[123.09893051261882,11.32685664537434],[123.10054592720155,11.326856673656687],[123.10054592720155,11.327126333331952],[123.1002733026302,11.327126392842766],[123.1002733026302,11.327665791214903],[123.09973826613545,11.3276657557957],[123.09973826613546,11.327935495130024],[123.10000574182578,11.327935480197985],[123.10000574182578,11.328205144656527],[123.1002733026302,11.328205193059514],[123.1002733026302,11.328474857736595],[123.09946555349298,11.328474898789286],[123.09946555349298,11.328205157056399],[123.09919807633851,11.328205171966278],[123.09919807633851,11.329014251526429],[123.09946555349298,11.329014309764233],[123.09946555349298,11.329283979005773],[123.09973826613545,11.329283979539083],[123.09973826613545,11.32955372408248],[123.09946555349298,11.329553724211312],[123.09946555349298,11.329823395188619],[123.10000574182578,11.329823374920133],[123.10000574182578,11.330358886929677],[123.1002733026302,11.330358855050454],[123.1002733026302,11.330898274229623],[123.10000574182578,11.330898232311078],[123.10000574182578,11.331707407086165],[123.1002733026302,11.33170737195877],[123.1002733026302,11.332246799816412],[123.10000574182578,11.332246836243128],[123.10000574182578,11.332516514574072],[123.1002733026302,11.332516477497787],[123.1002733026302,11.333055910561978],[123.10054592720155,11.33305591159443],[123.10054592720155,11.33359534680595],[123.1002733026302,11.33359534709718],[123.1002733026302,11.334404470857796],[123.10000574182578,11.334404437381473],[123.10000574182578,11.33413475297758],[123.09973826613546,11.33413478283612],[123.09973826613545,11.333865023550429],[123.09946555349298,11.333865034262075],[123.09946555349298,11.333325667169424],[123.09919807633851,11.333325619308381],[123.09919807633851,11.332516498129381],[123.09893051261882,11.33251653386846],[123.09893051261882,11.331977097755527],[123.09865788358469,11.331977092028215],[123.09865788358469,11.33143765806301],[123.09839031840049,11.331437690531779],[123.09839031840049,11.331707370180645],[123.09758263969283,11.331707416887147],[123.09758263969283,11.331977099364156],[123.09704243809725,11.331977124019996],[123.09704243809728,11.33170736513198],[123.09731000693547,11.331707408789596],[123.09731000693547,11.331167970015949],[123.09758263969283,11.331167979437058],[123.09758263969283,11.33089829956321],[123.09785020706663,11.330898269398027],[123.09785020706663,11.330358838454377],[123.09811768787412,11.330358820034744],[123.09811768787412,11.329553699773735],[123.09839031840049,11.329553712131968],[123.09839031840049,11.329014292464535],[123.09865788358469,11.32901426583271],[123.09865788358469,11.328205182338525],[123.09893051261882,11.328205197320997],[123.09893051261882,11.327665788956768],[123.09946555349298,11.327665751290162],[123.09946555349298,11.327396087256364],[123.09865788358469,11.327396031561609],[123.09865788358469,11.326856627082893],[123.09839031840049,11.326856648517845],[123.09839031840049,11.326047583909299],[123.09811768787412,11.326047562948155],[123.09811768787412,11.32577782575737],[123.09731000693547,11.325777828333646],[123.09731000693547,11.325508165144484],[123.09704243809728,11.325508181655877],[123.09704243809728,11.32524242357311],[123.09650231938762,11.325242403354341],[123.09650231938762,11.324972739928363],[123.09623474836003,11.324972679051799],[123.09623474836003,11.32524241822155],[123.09488683862216,11.325242396338533],[123.09488683862216,11.324972728991728],[123.0951544133032,11.324972716449725],[123.0951544133032,11.324702975525666],[123.09407913124828,11.324703045150395],[123.09407913124828,11.324433302484293],[123.09380648881503,11.324433272099842],[123.09380648881503,11.324163604735805],[123.09326635240107,11.324163571151042],[123.09326635240107,11.323893903344407],[123.09299877260311,11.323893910941194],[123.09299877260311,11.323624243353333],[123.09273127792574,11.3236242391968],[123.09273127792574,11.323354496732756]]]}"
00fb00000000000046b8,SAN_DIONISIO-016,3754.27184,4.66875818,2.202605272,0.3661970095,3.080814278,26.44391404,1.662020577,0,0,0.3181892108,2022,11.36339201,123.1210193,San Dionisio,"{""type"":""Polygon"",""coordinates"":[[[123.12587801010389,11.362162137207514],[123.12587801010389,11.36270156131446],[123.12614558650328,11.362701558700191],[123.12614558650328,11.36324106007695],[123.12641822533863,11.3632410184803],[123.12641822533863,11.363776541237348],[123.12533787772229,11.363776550183577],[123.12533787772229,11.363506832936721],[123.12479765655985,11.36350680191115],[123.12479765655985,11.363776520470008],[123.12183432556883,11.363776571557562],[123.12183432556883,11.363506845801503],[123.12075916275855,11.363506845288324],[123.12075916275855,11.363241023608778],[123.12048650825513,11.363241058014717],[123.12048650825513,11.363506805234538],[123.11994626048006,11.36350683710198],[123.11994626048006,11.364316030721696],[123.12048650825513,11.364315994917959],[123.12048650825513,11.364585726542975],[123.12075916275855,11.364585763948666],[123.12075916275855,11.365125228470342],[123.12048650825513,11.365125267502542],[123.12048650825513,11.365664736809565],[123.12021891647889,11.365664739503968],[123.12021891647892,11.364855534891673],[123.11967875305845,11.364855486715342],[123.11967875305845,11.365125222032525],[123.11994626048006,11.365125232128765],[123.11994626048006,11.366204179450992],[123.11967875305845,11.366204171953166],[123.11967875305845,11.366473911596211],[123.11941124491038,11.366473904414287],[123.11941124491038,11.366743645572052],[123.11887107706117,11.366743679658674],[123.11887107706117,11.367013422993397],[123.11779073247746,11.367013414592291],[123.11779073247746,11.36728316141554],[123.1169829551773,11.367283196600578],[123.1169829551773,11.367013447815706],[123.11671543970947,11.36701343857022],[123.11671543970947,11.36674369000088],[123.1169829551773,11.366743699895931],[123.1169829551773,11.366473952841273],[123.11671543970947,11.366473942296658],[123.11671543970947,11.366204195457572],[123.11644277401454,11.366204231999497],[123.11644277401454,11.365934485363345],[123.11590773941947,11.365934459994607],[123.11590773941947,11.365394966719665],[123.11617525708016,11.36539498086999],[123.11617525708016,11.364855492354987],[123.11590773941947,11.364855476905577],[123.11590773941947,11.364316065668708],[123.11644277401454,11.364316023715759],[123.11644277401454,11.36485550747068],[123.11671543970947,11.364855474239809],[123.11671543970947,11.365125216752945],[123.1169829551773,11.365125230545353],[123.1169829551773,11.36539497327416],[123.11725561937745,11.36539501314866],[123.11725561937745,11.365664756080694],[123.11779073247746,11.365664693452818],[123.11779073247746,11.365934435950416],[123.11806339444213,11.365934473473827],[123.11806339444213,11.366204216174598],[123.11941124491038,11.366204164121637],[123.11941124491038,11.36593442469413],[123.11967875305845,11.365934433175259],[123.11967875305845,11.36539495821492],[123.11941124491038,11.365394948434592],[123.11941124491038,11.364855475635828],[123.11913858667603,11.364855512292719],[123.11913858667603,11.36431604163037],[123.11833090625014,11.36431604949799],[123.11833090625014,11.36404631350332],[123.11752321920277,11.36404631636845],[123.11752321920277,11.363506843052308],[123.1169829551773,11.363506792342898],[123.1169829551773,11.36324103674068],[123.11671543970947,11.36324101841102],[123.11671543970947,11.362701546338794],[123.11617525708013,11.36270155397944],[123.11617525708016,11.36243181792968],[123.11590773941947,11.362431871758593],[123.11590773941947,11.361352933614846],[123.11617525708016,11.36135288238498],[123.11617525708016,11.361083150662475],[123.1169829551773,11.361083174418045],[123.1169829551773,11.361352904179318],[123.11725561937745,11.36135287886086],[123.11725561937745,11.361892339655439],[123.11779073247746,11.361892370315855],[123.11779073247746,11.362162100711988],[123.11752321920277,11.362162080791558],[123.11752321920277,11.36324101362833],[123.11779073247746,11.363241030950554],[123.11779073247746,11.362971297092843],[123.11941124491038,11.362971329065608],[123.11941124491038,11.363241058988175],[123.11967875305845,11.363241073955633],[123.11967875305845,11.362971344682649],[123.11994626048006,11.362971284853757],[123.11994626048006,11.362701557095951],[123.12479765655985,11.36270155708158],[123.12479765655985,11.360543710217868],[123.12507029912778,11.360543676957624],[123.12507029912778,11.360004262775183],[123.12561051879435,11.360004235045997],[123.12561051879435,11.359734530565252],[123.12614558650328,11.359734475678138],[123.12614558650328,11.359464773362724],[123.1266857144537,11.3594647563653],[123.1266857144537,11.360543715783212],[123.12614558650328,11.360543662923419],[123.12614558650328,11.360813443807256],[123.12641822533863,11.360813408172199],[123.12641822533863,11.361892387502813],[123.1266857144537,11.361892396980666],[123.1266857144537,11.362431815433016],[123.12614558650328,11.362431846863961],[123.12614558650328,11.362162135893083],[123.12587801010389,11.362162137207514]],[[123.12561051879435,11.36216212737224],[123.12561051879435,11.361892340859658],[123.12587801010389,11.361892351344784],[123.12587801010389,11.362162137207514],[123.12561051879435,11.36216212737224]]]}"
00fc0000000000004cc6,BAROTAC_VIEJO-001,3477.134794,5.73015873,51.07027674,0.2776090038,3.578713798,25.96867806,1.143146287,58.9624987,1797.259224,100,2022,11.03405245,122.8802329,Barotac Viejo,"{""type"":""Polygon"",""coordinates"":[[[122.88009914710462,11.033917750264912],[122.88036669680041,11.033917724799734],[122.88036669680041,11.034187187250415],[122.88009914710462,11.034187138386157],[122.88009914710462,11.033917750264912]]]}"
00fc0000000000004ccb,BAROTAC_VIEJO-002,3477.134794,3.965116279,-24.49053644,0.2574691061,2.041332981,25.96867806,1.143146287,0,1752.130374,100,2022,11.03378301,122.8796953,Barotac Viejo,"{""type"":""Polygon"",""coordinates"":[[[122.87955896984379,11.033648278282705],[122.87983159669756,11.033648312552856],[122.87983159669756,11.03391770042999],[122.87955896984379,11.033917741794284],[122.87955896984379,11.033648278282705]]]}"
00fc0000000000004cdd,BAROTAC_VIEJO-003,3477.134794,5,16.5506034,0.2688798325,0.8146251014,25.96867806,1.143146287,66.02074342,1817.926563,100,2022,11.03351356,122.8802329,Barotac Viejo,"{""type"":""Polygon"",""coordinates"":[[[122.88009914710462,11.033378826742592],[122.88036669680041,11.033378877545449],[122.88036669680044,11.033648263239732],[122.88009914710462,11.033648288058403],[122.88009914710462,11.033378826742592]]]}"
00fc0000000000004d99,ANILAO-001,3425.077506,3.69047619,-0.7580144995,0.1344964981,3.652761459,26.12664229,1.041626548,384.0951592,75.4139187,100,2022,10.97557032,122.7756686,Anilao,"{""type"":""Polygon"",""coordinates"":[[[122.77553480600199,10.975435595227728],[122.77580237415083,10.975435642530181],[122.77580237415083,10.975705013495999],[122.77553480600199,10.975705041829922],[122.77553480600199,10.975435595227728]]]}"
00fc00000000000052a9,BAROTAC_NUEVO-001,3425.077506,0,-1.658773422,0.1413432682,0.9283014148,26.12664229,1.041626548,213.3053187,327.3066088,0.2382772969,2022,10.89526042,122.7789045,Barotac Nuevo,"{""type"":""Polygon"",""coordinates"":[[[122.77877080903973,10.895125749196744],[122.77903828255046,10.89512577022594],[122.77903828255046,10.895395090571904],[122.77877080903974,10.895395070187408],[122.77877080903973,10.895125749196744]]]}"
00fc000000000000556a,DUMANGAS-001,3425.077506,0,6.186086073,0.1477523522,0,26.12664229,1.041626548,0,610.3882685,100,2022,10.87505064,122.7786345,Dumangas,"{""type"":""Polygon"",""coordinates"":[[[122.77849816789795,10.874916010403131],[122.77877080903974,10.874915987969759],[122.77877080903974,10.875185316170931],[122.77849816789795,10.875185264364902],[122.77849816789795,10.874916010403131]]]}"
00fc0000000000005664,DUMANGAS-002,3425.077506,0.2301587302,-2.809989182,0.2746447977,1.832582741,26.12664229,1.041626548,235.8781222,338.4299235,100,2022,10.86507891,122.7530323,Dumangas,"{""type"":""Polygon"",""coordinates"":[[[122.7528985057825,10.864944224534167],[122.75316604735215,10.864944273831084],[122.75316604735215,10.865213555399375],[122.7528985057825,10.865213581651584],[122.7528985057825,10.864944224534167]]]}"
00fc000000000000566f,DUMANGAS-003,3425.077506,1,-10.16528941,0.2404555828,1.4766731,26.12664229,1.041626548,265.9442502,380.0643947,100,2022,10.86507891,122.7535699,Dumangas,"{""type"":""Polygon"",""coordinates"":[[[122.75343358821871,10.864944247904106],[122.75370621043261,10.864944290585774],[122.75370621043261,10.865213570852832],[122.75343358821871,10.86521352882779],[122.75343358821871,10.864944247904106]]]}"
00fc00000000000056b9,DUMANGAS-004,3425.077506,4.079365079,-0.9199955209,0.1615308461,3.23787106,26.12664229,1.041626548,335.3362894,778.5324824,100,2022,10.86157422,122.7551879,Dumangas,"{""type"":""Polygon"",""coordinates"":[[[122.7550541507387,10.861439568639623],[122.75532160050815,10.861439559103541],[122.75532160050815,10.861708898618868],[122.7550541507387,10.861708833899437],[122.7550541507387,10.861439568639623]]]}"
00fc00000000000056f0,DUMANGAS-005,3425.077506,3.170634921,-1.512326542,0.1812060893,2.773585791,26.12664229,1.041626548,69.63309907,640.2263219,0.2241583475,2022,10.86130494,122.7789045,Dumangas,"{""type"":""Polygon"",""coordinates"":[[[122.77877080903974,10.861170289930826],[122.77903828255046,10.861170317362637],[122.77903828255046,10.861439598801192],[122.77877080903974,10.861439572014287],[122.77877080903974,10.861170289930826]]]}"
00fc0000000000005726,DUMANGAS-006,3425.077506,0,-1.240654377,0.1730725571,0,26.12664229,1.041626548,186.407129,79.96934843,0.3204994443,2022,10.86049706,122.7737831,Dumangas,"{""type"":""Polygon"",""coordinates"":[[[122.7736467383094,10.860362408524647],[122.7739193924706,10.860362427525017],[122.7739193924706,10.86063171859445],[122.7736467383094,10.86063170025142],[122.7736467383094,10.860362408524647]]]}"
00fc0000000000005757,DUMANGAS-007,3425.077506,4,-1.436676603,0.1581150057,1.527137312,26.12664229,1.041626548,299.4373552,1147.710922,0.3442040519,2022,10.85915066,122.7834833,Dumangas,"{""type"":""Polygon"",""coordinates"":[[[122.78361699945852,10.859285300143114],[122.7833495380074,10.8592852736629],[122.7833495380074,10.859016009854244],[122.78361699945852,10.859016036979417],[122.78361699945852,10.859285300143114]]]}"
00fc0000000000005778,DUMANGAS-008,3425.077506,0,-1.280030322,0.1795160531,0,26.12664229,1.041626548,186.3911192,947.1842136,100,2022,10.85888137,122.7815978,Dumangas,"{""type"":""Polygon"",""coordinates"":[[[122.78146144334345,10.858746709283984],[122.78173407653038,10.858746722720042],[122.78173407653038,10.859015989520506],[122.78146144334345,10.85901605162174],[122.78146144334345,10.858746709283984]]]}"
00fc0000000000005782,DUMANGAS-009,3425.077506,0,-8.893151558,0.2446653407,0,26.12664229,1.041626548,216.2005732,981.7724619,100,2022,10.8586121,122.7818679,Dumangas,"{""type"":""Polygon"",""coordinates"":[[[122.78173407653038,10.858746722720042],[122.78173407653038,10.858477456823723],[122.78200162834933,10.858477476907046],[122.78200162834933,10.858746742158187],[122.78173407653038,10.858746722720042]]]}"
00fc00000000000057e4,DUMANGAS-010,3425.077506,3.734126984,-1.181909518,0.1777459864,2.853963738,26.12664229,1.041626548,237.8470865,1119.188914,0.2572438097,2022,10.85618462,122.782408,Dumangas,"{""type"":""Polygon"",""coordinates"":[[[122.78227426008597,10.856049956603973],[122.7825418104816,10.856049981858853],[122.7825418104816,10.856319237655175],[122.78227426008597,10.856319287922242],[122.78227426008597,10.856049956603973]]]}"
00fc000000000000583c,DUMANGAS-011,3425.077506,0,-0.8730374465,0.1288140463,0,26.12664229,1.041626548,398.7292225,260.1692562,0.322783963,2022,10.85376109,122.768124,Dumangas,"{""type"":""Polygon"",""coordinates"":[[[122.7679876644796,10.853626425706068],[122.76826033382113,10.853626468032562],[122.76826033382113,10.853895750124616],[122.76798766447963,10.853895708455317],[122.7679876644796,10.853626425706068]]]}"
00fc0000000000005b6e,DUMANGAS-012,3425.077506,3.069767442,-1.513156404,0.1794489283,2.442206679,26.12664229,1.041626548,414.3356138,1893.84861,1.76490144,2022,10.82950525,122.762465,Dumangas,"{""type"":""Polygon"",""coordinates"":[[[122.76232862016724,10.829368627944673],[122.76260130468201,10.829368661483066],[122.76260130468201,10.829641843490343],[122.76232862016724,10.829641885484033],[122.76232862016724,10.829368627944673]]]}"
00fc0000000000005c24,DUMANGAS-013,3425.077506,0.2325581395,-0.8713909658,0.1246079215,1.945987432,26.12664229,1.041626548,304.4262234,1715.964977,0.285069635,2022,10.81306718,122.7519545,Dumangas,"{""type"":""Polygon"",""coordinates"":[[[122.75181816818517,10.812932559812149],[122.75209079472461,10.81293258157328],[122.75209079472461,10.813201765699327],[122.75181816818517,10.813201819451963],[122.75181816818517,10.812932559812149]]]}"
00fc0000000000005d18,DUMANGAS-014,3425.077506,0,-1.036990264,0.08894359258,0,26.12664229,1.041626548,29.56628031,774.5652549,0.2195881385,2022,10.79554711,122.7355149,Dumangas,"{""type"":""Polygon"",""coordinates"":[[[122.73538110075125,10.795412476076308],[122.73564860216855,10.795412498231943],[122.73564860216855,10.79568173771971],[122.73538110075125,10.795681716208545],[122.73538110075125,10.795412476076308]]]}"
00fc0000000000005e2d,LEGANES-001,3425.077506,0,-1.106205023,0.1694482742,0.927167058,26.12664229,1.041626548,0.155465845,884.2000845,0.2301171091,2022,10.78477031,122.6436166,Leganes,"{""type"":""Polygon"",""coordinates"":[[[122.64348281517475,10.784635731309283],[122.64375038429704,10.784635683932294],[122.64375038429704,10.784904883454105],[122.64348281517475,10.7849049314738],[122.64348281517475,10.784635731309283]]]}"
00fc0000000000005f69,ILOILO_CITY-001,3425.077506,-2,-1.505027062,0.1903398169,0,26.12664229,1.041626548,0.2713352962,583.5996752,0.3312266806,2022,10.73221794,122.5899891,Iloilo City,"{""type"":""Polygon"",""coordinates"":[[[122.58985536932165,10.732083355728772],[122.59012290511694,10.732083367568539],[122.59012290511694,10.732352517920228],[122.58985536932165,10.732352506721979],[122.58985536932165,10.732083355728772]]]}"
00fc0000000000005f71,ILOILO_CITY-002,3425.077506,0.4603174603,-3.707738971,0.2915503442,1.477268293,26.12664229,1.041626548,0,835.0149019,0.3254017054,2022,10.73194876,122.5929524,Iloilo City,"{""type"":""Polygon"",""coordinates"":[[[122.59281867136586,10.731814180520344],[122.59308619948925,10.731814189506393],[122.59308619948925,10.732083331838574],[122.59281867136586,10.732083323494093],[122.59281867136586,10.731814180520344]]]}"
00fc0000000000007041,BAROTAC_VIEJO-004,3477.134794,4.194444444,-3.205463228,0.2705666591,3.14668328,25.96867806,1.143146287,29.70763895,365.6665522,100,2022,11.02475303,122.8513974,Barotac Viejo,"{""type"":""Polygon"",""coordinates"":[[[122.85126362021643,11.024483590755267],[122.85153107437354,11.024483568732846],[122.85153107437357,11.02502249643324],[122.8512636202164,11.025022444760122],[122.85126362021643,11.024483590755267]]]}"
00fc00000000000070ac,BAROTAC_NUEVO-002,3425.077506,1.845098039,-1.001224444,0.146781552,3.550631493,26.12664229,1.041626548,89.63610595,723.1444568,0.3158819307,2022,10.94296057,122.7542438,Barotac Nuevo,"{""type"":""Polygon"",""coordinates"":[[[122.75397374987969,10.942825866719918],[122.75451390867462,10.942825880082141],[122.75451390867462,10.943095268854641],[122.75397374987969,10.943095256792768],[122.75397374987969,10.942825866719918]]]}"
00fc0000000000007351,BAROTAC_NUEVO-003,3425.077506,5.383858268,-23.34262005,0.2484381525,2.352474512,26.12664229,1.041626548,0,184.9573241,0.2894282322,2022,10.87747433,122.7709536,Barotac Nuevo,"{""type"":""Polygon"",""coordinates"":[[[122.7706834932892,10.877339639320224],[122.7712236494829,10.877339693443274],[122.7712236494829,10.877608973063436],[122.7706834932892,10.877608995146497],[122.7706834932892,10.877339639320224]]]}"
00fc0000000000007369,DUMANGAS-015,3425.077506,0.1349206349,0.8923486635,0.1610384273,0.8557852592,26.12664229,1.041626548,0.1113397382,581.1323297,100,2022,10.87626249,122.7783644,Dumangas,"{""type"":""Polygon"",""coordinates"":[[[122.77823060684929,10.875993199157417],[122.77849816789795,10.875993181460851],[122.77849816789795,10.876531772406342],[122.77823060684929,10.876531791393212],[122.77823060684929,10.875993199157417]]]}"
00fc000000000000738a,DUMANGAS-016,3425.077506,-1.686507937,6.364140468,0.2739605429,2.166658593,26.12664229,1.041626548,59.44326696,522.0753528,100,2022,10.87329623,122.7778242,Dumangas,"{""type"":""Polygon"",""coordinates"":[[[122.77769040178599,10.873026951738096],[122.77795796425755,10.873026941793457],[122.77795796425755,10.873565515454128],[122.77769040178599,10.873565526689015],[122.77769040178599,10.873026951738096]]]}"
00fc000000000000739a,DUMANGAS-017,3425.077506,1.287698413,-29.3442831,0.2369356585,1.579920411,26.12664229,1.041626548,71.84576729,303.0875605,0.303825745,2022,10.87019938,122.7698757,Dumangas,"{""type"":""Polygon"",""coordinates"":[[[122.76960825354676,10.870064712722147],[122.77014324810258,10.870064746557565],[122.77014324810258,10.870334004392804],[122.76960825354676,10.870334046745038],[122.76960825354676,10.870064712722147]]]}"
00fc00000000000073e0,DUMANGAS-018,3425.077506,5.101190476,-6.35846005,0.2861610751,2.36886338,26.12664229,1.041626548,10.06321281,640.2251746,0.3062618399,2022,10.86184352,122.7790383,Dumangas,"{""type"":""Polygon"",""coordinates"":[[[122.77930584147157,10.861978179305307],[122.77877080903974,10.861978138893157],[122.77877080903974,10.861708855001737],[122.77930584147157,10.861708896703956],[122.77930584147157,10.861978179305307]]]}"
00fc00000000000073ec,DUMANGAS-019,3425.077506,3.477669903,-1.298367841,0.1437610221,1.673251554,26.12664229,1.041626548,301.9985212,757.0922068,100,2022,10.86009316,122.7535699,Dumangas,"{""type"":""Polygon"",""coordinates"":[[[122.75343358821871,10.859823887659774],[122.75370621043261,10.859823867927936],[122.75370621043261,10.860362469900593],[122.75343358821871,10.860362416046408],[122.75343358821871,10.859823887659774]]]}"
00fc00000000000074af,DUMANGAS-020,3425.077506,0,-0.7636002768,0.1266764695,0,26.12664229,1.041626548,387.3527993,289.9552827,0.3156442604,2022,10.85349181,122.7685279,Dumangas,"{""type"":""Polygon"",""coordinates"":[[[122.76826033382113,10.853626468032562],[122.76826033382113,10.853357186845093],[122.76879542159406,10.853357143882091],[122.76879542159406,10.853626423779433],[122.76826033382113,10.853626468032562]]]}"
00fc0000000000007594,DUMANGAS-021,3425.077506,0,2.262824726,0.164086306,0,26.12664229,1.041626548,106.9130278,888.2226553,0.3275532896,2022,10.83812751,122.7582875,Dumangas,"{""type"":""Polygon"",""coordinates"":[[[122.75801742048733,10.837992894587595],[122.75855755782287,10.837992880152955],[122.75855755782287,10.838262133081368],[122.75801742048733,10.838262148817881],[122.75801742048733,10.837992894587595]]]}"
00fc0000000000007709,DUMANGAS-022,3425.077506,1.884990253,-1.553889788,0.1692490112,1.478414899,26.12664229,1.041626548,0,420.1118391,1.049890589,2022,10.79191059,122.6945509,Dumangas,"{""type"":""Polygon"",""coordinates"":[[[122.69441452896665,10.791639357188494],[122.69468722265744,10.79163936082317],[122.69468722265741,10.79218183114835],[122.69441452896665,10.792181828835583],[122.69441452896665,10.791639357188494]]]}"
00fc0000000000007f07,BAROTAC_VIEJO-005,3477.134794,4.387139108,-3.282305833,0.2995760842,1.795546762,25.96867806,1.143146287,19.93392428,256.3573163,100,2022,11.02300175,122.8516675,Barotac Viejo,"{""type"":""Polygon"",""coordinates"":[[[122.8520713158402,11.023136442252616],[122.8512636202164,11.023136471336226],[122.8512636202164,11.022867050125665],[122.8520713158402,11.022867022991573],[122.8520713158402,11.023136442252616]]]}"
00fc0000000000007f19,ANILAO-002,3425.077506,9.097754293,-1.788226111,0.2237639863,3.86528606,26.12664229,1.041626548,482.4846164,326.9686113,0.3185880617,2022,10.97790502,122.7768382,Anilao,"{""type"":""Polygon"",""coordinates"":[[[122.77661523618104,10.977590736551889],[122.77688271536759,10.977590712770155],[122.77688271536759,10.977860088288713],[122.77715027996649,10.977860128167542],[122.77715027996649,10.97812950393607],[122.77661523618104,10.978129489771574],[122.77661523618104,10.977590736551889]]]}"
00fc0000000000007f1c,ANILAO-003,3425.077506,4.532894737,-0.9452076659,0.1559424355,1.921646996,26.12664229,1.041626548,279.5406719,70.1475975,0.4007084079,2022,10.97377386,122.7747697,Anilao,"{""type"":""Polygon"",""coordinates"":[[[122.7744544504526,10.973549970935833],[122.77499467272237,10.973549915454132],[122.77499467272237,10.974088724638747],[122.77472710244655,10.974088673141313],[122.77472710244655,10.973819304952942],[122.7744544504526,10.973819338886406],[122.7744544504526,10.973549970935833]]]}"
00fc0000000000007f37,ANILAO-004,3425.077506,4.438157895,-10.57961739,0.326050016,1.213805825,26.12664229,1.041626548,0.09256125154,795.776518,0.3091321865,2022,10.96739568,122.7677627,Anilao,"{""type"":""Polygon"",""coordinates"":[[[122.76744749109172,10.96735017155977],[122.76772016188188,10.967350236987787],[122.76772016188188,10.967080799320483],[122.7679876644796,10.967080811386527],[122.76798766447963,10.967619611338433],[122.76744749109174,10.96761961077894],[122.76744749109172,10.96735017155977]]]}"
00fc0000000000008049,BAROTAC_NUEVO-004,3425.077506,5.22985469,-74.02044967,0.226525832,3.006998393,26.12664229,1.041626548,0,691.0509227,22.78322126,2022,10.90864704,122.7824968,Barotac Nuevo,"{""type"":""Polygon"",""coordinates"":[[[122.78227426008597,10.90833041136311],[122.7825418104816,10.908330386279427],[122.7825418104816,10.908603713381735],[122.78280936017225,10.908603687322818],[122.78280936017225,10.908873043651745],[122.78227426008597,10.908873021813399],[122.78227426008597,10.90833041136311]]]}"
00fc0000000000008162,BAROTAC_NUEVO-005,3425.077506,1.692810458,-2.124260477,0.1885431808,1.500608742,26.12664229,1.041626548,88.24603245,37.58861267,0.3049543193,2022,10.89077245,122.7723463,Barotac Nuevo,"{""type"":""Polygon"",""coordinates"":[[[122.77203138088431,10.890547461419013],[122.7725715299148,10.890547448439852],[122.7725715299148,10.891086090562318],[122.77229887213738,10.89108606999636],[122.77229887213738,10.890816822742895],[122.77203138088431,10.890816783331385],[122.77203138088431,10.890547461419013]]]}"
00fc00000000000081d6,BAROTAC_NUEVO-006,3425.077506,4.362680683,-1.528077884,0.2043767005,3.23851818,26.12664229,1.041626548,0,1052.449557,0.3679033011,2022,10.88735726,122.7827667,Barotac Nuevo,"{""type"":""Polygon"",""coordinates"":[[[122.7825418104816,10.887042493643344],[122.78280936017225,10.887042519223874],[122.78280936017225,10.887311803420493],[122.78308198974014,10.887311820375526],[122.78308198974014,10.887581104816634],[122.7825418104816,10.887581139133978],[122.7825418104816,10.887042493643344]]]}"
00fc0000000000008218,DUMANGAS-023,3425.077506,3.423884514,-0.8662367176,0.1218777629,2.04824857,26.12664229,1.041626548,0.1307347214,303.0799437,0.3208428266,2022,10.87774362,122.7697394,Dumangas,"{""type"":""Polygon"",""coordinates"":[[[122.76933558782041,10.877608971428643],[122.77014324810258,10.877608951295045],[122.77014324810258,10.877878309326551],[122.76933558782041,10.877878256501724],[122.76933558782041,10.877608971428643]]]}"
00fc0000000000008224,DUMANGAS-024,3425.077506,0.5272727273,4.52609041,0.2232603167,1.313490947,26.12664229,1.041626548,58.81974913,551.3255285,100,2022,10.87505065,122.7780943,Dumangas,"{""type"":""Polygon"",""coordinates"":[[[122.77795796425755,10.874646718036262],[122.77823060684929,10.87464669691827],[122.77823060684929,10.875454610532666],[122.77795796425755,10.875454558725457],[122.77795796425755,10.874646718036262]]]}"
00fc000000000000823b,DUMANGAS-025,3425.077506,3.501315789,-0.2486634472,0.2198243038,2.118934145,26.12664229,1.041626548,173.1549349,139.0308492,1.751980749,2022,10.87370217,122.7745908,Dumangas,"{""type"":""Polygon"",""coordinates"":[[[122.77418696487331,10.873565561820246],[122.77499467272237,10.873565543139888],[122.77499467272237,10.873838770614311],[122.77418696487331,10.87383879127036],[122.77418696487331,10.873565561820246]]]}"
00fc0000000000008295,DUMANGAS-026,3425.077506,0,-0.5454619607,0.1243795705,0,26.12664229,1.041626548,293.1095532,728.5252858,0.2815777394,2022,10.86570724,122.7798906,Dumangas,"{""type"":""Polygon"",""coordinates"":[[[122.77957848044537,10.865482829129265],[122.78011350862256,10.86548285082201],[122.78011350862259,10.866021438366584],[122.77984603794343,10.866021423836946],[122.77984603794343,10.865752128967864],[122.77957848044537,10.865752123739847],[122.77957848044537,10.865482829129265]]]}"
00fc000000000000845f,DUMANGAS-027,3425.077506,0,17.71601784,0.2104917548,0,26.12664229,1.041626548,91.09892956,745.938815,0.2917736579,2022,10.80228577,122.7069494,Dumangas,"{""type"":""Polygon"",""coordinates"":[[[122.70654550633257,10.802151138420705],[122.70735323332595,10.802151191538028],[122.70735323332592,10.802420372173136],[122.70654550633257,10.802420395876268],[122.70654550633257,10.802151138420705]]]}"
00fc000000000000846f,DUMANGAS-028,3425.077506,0,-3.363939537,0.2612673668,0,26.12664229,1.041626548,0,1065.852708,0.3230966441,2022,10.79752598,122.6704778,Dumangas,"{""type"":""Polygon"",""coordinates"":[[[122.67016283089984,10.797301043163568],[122.670703001847,10.797301037838333],[122.670703001847,10.797839543582203],[122.67043033052907,10.797839515864595],[122.67043033052907,10.797570261883042],[122.67016283089984,10.797570296879728],[122.67016283089984,10.797301043163568]]]}"
00fc0000000000008496,DUMANGAS-029,3425.077506,2.227631579,-0.3590609102,0.08671507465,1.85785721,26.12664229,1.041626548,0,676.4544101,0.2382567889,2022,10.79321326,122.7100916,Dumangas,"{""type"":""Polygon"",""coordinates"":[[[122.70977637601635,10.792989449249427],[122.71031651038247,10.792989499225175],[122.71031651038247,10.793527935044922],[122.71004902875575,10.793527942991686],[122.71004902875575,10.7932587239834],[122.70977637601635,10.793258668004787],[122.70977637601635,10.792989449249427]]]}"
00fc00000000000084be,DUMANGAS-030,3425.077506,3.175925926,-2.718225647,0.1926849162,2.7504178,26.12664229,1.041626548,0,407.2152235,0.2175347629,2022,10.79123557,122.6942808,Dumangas,"{""type"":""Polygon"",""coordinates"":[[[122.69441452896665,10.791639357188494],[122.69414700575247,10.791639416629149],[122.69414700575247,10.790831741528391],[122.69441452896665,10.790831758893509],[122.69441452896665,10.791639357188494]]]}"
00fc0000000000008e43,BAROTAC_NUEVO-007,3425.077506,4.53627451,-1.046380097,0.1626292918,3.139276132,26.12664229,1.041626548,0,0,0.3204186364,2022,10.877609,122.7729754,Barotac Nuevo,"{""type"":""Polygon"",""coordinates"":[[[122.7725715299148,10.877339709036631],[122.7731116760745,10.87733968369851],[122.7731116760745,10.877608958768018],[122.773379250604,10.877608943320826],[122.773379250604,10.877878293550635],[122.77283901974621,10.877878257510657],[122.77283901974621,10.877608980881451],[122.7725715299148,10.877608985408141],[122.7725715299148,10.877339709036631]]]}"
00fc0000000000008e87,DUMANGAS-031,3425.077506,4.17578125,-3.293142244,0.2091278943,1.383834177,26.12664229,1.041626548,0,551.3497722,0.3397806852,2022,10.86204516,122.7782965,Dumangas,"{""type"":""Polygon"",""coordinates"":[[[122.77795796425755,10.861708893084574],[122.77823060684929,10.86170882866705],[122.77823060684929,10.861978113861031],[122.77877080903974,10.861978138893157],[122.77877080903974,10.862247423688528],[122.77795796425755,10.862247465691826],[122.77795796425755,10.861708893084574]]]}"
00fc0000000000008f6d,DUMANGAS-032,3425.077506,0,-1.399231389,0.1852286613,0,26.12664229,1.041626548,0,657.8272856,0.3680663127,2022,10.84190121,122.7593653,Dumangas,"{""type"":""Polygon"",""coordinates"":[[[122.7590977784233,10.841766577691763],[122.75936530369835,10.841766600177596],[122.75936530369835,10.841497337409727],[122.75963282827007,10.841497285343221],[122.75963282827004,10.842035810494453],[122.75936530369835,10.842035863850906],[122.75936530369835,10.84230512842965],[122.7590977784233,10.842305107233251],[122.7590977784233,10.841766577691763]]]}"
00fc0000000000008f91,DUMANGAS-033,3425.077506,0,10.41495721,0.1686674114,0,26.12664229,1.041626548,29.96735506,1370.196311,0.3693919187,2022,10.835031,122.7615209,Dumangas,"{""type"":""Polygon"",""coordinates"":[[[122.76125337821031,10.834761726447253],[122.76178841672127,10.834761724637671],[122.76178841672126,10.835300268955946],[122.76125337821031,10.835300273345215],[122.76125337821031,10.834761726447253]]]}"
00fc0000000000009017,DUMANGAS-034,3425.077506,3.384390244,-0.7663906737,0.3661163258,1.52399115,26.12664229,1.041626548,150.9239471,1235.528456,17.01552234,2022,10.8073376,122.7040514,Dumangas,"{""type"":""Polygon"",""coordinates"":[[[122.70357712160883,10.80727056025972],[122.70411728872588,10.807270631026958],[122.70411728872591,10.807001351366228],[122.7043899565572,10.807001380705458],[122.7043899565572,10.807539864739498],[122.70357712160883,10.80753984212836],[122.70357712160883,10.80727056025972]]]}"
00fc000000000000902e,DUMANGAS-035,3425.077506,0,-2.079773896,0.1774053916,0,26.12664229,1.041626548,9.913597413,610.1890065,0.3050554272,2022,10.80161335,122.7047931,Dumangas,"{""type"":""Polygon"",""coordinates"":[[[122.7043899565572,10.801343436812255],[122.7049249487229,10.801343471528348],[122.7049249487229,10.801612730159167],[122.70519761440075,10.801612696773516],[122.70519761440075,10.8018819556565],[122.7046574529899,10.80188193634786],[122.7046574529899,10.801612676164904],[122.7043899565572,10.801612696730553],[122.7043899565572,10.801343436812255]]]}"
00fc0000000000009042,DUMANGAS-036,3425.077506,0,-0.9631438595,0.1524990624,0,26.12664229,1.041626548,0,729.1758647,0.3001874907,2022,10.79891645,122.6805369,Dumangas,"{""type"":""Polygon"",""coordinates"":[[[122.68013303508253,10.798916424056813],[122.68040059490158,10.798916438731563],[122.68040059490158,10.798647205086226],[122.68094079811625,10.798647233452913],[122.68094079811625,10.798916465799431],[122.68067323970746,10.798916451766063],[122.68067323970746,10.799185685664236],[122.68013303508253,10.799185659253801],[122.68013303508253,10.798916424056813]]]}"
00fc0000000000009085,DUMANGAS-037,3425.077506,0.7579051383,-2.186665257,0.2126424653,2.720313822,26.12664229,1.041626548,0,112.6508308,0.2682753389,2022,10.78908178,122.699536,Dumangas,"{""type"":""Polygon"",""coordinates"":[[[122.69899834096682,10.788947158940223],[122.70007363598576,10.788947199844676],[122.70007363598576,10.789216353432142],[122.69899834096682,10.789216389984201],[122.69899834096682,10.788947158940223]]]}"
00fc00000000000090be,DUMANGAS-038,3425.077506,1.585968379,-1.654180132,0.2451975864,1.958171776,26.12664229,1.041626548,503.3048313,1299.387882,0.3432618539,2022,10.78355486,122.667467,Dumangas,"{""type"":""Polygon"",""coordinates"":[[[122.6671995124875,10.783285642197693],[122.66773452650065,10.783285647151805],[122.66773452650065,10.783824072526695],[122.6671995124875,10.783824070144549],[122.6671995124875,10.783285642197693]]]}"
00fc0000000000009165,ILOILO_CITY-003,3425.077506,0.8313492063,-2.405214752,0.2073130188,1.61646804,26.12664229,1.041626548,255.6759413,832.5020613,0.2050494654,2022,10.70378599,122.5867531,Iloilo City,"{""type"":""Polygon"",""coordinates"":[[[122.58661934781833,10.703247671696637],[122.58688689198942,10.703247681214341],[122.58688689198942,10.704324301743991],[122.58661934781833,10.704324294793292],[122.58661934781833,10.703247671696637]]]}"
00fc0000000000009832,BAROTAC_VIEJO-006,3477.134794,0.2166405024,-3.505859886,0.2425362526,1.333657402,25.96867806,1.143146287,729.076893,734.1015239,0.3765793973,2022,11.03071123,122.8707467,Barotac Viejo,"{""type"":""Polygon"",""coordinates"":[[[122.87039641998525,11.030415062836287],[122.87093656036743,11.030415046155774],[122.87093656036743,11.030684519808426],[122.87120413441224,11.030684513204166],[122.87120413441224,11.03095391212248],[122.87039641998525,11.03095393866256],[122.87039641998525,11.030415062836287]]]}"
00fc0000000000009991,BAROTAC_NUEVO-008,3425.077506,3.480407524,-1.761927689,0.1993318883,2.34188736,26.12664229,1.041626548,0,168.2736451,0.3505403178,2022,10.87812041,122.7750221,Barotac Nuevo,"{""type"":""Polygon"",""coordinates"":[[[122.7744544504526,10.877878239498335],[122.77526732326673,10.877878246240778],[122.77526732326673,10.878147592821076],[122.77553480600199,10.87814758378227],[122.77553480600199,10.878416855718571],[122.77499467272237,10.878416892113911],[122.77499467272237,10.878147543973494],[122.7744544504526,10.878147588038534],[122.7744544504526,10.877878239498335]]]}"
00fc0000000000009996,DUMANGAS-039,3425.077506,4.146803473,-0.9751881449,0.1573723408,2.30893713,26.12664229,1.041626548,0,21.46520131,0.3365715486,2022,10.87736702,122.7736222,Dumangas,"{""type"":""Polygon"",""coordinates"":[[[122.7731116760745,10.87733968369851],[122.7731116760745,10.877070409531463],[122.7736467383094,10.877070391171662],[122.7736467383094,10.87733966404897],[122.77418696487331,10.877339700742867],[122.77418696487331,10.877608973220608],[122.773379250604,10.877608943320826],[122.773379250604,10.877339668896312],[122.7731116760745,10.87733968369851]]]}"
00fc00000000000099a1,DUMANGAS-040,3425.077506,0.2541436464,4.047124043,0.2569497447,1.180972512,26.12664229,1.041626548,0.1903188994,610.3904587,100,2022,10.87408076,122.7789563,Dumangas,"{""type"":""Polygon"",""coordinates"":[[[122.77849816789795,10.87383877889507],[122.77930584147157,10.87383881757845],[122.77930584147157,10.874377390183971],[122.77877080903974,10.874377409172661],[122.77877080903974,10.874108083680541],[122.77849816789795,10.874108104141564],[122.77849816789795,10.87383877889507]]]}"
00fc00000000000099b8,DUMANGAS-041,3425.077506,3.562401264,-7.78218901,0.2280477859,1.697839348,26.12664229,1.041626548,89.25651251,257.1507587,0.3094992599,2022,10.87326891,122.7756168,Dumangas,"{""type"":""Polygon"",""coordinates"":[[[122.77580237415083,10.87356552154527],[122.77526732326673,10.873565528270374],[122.77526732326673,10.873026941635914],[122.77607502252772,10.873026997848752],[122.77607502252772,10.873296251319061],[122.77580237415083,10.873296266514973],[122.77580237415083,10.87356552154527]]]}"
00fc0000000000009a11,DUMANGAS-042,3425.077506,0.505511811,-1.493350235,0.1481987311,2.100851053,26.12664229,1.041626548,276.8874201,1030.922341,0.2995189887,2022,10.85904275,122.782839,Dumangas,"{""type"":""Polygon"",""coordinates"":[[[122.78227426008597,10.859285286836739],[122.78227426008597,10.859016020434785],[122.78280936017225,10.859016056411049],[122.78280936017225,10.858746717324907],[122.7833495380074,10.858746746949706],[122.7833495380074,10.859016009854244],[122.78308198974014,10.85901599267075],[122.78308198974014,10.859285332003614],[122.78227426008597,10.859285286836739]]]}"
00fc0000000000009a6a,DUMANGAS-043,3425.077506,0,-0.7412028498,0.1466657442,0,26.12664229,1.041626548,297.8120658,230.3824022,0.3504215484,2022,10.85370642,122.767098,Dumangas,"{""type"":""Polygon"",""coordinates"":[[[122.76663980939408,10.853357175528897],[122.76717998707282,10.85335720556367],[122.76717998707282,10.853626489355632],[122.76744749109172,10.853626473803253],[122.76744749109172,10.85416504281108],[122.76717998707282,10.854164984768428],[122.76717998707282,10.853895699167552],[122.76691248235015,10.853895715045619],[122.76691248235015,10.85362642970439],[122.76663980939408,10.853626460622955],[122.76663980939408,10.853357175528897]]]}"
00fc0000000000009a6f,DUMANGAS-044,3425.077506,0,-1.325795138,0.1952114655,0,26.12664229,1.041626548,59.64051184,588.2490036,0.2797312463,2022,10.85068759,122.7679083,Dumangas,"{""type"":""Polygon"",""coordinates"":[[[122.76744749109174,10.85066044022627],[122.76772016188188,10.85066049044838],[122.76772016188188,10.850391217923542],[122.76826033382113,10.8503911848169],[122.76826033382113,10.85092972816668],[122.76744749109174,10.850929714313065],[122.76744749109174,10.85066044022627]]]}"
00fc0000000000009b61,DUMANGAS-045,3425.077506,2.62529458,-22.7425256,0.2491474591,1.918356248,26.12664229,1.041626548,41.92259389,322.1755258,0.2708597399,2022,10.78924312,122.7023119,Dumangas,"{""type"":""Polygon"",""coordinates"":[[[122.70276936478813,10.789485582912581],[122.70196168776833,10.789485636358968],[122.70196168776833,10.788947187624165],[122.70250186341708,10.788947200972519],[122.70250186341708,10.789216423585271],[122.70276936478813,10.789216360034462],[122.70276936478813,10.789485582912581]]]}"
00fc0000000000009b8e,ZARRAGA-001,3425.077506,2.255352895,-1.609619569,0.1909637087,1.243368062,26.12664229,1.041626548,0,712.4015786,0.3448935992,2022,10.78536259,122.6618347,Zarraga,"{""type"":""Polygon"",""coordinates"":[[[122.66154040039619,10.78517416432727],[122.66180792250086,10.785174169160287],[122.66180792250086,10.784904937212922],[122.66207544390838,10.784904942371734],[122.66207544390838,10.785712564122187],[122.66154040039622,10.785712557344583],[122.66154040039619,10.78517416432727]]]}"
00fc0000000000009b99,DUMANGAS-046,3425.077506,2.934952978,-0.440095496,0.12219272,1.696201009,26.12664229,1.041626548,462.1220819,1235.998556,0.2411699587,2022,10.78482351,122.6679777,Dumangas,"{""type"":""Polygon"",""coordinates"":[[[122.66773452650065,10.784366470501176],[122.66800720498333,10.784366459384698],[122.66800720498333,10.784635674613167],[122.66827471023292,10.784635673067017],[122.66827471023292,10.785174104966142],[122.66773452650065,10.785174120881221],[122.66773452650065,10.784366470501176]]]}"
00fc0000000000009bad,LEGANES-002,3425.077506,3.036050157,-0.622997909,0.1207612118,3.14818843,26.12664229,1.041626548,107.1907931,277.6716627,0.2857263515,2022,10.78088984,122.6149423,Leganes,"{""type"":""Polygon"",""coordinates"":[[[122.61437459163024,10.780862736797415],[122.61491479690059,10.7808627499812],[122.61491479690059,10.780593494893047],[122.61545499934084,10.780593508080791],[122.61545499934084,10.780862686955048],[122.61518744293751,10.780862681657245],[122.61518744293751,10.781131937000477],[122.61437459163024,10.781131919172578],[122.61437459163024,10.780862736797415]]]}"
00fc0000000000009bd3,ILOILO_CITY-004,3425.077506,3.428122545,2.683463219,0.1323059781,4.014904832,26.12664229,1.041626548,139.1684984,356.4147505,0.3135473896,2022,10.75312993,122.591821,Iloilo City,"{""type"":""Polygon"",""coordinates"":[[[122.59147075389575,10.752834023443148],[122.59201090649861,10.752834021746326],[122.59201090649861,10.753103237894384],[122.59227843671347,10.753103197087903],[122.59227843671347,10.753372413505813],[122.59147075389575,10.753372384333638],[122.59147075389575,10.752834023443148]]]}"
00fc000000000000a113,AJUY-009,3477.134794,2.98034076,-10.32134942,0.3968675924,3.096255773,25.96867806,1.143146287,430.1836892,2646.890499,0.3736570078,2022,11.05606099,122.9507064,Ajuy,"{""type"":""Polygon"",""coordinates"":[[[122.9501688542023,11.056016389981776],[122.95043630306748,11.056016365895156],[122.95043630306748,11.05574692586385],[122.9509765286805,11.055746902318365],[122.9509765286805,11.056016415989813],[122.95124406135366,11.056016380434473],[122.95124406135368,11.056285819399148],[122.9501688542023,11.056285831549951],[122.9501688542023,11.056016389981776]]]}"
00fc000000000000a239,DUMANGAS-047,3425.077506,5.701512163,2.669337137,0.2968940669,6.226009867,26.12664229,1.041626548,0,155.7120462,0.3300544033,2022,10.87657694,122.7708638,Dumangas,"{""type"":""Polygon"",""coordinates"":[[[122.77041591166262,10.876262458753535],[122.77095098808958,10.876262450708657],[122.77095098808958,10.876531802278786],[122.77149114286178,10.876531784758221],[122.77149114286178,10.876801061025962],[122.77041591166262,10.876801090473002],[122.77041591166262,10.876262458753535]]]}"
00fc000000000000a2d9,DUMANGAS-048,3425.077506,2.283093054,-3.808461819,0.2140122817,1.908052294,26.12664229,1.041626548,69.63384397,581.1615322,0.3345489003,2022,10.86094561,122.778545,Dumangas,"{""type"":""Polygon"",""coordinates"":[[[122.77877080903974,10.861170289930826],[122.77849816789795,10.861170278806268],[122.77849816789795,10.861439561547146],[122.77823060684929,10.861439544377042],[122.77823060684929,10.860631696931035],[122.77903828255046,10.860631757197558],[122.77903828255046,10.860901036828084],[122.77877080903974,10.86090100875137],[122.77877080903974,10.861170289930826]]]}"
00fc000000000000a38a,DUMANGAS-049,3425.077506,0,-3.612507275,0.229883907,0,26.12664229,1.041626548,177.0422898,218.3640684,0.3184621904,2022,10.82276796,122.7423881,Dumangas,"{""type"":""Polygon"",""coordinates"":[[[122.74158040575317,10.82263333144871],[122.74319581586073,10.822633350311005],[122.74319581586073,10.82290258855746],[122.74158040575317,10.82290257358691],[122.74158040575317,10.82263333144871]]]}"
00fc000000000000a3ac,DUMANGAS-050,3425.077506,0,-2.725686332,0.2110051788,0,26.12664229,1.041626548,0,528.6956172,0.3057075293,2022,10.80093878,122.703219,Dumangas,"{""type"":""Polygon"",""coordinates"":[[[122.70276936478813,10.800535810207242],[122.7033095361714,10.800535765664014],[122.7033095361714,10.800805025457223],[122.70357712160883,10.800804997919837],[122.70357712160883,10.801343444065788],[122.7030420362131,10.801343491213048],[122.7030420362131,10.800805042491614],[122.70276936478813,10.80080499642253],[122.70276936478813,10.800535810207242]]]}"
00fc000000000000a3bb,DUMANGAS-051,3425.077506,5.125245902,0.7042669376,0.2474104404,2.030965322,26.12664229,1.041626548,142.0277035,0,0.3141754592,2022,10.79824419,122.7219943,Dumangas,"{""type"":""Polygon"",""coordinates"":[[[122.7216347190837,10.798108748739986],[122.72190734017609,10.798108778548483],[122.72190734017609,10.79783949776232],[122.72244241295965,10.797839487271347],[122.72244241295967,10.798108766768697],[122.72217487691839,10.798108735386108],[122.72217487691839,10.798647223533719],[122.7216347190837,10.798647164625939],[122.7216347190837,10.798108748739986]]]}"
00fc000000000000a3d0,DUMANGAS-052,3425.077506,2.92473822,-5.385320576,0.299314769,1.792652448,26.12664229,1.041626548,0,564.9578433,0.263430117,2022,10.79689722,122.7318751,Dumangas,"{""type"":""Polygon"",""coordinates"":[[[122.73160499139442,10.796493401788549],[122.73214518261594,10.796493362156337],[122.73214518261594,10.797301044765],[122.73160499139442,10.797301088301642],[122.73160499139442,10.796493401788549]]]}"
00fc000000000000a3e1,DUMANGAS-053,3425.077506,1.928804703,-3.886946691,0.2432844034,2.0159604,26.12664229,1.041626548,0,217.1775352,0.5690454293,2022,10.79550378,122.7182231,Dumangas,"{""type"":""Polygon"",""coordinates"":[[[122.71786370190905,10.795143287130655],[122.71840387969071,10.795143297141603],[122.71840387969071,10.795412502399188],[122.71867142561189,10.795412469847728],[122.71867142561189,10.795681750232493],[122.71840387969071,10.79568170856562],[122.71840387969071,10.795954883382649],[122.71813124924523,10.795954918947256],[122.71813124924523,10.795681743464025],[122.71786370190905,10.79568170115575],[122.71786370190905,10.795143287130655]]]}"
00fc000000000000a417,DUMANGAS-054,3425.077506,0,-1.103038521,0.1912229838,0,26.12664229,1.041626548,107.1593983,1031.671026,0.3045531043,2022,10.78867796,122.7135499,Dumangas,"{""type"":""Polygon"",""coordinates"":[[[122.7130123138299,10.788408762018383],[122.71381998972117,10.78840874146829],[122.71381998972117,10.788677935019043],[122.7140875476479,10.788677924022416],[122.7140875476479,10.788947192697695],[122.71327987387156,10.788947143235362],[122.71327987387156,10.788677947474966],[122.7130123138299,10.788677957513597],[122.7130123138299,10.788408762018383]]]}"
00fc000000000000a90b,AJUY-010,3477.134794,3.616985377,-0.8355459862,0.2267612632,1.576769807,25.96867806,1.143146287,91.19549298,1227.837773,0.3979376895,2022,11.06866201,122.9534596,Ajuy,"{""type"":""Polygon"",""coordinates"":[[[122.95286463037972,11.068411688064872],[122.95393980854445,11.068411695490322],[122.95393980854445,11.068950643021571],[122.95313215800128,11.06895057185006],[122.95313215800125,11.068681170643272],[122.95286463037972,11.068681163989838],[122.95286463037972,11.068411688064872]]]}"
00fc000000000000a91c,AJUY-011,3477.134794,3.245505618,-22.71316014,0.2801917562,2.016909143,25.96867806,1.143146287,0,1624.959354,0.3392412795,2022,11.06065554,122.9418307,Ajuy,"{""type"":""Polygon"",""coordinates"":[[[122.94154133193312,11.060327738780137],[122.94181396242692,11.060327760101059],[122.94181396242692,11.060058284968852],[122.94208151960355,11.06005825082706],[122.94208151960352,11.061136079139446],[122.94154133193312,11.061136096530886],[122.94154133193312,11.060327738780137]]]}"
00fc000000000000a92b,BAROTAC_VIEJO-007,3477.134794,3.732656514,-4.792839409,0.3474517147,2.164341534,25.96867806,1.143146287,21.90159833,399.6809155,0.3716480878,2022,11.02673462,122.8534778,Barotac Viejo,"{""type"":""Polygon"",""coordinates"":[[[122.85315161799171,11.026369582900324],[122.85395938455282,11.026369588073441],[122.85395938455282,11.026639014360406],[122.8536866876908,11.026639005989589],[122.8536866876908,11.02717793753967],[122.85315161799171,11.027177870282802],[122.85315161799171,11.026369582900324]]]}"
00fc000000000000a934,BAROTAC_VIEJO-008,3477.134794,4.275239707,-2.181114059,0.1949579216,1.382262571,25.96867806,1.143146287,68.8713085,451.3921121,0.3651495401,2022,11.02007716,122.8564411,Barotac Viejo,"{""type"":""Polygon"",""coordinates"":[[[122.85611494598439,11.019633887204076],[122.85664999996511,11.019633908460706],[122.85664999996511,11.020172779358893],[122.85692268881604,11.02017272489025],[122.85692268881604,11.020442198507544],[122.85611494598439,11.020442161273966],[122.85611494598439,11.019633887204076]]]}"
00fc000000000000aae1,DUMANGAS-055,3425.077506,4.631905299,-2.938110572,0.2912716191,2.222282009,26.12664229,1.041626548,466.6621387,1372.14167,0.3092025376,2022,10.8257337,122.7559956,Dumangas,"{""type"":""Polygon"",""coordinates"":[[[122.7550541507387,10.825599038429909],[122.75693705108199,10.825599110985477],[122.75693705108199,10.825868326107853],[122.7550541507387,10.825868332956516],[122.7550541507387,10.825599038429909]]]}"
00fc000000000000ab10,DUMANGAS-056,3425.077506,0.9102132435,-2.799777818,0.276790501,1.987371886,26.12664229,1.041626548,39.85923652,336.7312892,0.2981976749,2022,10.79458538,122.7173818,Dumangas,"{""type"":""Polygon"",""coordinates"":[[[122.71678333777542,10.794335566338221],[122.71786370190905,10.794335598047637],[122.71786370190905,10.794874081481392],[122.71705597181867,10.794874023675877],[122.71705597181867,10.79460481699098],[122.71678333777542,10.794604847633325],[122.71678333777542,10.794335566338221]]]}"
00fc000000000000ab1e,DUMANGAS-057,3425.077506,0.7154105737,-0.8051485709,0.1447097126,2.280646427,26.12664229,1.041626548,0,642.5275887,0.3001149904,2022,10.79454748,122.7112222,Dumangas,"{""type"":""Polygon"",""coordinates"":[[[122.71085672806686,10.794066407800372],[122.71112420757981,10.794066397607539],[122.71112420757983,10.794335616754754],[122.71166442099502,10.794335571952246],[122.71166442099502,10.794874085238973],[122.71085672806686,10.794874069900649],[122.71085672806686,10.794066407800372]]]}"
00fc000000000000b040,ANILAO-005,3425.077506,4.098376783,-3.003159782,0.2504354561,3.307551029,26.12664229,1.041626548,412.1723487,159.0482917,0.3862709639,2022,10.97688319,122.7761746,Anilao,"{""type"":""Polygon"",""coordinates"":[[[122.77661523618104,10.977590736551889],[122.77607502252772,10.977590740501201],[122.77607502252772,10.976782538482617],[122.77580237415083,10.976782581295293],[122.77580237415083,10.976243758110561],[122.77634250313656,10.97624377169423],[122.77634250313656,10.97732134144526],[122.77661523618104,10.97732136128332],[122.77661523618104,10.977590736551889]]]}"
00fc000000000000b059,ANILAO-006,3425.077506,3.677324152,-4.55552815,0.2591363012,3.303191237,26.12664229,1.041626548,0,337.2663436,0.3532910915,2022,10.96085144,122.7522907,Anilao,"{""type"":""Polygon"",""coordinates"":[[[122.75155062307375,10.961154540075123],[122.75155062307375,10.960885234061765],[122.75181816818517,10.960885205416089],[122.75181816818517,10.960615825947317],[122.75316604735215,10.960615810455938],[122.75316604735215,10.960885186680905],[122.75235833841667,10.960885211838931],[122.75235833841667,10.961154590903265],[122.75155062307375,10.961154540075123]]]}"
00fc000000000000b0fd,BAROTAC_NUEVO-009,3425.077506,4.289655172,-8.912994806,0.2849563009,1.509658445,26.12664229,1.041626548,0,538.751503,0.3462265369,2022,10.87990199,122.7672805,Barotac Nuevo,"{""type"":""Polygon"",""coordinates"":[[[122.76663980939408,10.880036665989136],[122.76691248235015,10.88003664550409],[122.76691248235015,10.879767347358689],[122.76717998707282,10.879767344429943],[122.76717998707282,10.879498047831545],[122.7679876644796,10.879498021823158],[122.76798766447963,10.879767316475014],[122.76744749109174,10.879767341181372],[122.76744749109172,10.880305935795795],[122.76663980939408,10.880305965694031],[122.76663980939408,10.880036665989136]]]}"
00fc000000000000b119,DUMANGAS-058,3425.077506,3.657480315,-7.157604147,0.1793362438,1.960524031,26.12664229,1.041626548,122.6929006,257.150294,0.697306164,2022,10.87397197,122.7759395,Dumangas,"{""type"":""Polygon"",""coordinates"":[[[122.77526732326673,10.873838829975666],[122.77580237415083,10.873838821941428],[122.77580237415083,10.87356552154527],[122.77634250313656,10.873565581557045],[122.77634250313656,10.874377392629336],[122.77580237415083,10.874377411440484],[122.77580237415083,10.874108078790643],[122.77526732326673,10.874108088114646],[122.77526732326673,10.873838829975666]]]}"
00fc000000000000b189,DUMANGAS-059,3425.077506,4.165517241,-2.78241801,0.264605908,4.146372528,26.12664229,1.041626548,268.326386,785.8032875,0.3117307339,2022,10.82714697,122.7506047,Dumangas,"{""type"":""Polygon"",""coordinates"":[[[122.74966254085629,10.826945363935438],[122.75127799508805,10.8269453168151],[122.75127799508805,10.827483859178638],[122.75074290132368,10.827483875969023],[122.75074290132368,10.827214640479571],[122.74966254085629,10.827214601121584],[122.74966254085629,10.826945363935438]]]}"
00fc000000000000b1d6,DUMANGAS-060,3425.077506,0.435809149,-1.08033757,0.1860364016,1.943861816,26.12664229,1.041626548,66.41945707,594.7366903,1.003233205,2022,10.79197789,122.708632,Dumangas,"{""type"":""Polygon"",""coordinates"":[[[122.70870109683997,10.792451063682632],[122.70870109683997,10.792181770200056],[122.70842844050522,10.79218178483232],[122.70842844050522,10.791912566468783],[122.7078933804956,10.791912580017465],[122.7078933804956,10.791639393374997],[122.70896866816817,10.791639355813544],[122.70896866816817,10.792181831758388],[122.70924132306205,10.79218181647284],[122.70924132306205,10.792451033788952],[122.70870109683997,10.792451063682632]]]}"
00fc000000000000b1f8,DUMANGAS-061,3425.077506,0,-5.275956332,0.2852016233,0,26.12664229,1.041626548,99.21363878,1081.657405,0.6881831996,2022,10.78769992,122.7171533,Dumangas,"{""type"":""Polygon"",""coordinates"":[[[122.71678333777542,10.787327909741146],[122.71759098385476,10.787327883496623],[122.71759098385476,10.787866320903195],[122.7173235212706,10.787866323935228],[122.71732352127057,10.788139474609903],[122.71678333777542,10.788139503031992],[122.71678333777542,10.787327909741146]]]}"
00fc000000000000b568,BAROTAC_VIEJO-009,3477.134794,3.012652705,-5.242981182,0.2926465642,2.81926882,25.96867806,1.143146287,279.1888276,502.9421128,0.359207458,2022,11.05115134,122.9156271,Barotac Viejo,"{""type"":""Polygon"",""coordinates"":[[[122.91513401200406,11.050896759613613],[122.9154014684313,11.05089672587877],[122.9154014684313,11.050627292923439],[122.91594171103979,11.050627251180032],[122.91594171103979,11.051705058078381],[122.9154014684313,11.051705105048775],[122.9154014684313,11.051166159723401],[122.91513401200406,11.051166194105155],[122.91513401200406,11.050896759613613]]]}"
00fc000000000000b582,BAROTAC_NUEVO-010,3425.077506,2.823554976,-4.313636294,0.3249676296,3.192199218,26.12664229,1.041626548,119.3380707,136.6062339,0.3489854178,2022,10.91712166,122.7819283,Barotac Nuevo,"{""type"":""Polygon"",""coordinates"":[[[122.78146144334345,10.916687558255584],[122.78227426008597,10.9166875568267],[122.78227426008597,10.917764875936529],[122.78200162834933,10.917764857384],[122.78200162834936,10.91749554433399],[122.78173407653038,10.917495515785623],[122.78173407653038,10.917226202990092],[122.78146144334345,10.917226182462963],[122.78146144334345,10.916687558255584]]]}"
00fc000000000000b5d1,BAROTAC_NUEVO-011,3425.077506,0,-2.056849976,0.1823751762,0,26.12664229,1.041626548,224.5422187,33.3556204,0.978889477,2022,10.89592076,122.7764163,Barotac Nuevo,"{""type"":""Polygon"",""coordinates"":[[[122.77580237415083,10.89566443564393],[122.77715027996649,10.89566441701214],[122.77715027996649,10.895933743711666],[122.77688271536759,10.895933732648295],[122.77688271536759,10.896207031525707],[122.77580237415083,10.896206992194312],[122.77580237415083,10.89566443564393]]]}"
00fc000000000000b5f9,DUMANGAS-062,3425.077506,3.410379416,-8.492049537,0.3056973938,1.883109133,26.12664229,1.041626548,59.6969278,698.725859,0.3197032467,2022,10.86097574,122.7797406,Dumangas,"{""type"":""Polygon"",""coordinates"":[[[122.77930584147157,10.86063170045559],[122.78038623154211,10.860631757057906],[122.78038623154211,10.860901033437846],[122.78011350862256,10.860901033883533],[122.78011350862259,10.861170311825173],[122.77984603794343,10.86117028567714],[122.77984603794343,10.861439565167698],[122.77930584147157,10.861439540123019],[122.77930584147157,10.86063170045559]]]}"
00fc000000000000b636,DUMANGAS-063,3425.077506,0,-0.8952369437,0.1166946745,0,26.12664229,1.041626548,0,837.3830802,0.5840302023,2022,10.7959394,122.736533,Dumangas,"{""type"":""Polygon"",""coordinates"":[[[122.73618877197353,10.795412528985644],[122.73699652294907,10.795412493959395],[122.73699652294907,10.795681730199252],[122.73672902506783,10.79568171028819],[122.73672902506783,10.796762634048934],[122.73645635742314,10.796762629081412],[122.73645635742314,10.796224147607688],[122.73618877197353,10.796224138544693],[122.73618877197353,10.795412528985644]]]}"
00fc000000000000b638,DUMANGAS-064,3425.077506,4.366900175,-2.358732937,0.2357868152,3.157637602,26.12664229,1.041626548,49.48074449,1036.604017,0.9383840461,2022,10.7956095,122.6703291,Dumangas,"{""type"":""Polygon"",""coordinates"":[[[122.66989533057314,10.795143255402516],[122.67043033052907,10.795143272215217],[122.67043033052907,10.795412518006751],[122.670703001847,10.795412476737146],[122.670703001847,10.795681722781758],[122.67097050006764,10.795681766549917],[122.67097050006764,10.795954907389405],[122.66989533057314,10.795954893927531],[122.66989533057314,10.795143255402516]]]}"
00fc000000000000b644,DUMANGAS-065,3425.077506,0,-10.00100423,0.314203859,0,26.12664229,1.041626548,119.0996895,696.0427263,0.2986082363,2022,10.79129544,122.7152421,Dumangas,"{""type"":""Polygon"",""coordinates"":[[[122.7140875476479,10.791100925683317],[122.71597559914208,10.791100953845936],[122.71597559914208,10.791370151300354],[122.7162482353411,10.791370204382908],[122.71624823534107,10.79163940209025],[122.7157081323283,10.79163935980618],[122.7157081323283,10.791370160798662],[122.7140875476479,10.791370202544734],[122.7140875476479,10.791100925683317]]]}"
00fc000000000000b64d,DUMANGAS-066,3425.077506,3.535605068,-2.036325438,0.2413272522,4.544685132,26.12664229,1.041626548,29.22166157,469.016975,0.3105724038,2022,10.79039762,122.7056312,Dumangas,"{""type"":""Polygon"",""coordinates"":[[[122.7046574529899,10.790024043127975],[122.70573785913521,10.790024035041966],[122.70573785913521,10.790293253503606],[122.70600535204198,10.790293258406773],[122.70600535204198,10.790562477133884],[122.70654550633257,10.790562472997498],[122.70654550633257,10.790831691333754],[122.70573785913521,10.790831693154699],[122.70573785913521,10.790562472874527],[122.70546519489794,10.790562479976549],[122.70546519489794,10.790293259949342],[122.7046574529899,10.790293264189998],[122.7046574529899,10.790024043127975]]]}"
00fc000000000000b984,ANILAO-007,3425.077506,4.627211954,-2.7397063,0.1674594528,2.642983985,26.12664229,1.041626548,0,376.8064576,0.7871583832,2022,10.96891483,122.7745908,Anilao,"{""type"":""Polygon"",""coordinates"":[[[122.77418696487331,10.96842772460232],[122.77499467272237,10.968427694917045],[122.77499467272237,10.969239795788527],[122.77472710244655,10.96923980768265],[122.77472710244655,10.96950923564866],[122.77418696487331,10.969509185617945],[122.77418696487331,10.969239831338243],[122.7744544504526,10.969239830452384],[122.7744544504526,10.96897047771155],[122.77418696487331,10.968970477953306],[122.77418696487331,10.96842772460232]]]}"
00fc000000000000ba06,DUMANGAS-067,3425.077506,2.645211931,-1.050717046,0.3682097258,3.041592151,26.12664229,1.041626548,0,522.092211,0.5787473488,2022,10.8631919,122.7779605,Dumangas,"{""type"":""Polygon"",""coordinates"":[[[122.77769040178599,10.862516738116748],[122.77823060684929,10.862516686960847],[122.77823060684929,10.863867104514998],[122.77769040178599,10.863867087317297],[122.77769040178599,10.862516738116748]]]}"
00fc000000000000ba0f,DUMANGAS-068,3425.077506,1.455974843,-3.634285554,0.25921861,2.588681036,26.12664229,1.041626548,0,698.7221025,0.3265347166,2022,10.86257016,122.7796561,Dumangas,"{""type"":""Polygon"",""coordinates"":[[[122.77930584147157,10.861978179305307],[122.77984603794343,10.861978126860745],[122.77984603794343,10.862516692169564],[122.78011350862256,10.862516715092964],[122.78011350862256,10.863055282727554],[122.77930584147157,10.863055318750016],[122.77930584147157,10.861978179305307]]]}"
00fc000000000000ba1a,DUMANGAS-069,3425.077506,0,-2.508072026,0.1942193446,0,26.12664229,1.041626548,29.23015696,198.0948452,0.3523188473,2022,10.86036243,122.775131,Dumangas,"{""type"":""Polygon"",""coordinates"":[[[122.77472710244655,10.859823854863688],[122.77526732326673,10.859823898763151],[122.77526732326673,10.860093184774469],[122.77553480600199,10.860093144083887],[122.77553480600199,10.86090100560709],[122.77499467272237,10.860901032187702],[122.77499467272237,10.860631742806774],[122.77472710244655,10.860631719517226],[122.77472710244655,10.859823854863688]]]}"
00fc000000000000ba83,DUMANGAS-070,3425.077506,2.182639434,-3.962580708,0.3176133884,2.164547815,26.12664229,1.041626548,0.1391372729,337.1424554,0.3166839707,2022,10.79417327,122.7162457,Dumangas,"{""type"":""Polygon"",""coordinates"":[[[122.71597559914208,10.79460485887476],[122.71597559914208,10.79406636816639],[122.7157081323283,10.794066384114501],[122.7157081323283,10.793797176911454],[122.71597559914208,10.793797161607332],[122.71597559914208,10.793527955957236],[122.71624823534107,10.793527928917642],[122.71624823534107,10.793797133911262],[122.71651578690863,10.793797182645841],[122.71651578690863,10.794066387904445],[122.71678333777542,10.794066360814915],[122.71678333777542,10.794335566338221],[122.71651578690863,10.794335594071987],[122.71651578690863,10.794874083997156],[122.71624823534107,10.794874037838694],[122.71624823534107,10.794604829209067],[122.71597559914208,10.79460485887476]]]}"
00fc000000000000baa1,LEGANES-003,3425.077506,1.646389325,-0.5968557657,0.1176300792,2.680786284,26.12664229,1.041626548,159.0551969,0,0.3031497078,2022,10.78730114,122.6340502,Leganes,"{""type"":""Polygon"",""coordinates"":[[[122.63351258837122,10.787327857039873],[122.63378009718625,10.787327900116958],[122.63378009718625,10.786789437740852],[122.63458779366447,10.78678940921423],[122.63458779366447,10.787058638008602],[122.63432028694861,10.787058670157943],[122.63432028694861,10.787866289010163],[122.63378009718625,10.787866291216856],[122.63378009718625,10.787597132668461],[122.63351258837122,10.78759709023345],[122.63351258837122,10.787327857039873]]]}"
00fc000000000000bab5,DUMANGAS-071,3425.077506,3.923712151,-4.243254698,0.2837187855,3.028993739,26.12664229,1.041626548,265.4909428,1405.128471,0.283520113,2022,10.7824513,122.7193188,Dumangas,"{""type"":""Polygon"",""coordinates"":[[[122.71840387969071,10.782208816352421],[122.7200193121643,10.782208802988118],[122.72001931216427,10.782747194099283],[122.7189388846664,10.782747220621026],[122.7189388846664,10.782477984583533],[122.71840387969071,10.782477977918054],[122.71840387969071,10.782208816352421]]]}"
00fc000000000000bd14,ANILAO-008,3425.077506,2.525695931,-17.12201171,0.2835856089,2.60965407,26.12664229,1.041626548,0,219.1837011,0.3875200223,2022,10.96209736,122.75384,Anilao,"{""type"":""Polygon"",""coordinates"":[[[122.75343358821871,10.961154532567523],[122.75397374987969,10.961154533764251],[122.75397374987969,10.961693286803559],[122.75424637064712,10.961693317909432],[122.75424637064712,10.961962695116204],[122.75397374987969,10.961962664666338],[122.75397374987969,10.962232043424507],[122.75424637064712,10.962232073218372],[122.75424637064712,10.962501452215907],[122.75397374987972,10.96250142307805],[122.75397374987969,10.963040185071188],[122.75343358821871,10.963040192974342],[122.75343358821871,10.962770810230113],[122.75370621043261,10.962770839374802],[122.75370621043261,10.961423942364112],[122.75343358821871,10.961423909939437],[122.75343358821871,10.961154532567523]]]}"
00fc000000000000bd23,ANILAO-009,3425.077506,0.141783029,-7.451374462,0.2024509152,1.102714371,26.12664229,1.041626548,0,513.8344549,0.3441834397,2022,10.96155862,122.7506811,Anilao,"{""type"":""Polygon"",""coordinates"":[[[122.74993525930653,10.961423955049211],[122.7507429013237,10.96142394515321],[122.75074290132368,10.961154561305973],[122.75155062307375,10.961154540075123],[122.75155062307375,10.96142392197853],[122.75127799508805,10.961423961904032],[122.75127799508805,10.96169334535909],[122.75074290132368,10.961693329895898],[122.75074290132368,10.961962715534021],[122.74993525930653,10.961962654320471],[122.74993525930653,10.961423955049211]]]}"
00fc000000000000be35,ILOILO_CITY-005,3425.077506,3.706576126,-9.631505009,0.2670114122,2.522211022,26.12664229,1.041626548,243.1245189,580.9630797,0.2791138621,2022,10.70137139,122.5864113,Iloilo City,"{""type"":""Polygon"",""coordinates"":[[[122.58581170705446,10.700821386091093],[122.58635188923195,10.700821423531234],[122.58635188923195,10.701090551604207],[122.58661934781833,10.701090576641919],[122.58661934781833,10.701359704989027],[122.58715961205225,10.701359727856806],[122.58715961205228,10.701628855823662],[122.58688689198942,10.70162884762923],[122.58688689198942,10.701897977165757],[122.58635188923195,10.701898016179207],[122.58635188923195,10.701628810496876],[122.5860791670383,10.701628876196265],[122.5860791670383,10.70135967077544],[122.58581170705446,10.701359720606229],[122.58581170705446,10.700821386091093]]]}"
00fc000000000000c0af,BAROTAC_NUEVO-012,3425.077506,5.113256956,4.412169652,0.1740725478,2.370168332,26.12664229,1.041626548,149.1671957,159.033862,0.3271856871,2022,10.90053856,122.7871018,Barotac Nuevo,"{""type"":""Polygon"",""coordinates"":[[[122.7860453036384,10.900516077159383],[122.7865854642554,10.90051604672491],[122.7865854642554,10.900246727442045],[122.78793339915921,10.900246792605627],[122.78793339915921,10.900785425572407],[122.7860453036384,10.900785398645533],[122.7860453036384,10.900516077159383]]]}"
00fc000000000000c343,AJUY-012,3477.134794,4.470979444,2.129986187,0.4188390628,2.039931506,25.96867806,1.143146287,279.6723454,2737.665044,0.3804074493,2022,11.05461746,122.9517941,Ajuy,"{""type"":""Polygon"",""coordinates"":[[[122.95124406135368,11.054399615427048],[122.95151675137521,11.054399628765145],[122.95151675137521,11.054130196686025],[122.95259194403393,11.05413019878354],[122.95259194403393,11.05439962825913],[122.95232441496694,11.05439966156371],[122.95232441496694,11.054669092576534],[122.95178419663557,11.0546691141954],[122.95178419663557,11.054938547405698],[122.9520517271479,11.054938588407929],[122.9520517271479,11.055208021859821],[122.95124406135366,11.05520799392836],[122.95124406135368,11.054399615427048]]]}"
00fc000000000000c348,BAROTAC_VIEJO-010,3477.134794,1.120361991,-3.256986549,0.2696637997,2.880981607,25.96867806,1.143146287,0,322.4420835,0.3840765458,2022,11.0266904,122.8439753,Barotac Viejo,"{""type"":""Polygon"",""coordinates"":[[[122.8431762393802,11.027177887691172],[122.8437164395047,11.027177888706756],[122.8437164395047,11.026908435918191],[122.84398391365993,11.026908492216252],[122.8439839136599,11.026369590602316],[122.8437164395047,11.026369608006982],[122.8437164395047,11.025830783658542],[122.84425663673922,11.025830714877456],[122.84425663673922,11.026369611611596],[122.84452410946346,11.02636959355291],[122.84452410946346,11.026908492559818],[122.84425663673922,11.026908436916155],[122.84425663673922,11.027177888401209],[122.84398391365993,11.02717794435958],[122.84398391365993,11.027447322399786],[122.84317623938018,11.027447342674128],[122.8431762393802,11.027177887691172]]]}"
00fc000000000000c35b,ANILAO-010,3425.077506,4.979536563,-3.150032276,0.2143228926,2.60617647,26.12664229,1.041626548,440.3466588,686.2064499,0.3203872734,2022,10.95455105,122.7678539,Anilao,"{""type"":""Polygon"",""coordinates"":[[[122.76744749109174,10.95387762817829],[122.76798766447963,10.953877620107676],[122.7679876644796,10.95414701322618],[122.76826033382113,10.95414703518121],[122.76826033382113,10.955224464035549],[122.76772016188188,10.95522447927261],[122.76772016188188,10.954955081925098],[122.76744749109172,10.954955136255393],[122.76744749109174,10.95387762817829]]]}"
00fc000000000000c3de,DUMANGAS-072,3425.077506,0,-1.158535001,0.1856500097,0,26.12664229,1.041626548,0,699.3167797,0.3029317241,2022,10.84076257,122.7585886,Dumangas,"{""type"":""Polygon"",""coordinates"":[[[122.75936530369835,10.841497337409727],[122.75882508451821,10.841497306091796],[122.75882508451821,10.841228042927456],[122.75855755782287,10.841228018508165],[122.75855755782287,10.840958755604607],[122.75828494860268,10.840958810087363],[122.75828494860268,10.840689547432092],[122.75801742048733,10.840689521079629],[122.75801742048733,10.84042025868519],[122.75774989166868,10.840420231369087],[122.75774989166868,10.840150969235507],[122.75855755782287,10.840150972327027],[122.75855755782287,10.840420232514019],[122.75882508451821,10.84042025886742],[122.75882508451821,10.84068951931525],[122.7590977784233,10.840689529474282],[122.7590977784233,10.841228051772056],[122.75936530369835,10.84122807554732],[122.75936530369835,10.841497337409727]]]}"
00fc000000000000c416,DUMANGAS-073,3425.077506,0,-4.43035395,0.3007559876,0,26.12664229,1.041626548,59.20256714,800.85162,0.329659418,2022,10.79040805,122.7140588,Dumangas,"{""type"":""Polygon"",""coordinates"":[[[122.71327987387156,10.790293285398977],[122.71355251726416,10.790293269506018],[122.71355251726416,10.790024069855148],[122.71381998972117,10.790024066133439],[122.71381998972117,10.789485595987228],[122.7140875476479,10.789485583057933],[122.7140875476479,10.790562524411264],[122.71516794029104,10.790562530631851],[122.71516794029104,10.790831728212309],[122.71355251726416,10.790831746396886],[122.71355251726416,10.790562470066106],[122.71327987387156,10.790562486615475],[122.71327987387156,10.790293285398977]]]}"
00fc000000000000c646,DUMANGAS-074,3425.077506,1.076233184,-3.587946109,0.2221247378,2.05548242,26.12664229,1.041626548,0,1213.868917,0.3155183598,2022,10.81023673,122.6826359,Dumangas,"{""type"":""Polygon"",""coordinates"":[[[122.68309641073915,10.810774627067344],[122.68309641073915,10.810505434816324],[122.68174846858636,10.81050544157198],[122.68174846858636,10.809966978409813],[122.6828288579584,10.809966918166646],[122.68282885795838,10.809697727994154],[122.68309641073915,10.809697713706578],[122.68309641073915,10.809966903235841],[122.6833690483728,10.80996696100137],[122.6833690483728,10.81077468286687],[122.68309641073915,10.810774627067344]]]}"
00fc000000000000c653,DUMANGAS-075,3425.077506,3.076836792,-1.100413214,0.1599320416,2.093045423,26.12664229,1.041626548,147.3794115,343.3860585,0.3019971575,2022,10.78985054,122.7037335,Dumangas,"{""type"":""Polygon"",""coordinates"":[[[122.7046574529899,10.790024043127975],[122.70411728872588,10.790024040142145],[122.70411728872591,10.790293262504216],[122.7030420362131,10.79029325381642],[122.7030420362131,10.79002402886655],[122.70357712160883,10.79002403586255],[122.70357712160883,10.789754813109756],[122.70276936478813,10.789754806700055],[122.70276936478813,10.789485582912581],[122.7043899565572,10.789485595298542],[122.7043899565572,10.789754815185727],[122.7046574529899,10.789754822975246],[122.7046574529899,10.790024043127975]]]}"
00fc000000000000c80c,BAROTAC_VIEJO-011,3477.134794,3.378173253,-53.19821639,0.3589124624,1.405170096,25.96867806,1.143146287,0,0,0.3836981693,2022,11.03159158,122.8513064,Barotac Viejo,"{""type"":""Polygon"",""coordinates"":[[[122.85072337442539,11.031492769160307],[122.85099091606823,11.031492795554176],[122.85099091606823,11.030684524726471],[122.85153107437354,11.030684489663285],[122.85153107437354,11.032031655638438],[122.8520713158402,11.032031677291425],[122.8520713158402,11.032301126852605],[122.85099091606823,11.0323010743953],[122.85099091606823,11.031762245941952],[122.85072337442539,11.031762220193702],[122.85072337442539,11.031492769160307]]]}"
00fc000000000000c817,ANILAO-011,3425.077506,4.358846658,-2.577173461,0.21167667,3.125183221,26.12664229,1.041626548,0,452.8905168,0.3573304141,2022,10.96076866,122.7487915,Anilao,"{""type"":""Polygon"",""coordinates"":[[[122.74750695404178,10.960346447218898],[122.74912235632475,10.96034644734598],[122.74912235632475,10.960615832406535],[122.7493950762215,10.96061578675081],[122.7493950762215,10.960885172050473],[122.74966254085629,10.960885231337912],[122.74966254085629,10.961423928340508],[122.74912235632475,10.961423917964515],[122.74912235632475,10.96115460521418],[122.7488548902714,10.961154545919742],[122.7488548902714,10.960885158424757],[122.74831470145627,10.9608852184827],[122.74831470145627,10.960615830583166],[122.74750695404178,10.960615836166573],[122.74750695404178,10.960346447218898]]]}"
00fc000000000000c85c,DUMANGAS-076,3425.077506,2.697540555,-2.518156265,0.2196988961,1.766620963,26.12664229,1.041626548,88.38344134,1092.129179,0.3234786924,2022,10.85512527,122.7820472,Dumangas,"{""type"":""Polygon"",""coordinates"":[[[122.78227426008597,10.856049956603973],[122.78200162834936,10.856049937240517],[122.78200162834933,10.855780681045918],[122.78173407653038,10.855780729377535],[122.78173407653038,10.855511398565488],[122.78200162834933,10.855511425755665],[122.78200162834933,10.854972843012565],[122.78173407653038,10.854972889407787],[122.78173407653038,10.854703561309899],[122.78146144334345,10.854703538001942],[122.78146144334345,10.854434285026937],[122.78119389010124,10.854434329486773],[122.78119389010124,10.85416500189533],[122.78173407653038,10.854164982704038],[122.78173407653038,10.854434308992316],[122.78200162834936,10.854434263888074],[122.78200162834933,10.85470359043571],[122.78227426008597,10.854703538211234],[122.78227426008597,10.854972865005932],[122.7825418104816,10.8549728179663],[122.7825418104816,10.855511398103351],[122.78280936017225,10.855511424329281],[122.78280936017225,10.855780677671516],[122.78227426008597,10.855780701066807],[122.78227426008597,10.856049956603973]]]}"
00fc000000000000c8a1,DUMANGAS-077,3425.077506,1.619821709,-3.014087103,0.2616451111,2.123747548,26.12664229,1.041626548,0,296.8591615,0.3176793824,2022,10.79495515,122.7151764,Dumangas,"{""type"":""Polygon"",""coordinates"":[[[122.71462774539755,10.794874049202795],[122.71490038519353,10.79487402051047],[122.71490038519353,10.794335597670365],[122.7157081323283,10.794335592226501],[122.7157081323283,10.79460480124743],[122.71597559914208,10.79460485887476],[122.71597559914208,10.794874068160869],[122.71543540851911,10.794874051029945],[122.71543540851911,10.795412474929744],[122.71516794029104,10.795412493457066],[122.71516794029104,10.795681707414262],[122.71462774539755,10.795681767114399],[122.71462774539755,10.794874049202795]]]}"
00fc000000000000cc82,DUMANGAS-078,3425.077506,2.833641405,-7.671662103,0.3144270142,2.207032632,26.12664229,1.041626548,0,1048.711318,0.3194008735,2022,10.81136889,122.6817881,Dumangas,"{""type"":""Polygon"",""coordinates"":[[[122.68040059490158,10.811313178792048],[122.68148099848354,10.81131311202663],[122.68148099848354,10.811043914077976],[122.68202110980641,10.811043890238798],[122.68202110980641,10.811313161790846],[122.68228866469623,10.811313144602929],[122.68228866469623,10.811043873694285],[122.68282885795838,10.811043912630499],[122.6828288579584,10.810774643928186],[122.68309641073915,10.810774627067344],[122.68309641073915,10.81131316409268],[122.68282885795838,10.81131310733908],[122.6828288579584,10.811582377856192],[122.68094079811625,10.81158234621152],[122.68094079811625,10.811851622175888],[122.68040059490158,10.811851657508369],[122.68040059490158,10.811313178792048]]]}"
00fc000000000000ccb7,ILOILO_CITY-006,3425.077506,0.8500462107,-15.07879141,0.2888702415,1.333325974,26.12664229,1.041626548,0.02354832276,1880.416486,0.2797503537,2022,10.7127827,122.5920004,Iloilo City,"{""type"":""Polygon"",""coordinates"":[[[122.59119813148114,10.712141537987078],[122.59201090649861,10.712141495025065],[122.59201090649861,10.712410722885348],[122.59254596623563,10.712410685215515],[122.59254596623563,10.712948991375837],[122.59281867136586,10.712948965264896],[122.59281867136586,10.713218119062878],[122.59227843671347,10.713218166746072],[122.59227843671347,10.713487322754949],[122.5917382855091,10.7134872855054],[122.5917382855091,10.712948971811082],[122.59147075389575,10.71294899113619],[122.59147075389575,10.712410679817182],[122.59119813148114,10.712410692928444],[122.59119813148114,10.712141537987078]]]}"
00fc000000000000cd8f,BAROTAC_VIEJO-012,3477.134794,5.172745141,-3.012587273,0.2443815954,2.391481368,25.96867806,1.143146287,0,235.3038518,100,2022,11.02363118,122.8518761,Barotac Viejo,"{""type"":""Polygon"",""coordinates"":[[[122.85153107437354,11.024483568732846],[122.85153107437354,11.02367529634497],[122.85072337442539,11.023675327352848],[122.85072337442539,11.023136479650573],[122.85099091606823,11.023136451081347],[122.85099091606823,11.023405873841128],[122.8520713158402,11.02340586240476],[122.8520713158402,11.023136442252616],[122.85287900499846,11.02313648520088],[122.85287900499846,11.023675322497613],[122.85233876785645,11.023675337369706],[122.85233876785645,11.023944758658653],[122.8520713158402,11.023944705382275],[122.8520713158402,11.024214203193214],[122.85180377706192,11.024214160668102],[122.85180377706192,11.024483585030303],[122.85153107437354,11.024483568732846]]]}"
00fc000000000000cd94,BAROTAC_VIEJO-013,3477.134794,3.551024858,-6.508201569,0.2798664436,3.300939182,25.96867806,1.143146287,0,36.84276671,0.3712253173,2022,11.01924492,122.8501398,Barotac Viejo,"{""type"":""Polygon"",""coordinates"":[[[122.8504558320732,11.019903338825737],[122.84991566801224,11.019903319092588],[122.84991566801224,11.019633905323957],[122.8493755010601,11.019633882966788],[122.8493755010601,11.019095055496429],[122.84964820957367,11.019095087616803],[122.84964820957367,11.018825600894491],[122.85018321179652,11.01882565210768],[122.85018321179652,11.018556242550332],[122.85072337442539,11.01855619316637],[122.85072337442536,11.019633906510984],[122.8504558320732,11.019633926360715],[122.8504558320732,11.019903338825737]]]}"
00fc000000000000cd9d,ANILAO-012,3425.077506,2.781964714,-2.309581912,0.1998485698,2.873350751,26.12664229,1.041626548,0,899.973006,0.3644376167,2022,10.96455112,122.7686468,Anilao,"{""type"":""Polygon"",""coordinates"":[[[122.7679876644796,10.963309536951265],[122.76826033382113,10.963309536574526],[122.76826033382113,10.963848310146114],[122.76852783499766,10.963848329289867],[122.76852783499766,10.96411767928163],[122.76879542159406,10.96411768710797],[122.76879542159406,10.964656463474997],[122.76933558782041,10.964656400076665],[122.76933558782041,10.96519517742327],[122.76960825354676,10.96519517079625],[122.76960825354676,10.965464597649298],[122.76879542159406,10.965464597247038],[122.76879542159406,10.964925815508167],[122.76852783499766,10.96492580961468],[122.76852783499766,10.964656456937279],[122.76798766447963,10.964656443385147],[122.7679876644796,10.963309536951265]]]}"
00fc000000000000cf3f,DUMANGAS-079,3425.077506,2.997729149,-6.252239368,0.2388366367,2.571475889,26.12664229,1.041626548,35.85216382,374.7184726,0.4949134732,2022,10.86280922,122.777117,Dumangas,"{""type"":""Polygon"",""coordinates"":[[[122.77769040178599,10.862516738116748],[122.77742292472603,10.862516712300003],[122.77742292472603,10.86386713962144],[122.77661523618104,10.863867096928658],[122.77661523618104,10.863597801498885],[122.77688271536759,10.863597825691187],[122.77688271536759,10.862247471256547],[122.77634250313656,10.862247442974315],[122.77634250313659,10.861978152323399],[122.77769040178599,10.861978162411328],[122.77769040178599,10.862516738116748]]]}"
00fc000000000000cf75,LEGANES-004,3425.077506,1.182644628,-1.436808744,0.1734915694,1.621995984,26.12664229,1.041626548,149.1057698,62.02521054,0.2960798951,2022,10.78618721,122.6325961,Leganes,"{""type"":""Polygon"",""coordinates"":[[[122.63189199786353,10.785981824238585],[122.6321646852163,10.785981787742656],[122.6321646852163,10.785443326700396],[122.63270488345599,10.785443340030808],[122.63270488345599,10.785712568800614],[122.63297239437006,10.785712541776846],[122.63297239437006,10.785981770813427],[122.63323990458895,10.785981817741098],[122.63323990458895,10.786250972133795],[122.63351258837122,10.786251008266111],[122.63351258837122,10.786520237823973],[122.63297239437006,10.786520231613753],[122.63297239437006,10.786789463377461],[122.6321646852163,10.786789411211863],[122.6321646852163,10.78652025242117],[122.63189199786353,10.786520215314546],[122.63189199786353,10.785981824238585]]]}"
00fc000000000000cf78,DUMANGAS-080,3425.077506,2.899648978,-3.648578935,0.3507214302,3.744029881,26.12664229,1.041626548,88.19104542,1216.549977,0.3035933441,2022,10.78319323,122.7210894,Dumangas,"{""type"":""Polygon"",""coordinates"":[[[122.72028676768876,10.783016433819634],[122.72082701881844,10.783016411590285],[122.72082701881844,10.782747254039363],[122.72109447222743,10.782747259100933],[122.72109447222743,10.782478028255078],[122.7216347190837,10.782478006694397],[122.7216347190837,10.782747236238931],[122.72190734017609,10.78274722865199],[122.72190734017609,10.783016458450028],[122.7216347190837,10.783016466693645],[122.7216347190837,10.783554855484276],[122.72136718092602,10.783554863170567],[122.72136718092602,10.783824096999869],[122.7205594785445,10.783824121624122],[122.7205594785445,10.783554885849327],[122.72028676768876,10.78355490395261],[122.72028676768876,10.783016433819634]]]}"
00fc000000000000d07d,BANATE-001,3425.077506,7.292125984,14.59289762,0.3174856307,3.219526992,26.12664229,1.041626548,110.0301898,2855.577346,0.3667283834,2022,10.99231896,122.8461275,Banate,"{""type"":""Polygon"",""coordinates"":[[[122.84533185902013,10.991337715559082],[122.8456044924001,10.991337680940974],[122.8456044924001,10.991607086340927],[122.846412233313,10.991607081175399],[122.846412233313,10.992145890756769],[122.84667970032645,10.99214587712296],[122.84667970032645,10.993492913487646],[122.846412233313,10.993492930350078],[122.846412233313,10.99322352064407],[122.84614467953296,10.993223546938117],[122.84614467953296,10.99268472891516],[122.84587204761176,10.992684692528496],[122.84587204761176,10.99241528419953],[122.8456044924001,10.992415307903316],[122.8456044924001,10.991876492634644],[122.84533185902013,10.991876528569243],[122.84533185902013,10.991337715559082]]]}"
00fc000000000000d0d0,DUMANGAS-081,3425.077506,5.005696327,-3.218079994,0.2878318256,2.541910468,26.12664229,1.041626548,0.2051458151,480.2278937,2.514113631,2022,10.82679712,122.7465367,Dumangas,"{""type"":""Polygon"",""coordinates"":[[[122.7453514077542,10.825868348765443],[122.74561888300673,10.825868361035841],[122.74561888300673,10.826137604338882],[122.74589152614047,10.826137601393713],[122.74589152614047,10.826406844946433],[122.74643172780586,10.826406840807001],[122.74643172780586,10.82667608396471],[122.74723948374648,10.826676075412633],[122.74723948374648,10.826945317530607],[122.74777450977625,10.82694532188202],[122.74777450977625,10.827214563617387],[122.74804714714074,10.827214630302395],[122.74804714714074,10.82748387228756],[122.74723948374648,10.827483879359404],[122.74723948374648,10.8272145605551],[122.74669928636442,10.82721457054059],[122.74669928636442,10.826945326214478],[122.74561888300673,10.82694533968747],[122.74561888300673,10.826676093664716],[122.7453514077542,10.826676083327536],[122.7453514077542,10.825868348765443]]]}"
00fc000000000000d0dd,DUMANGAS-082,3425.077506,2.476377953,-3.389225868,0.2561512187,2.038264854,26.12664229,1.041626548,189.4993652,1454.856035,0.3065363294,2022,10.81450811,122.7518184,Dumangas,"{""type"":""Polygon"",""coordinates"":[[[122.75047027117546,10.815086489117151],[122.75074290132368,10.815086507255412],[122.75074290132368,10.814817238669166],[122.75127799508805,10.814817282545434],[122.75127799508805,10.814548016156671],[122.75155062307375,10.814548034630084],[122.75155062307375,10.814278769806256],[122.75209079472461,10.814278735850507],[122.75209079472461,10.813740286387992],[122.75235833841667,10.8137403094613],[122.75235833841667,10.813471049307863],[122.7528985057825,10.813471017319577],[122.7528985057825,10.813740276170794],[122.75262588140576,10.81374025735956],[122.75262588140576,10.814548041331763],[122.75235833841667,10.814548020511069],[122.75235833841667,10.814817284295662],[122.75155062307375,10.814817225503193],[122.75155062307375,10.815086492142413],[122.75127799508805,10.815086474983032],[122.75127799508805,10.81535574318715],[122.75047027117546,10.815355759268295],[122.75047027117546,10.815086489117151]]]}"
00fc000000000000d269,BAROTAC_VIEJO-014,3425.077506,7.379962547,2.128354712,0.486670822,4.93857681,26.12664229,1.041626548,195.7825793,2356.039594,0.3536051117,2022,10.99692418,122.850629,Barotac Viejo,"{""type"":""Polygon"",""coordinates"":[[[122.84964820957367,10.996456366385205],[122.8504558320732,10.996456321778087],[122.8504558320732,10.996725732444103],[122.85099091606823,10.996725727284579],[122.85099091606823,10.996456317910425],[122.85153107437354,10.996456373514071],[122.85153107437354,10.99672578158429],[122.8520713158402,10.996725749200413],[122.8520713158402,10.996995156859562],[122.8512636202164,10.996995146702305],[122.85126362021643,10.997264557204847],[122.85018321179652,10.997264536564442],[122.85018321179652,10.99753395056869],[122.84964820957367,10.997533947246737],[122.84964820957367,10.996995117548394],[122.84991566801224,10.996995163345916],[122.84991566801224,10.996725750482355],[122.84964820957367,10.996725779001176],[122.84964820957367,10.996456366385205]]]}"
00fc000000000000d292,BAROTAC_NUEVO-013,3425.077506,4.310795667,-1.353892133,0.3331567281,2.446625159,26.12664229,1.041626548,0.2120717067,0,0.5435752751,2022,10.90212778,122.7851912,Barotac Nuevo,"{""type"":""Polygon"",""coordinates"":[[[122.78415717299667,10.9024053015782],[122.78469742977097,10.902405256273811],[122.78469742977097,10.902132030391792],[122.78496488767111,10.902132027550115],[122.78496488767111,10.901862698955254],[122.78523759756041,10.90186266746535],[122.78523759756041,10.901593340428823],[122.7855051401469,10.901593327929916],[122.7855051401469,10.901054752765603],[122.7860453036384,10.901054721032475],[122.78604530363837,10.901862693597852],[122.78577776247559,10.901862707389101],[122.78577776247559,10.902132034024122],[122.7855051401469,10.902131981613499],[122.7855051401469,10.902405280437355],[122.78523759756041,10.90240529488106],[122.78523759756041,10.902943955285567],[122.78415717299667,10.902943967192526],[122.78415717299667,10.9024053015782]]]}"
00fc000000000000d2ce,DUMANGAS-083,3425.077506,2.426434848,5.793918695,0.3546782307,2.562050159,26.12664229,1.041626548,0,889.1854221,2.398023831,2022,10.79791031,122.6694892,Dumangas,"{""type"":""Polygon"",""coordinates"":[[[122.66854738728004,10.797301050398191],[122.66881489112129,10.797301092858408],[122.66881489112129,10.797031836810529],[122.66935506916572,10.797031836013105],[122.66935506916569,10.797301090762545],[122.66962265710846,10.797301047194598],[122.66962265710843,10.797570302209225],[122.66989533057314,10.797570256662148],[122.66989533057314,10.797839511929714],[122.67016283089984,10.797839551504417],[122.67016283089984,10.798916429291861],[122.66962265710846,10.798916441113036],[122.66962265710846,10.798377997806261],[122.66935506916569,10.798377969049339],[122.66935506916569,10.798108785564205],[122.66908248047292,10.798108746698146],[122.66908248047292,10.797839488568265],[122.66881489112129,10.797839532781811],[122.66881489112129,10.797570274917092],[122.66854738728004,10.79757030799748],[122.66854738728004,10.797301050398191]]]}"
00fc000000000000d2d0,DUMANGAS-084,3425.077506,0.9502617801,-1.459071631,0.1703700595,1.975380388,26.12664229,1.041626548,0,510.8529791,0.2925079366,2022,10.79322678,122.7090656,Dumangas,"{""type"":""Polygon"",""coordinates"":[[[122.71004902875575,10.793527942991686],[122.71004902875575,10.793797162909001],[122.71031651038247,10.793797154318346],[122.71031651038247,10.794066374500773],[122.71058407748205,10.794066354767407],[122.71058407748207,10.794335575214678],[122.70977637601635,10.794335626983848],[122.70977637601635,10.793797108242643],[122.70950880680239,10.793797126373345],[122.70950880680239,10.793527905155777],[122.70896866816817,10.793527930711598],[122.70896866816817,10.793258709102817],[122.70842844050524,10.793258667377568],[122.70842844050522,10.792720224286757],[122.7078933804956,10.792720241699293],[122.7078933804956,10.792451020229565],[122.70735323332592,10.792451036714848],[122.70735323332595,10.792181814854052],[122.70816095393792,10.79218178731977],[122.70816095393792,10.792451007236291],[122.70870109683997,10.792451063682632],[122.70870109683997,10.79272028320831],[122.70896866816817,10.792720268612428],[122.70896866816817,10.792989488403087],[122.70924132306205,10.792989471148472],[122.70924132306205,10.793258691191838],[122.70977637601635,10.793258668004787],[122.70977637601635,10.793527887669201],[122.71004902875575,10.793527942991686]]]}"
00fc000000000000d3d0,BAROTAC_VIEJO-015,3477.134794,2.640934213,-2.239675975,0.1975798767,1.621656453,25.96867806,1.143146287,49.02182401,378.5323414,0.3841354781,2022,11.02570818,122.8526722,Barotac Viejo,"{""type"":""Polygon"",""coordinates"":[[[122.85315161799171,11.026369582900324],[122.8520713158402,11.026369617873412],[122.8520713158402,11.025022477016078],[122.85315161799171,11.025022455080629],[122.85315161799171,11.025561303535733],[122.85341915319597,11.0255613412],[122.85341915319597,11.026100191927597],[122.85315161799171,11.02610015555456],[122.85315161799171,11.026369582900324]]]}"
00fc000000000000d3e4,BANATE-002,3477.134794,6.481540931,-4.680091999,0.3660023154,1.736442076,25.96867806,1.143146287,313.8451449,25.30245051,0.3835461575,2022,11.01995261,122.8047263,Banate,"{""type"":""Polygon"",""coordinates"":[[[122.80383025725449,11.01909502339753],[122.8049105583711,11.019095057122884],[122.80491055837113,11.019633949061925],[122.8051781351595,11.01963391975243],[122.8051781351595,11.019903366413796],[122.80545079070316,11.019903321921248],[122.80545079070316,11.020442216602987],[122.8051781351595,11.020442187396322],[122.8051781351595,11.020981011942268],[122.80463790137378,11.020981015916536],[122.80463790137377,11.02071163940358],[122.80437040925237,11.020711585211789],[122.80437040925237,11.020442208945195],[122.80463790137377,11.020442188767241],[122.80463790137378,11.019903365181378],[122.80410291642488,11.019903327621616],[122.80410291642488,11.01936450502159],[122.80383025725449,11.019364471524618],[122.80383025725449,11.01909502339753]]]}"
00fc000000000000d3fe,ANILAO-013,3425.077506,4.55900732,-5.627886697,0.272521899,2.566423242,26.12664229,1.041626548,0,729.4373018,0.3661722142,2022,10.96666483,122.7690423,Anilao,"{""type"":""Polygon"",""coordinates"":[[[122.7679876644796,10.967080811386527],[122.7679876644796,10.966542090004232],[122.76852783499766,10.966542094452286],[122.76852783499768,10.966272736404102],[122.7690680887692,10.966272655497855],[122.7690680887692,10.966003299645667],[122.76987575117663,10.966003316435645],[122.76987575117663,10.966811455831374],[122.76960825354676,10.966811445395518],[122.76960825354676,10.967080802632365],[122.76933558782041,10.967080813855379],[122.76933558782041,10.967350172643693],[122.76879542159406,10.967350174061687],[122.76879542159406,10.967080813972848],[122.7679876644796,10.967080811386527]],[[122.7690680887692,10.96681144487554],[122.76879542159406,10.966811454778956],[122.76879542159406,10.966542096480023],[122.7690680887692,10.966542087233126],[122.7690680887692,10.96681144487554]]]}"
00fc000000000000d42d,DUMANGAS-085,3425.077506,3.342852044,-8.769467673,0.2528836531,2.792020177,26.12664229,1.041626548,0,610.3827917,25.04049972,2022,10.87719216,122.7793437,Dumangas,"{""type"":""Polygon"",""coordinates"":[[[122.77849816789795,10.876801106682391],[122.77903828255046,10.876801069644952],[122.77903828255046,10.87707040352142],[122.77930584147157,10.877070382278605],[122.77930584147157,10.876801049047396],[122.77984603794343,10.876801074682492],[122.77984603794343,10.876531743656786],[122.78011350862256,10.876531807911816],[122.78011350862256,10.87626247843385],[122.78038623154211,10.876262440469969],[122.78038623154211,10.87680109901328],[122.78011350862256,10.876801063395405],[122.78011350862256,10.877339651967736],[122.77984603794343,10.877339664544708],[122.77984603794343,10.87760899827895],[122.77930584147157,10.877608976551167],[122.77930584147157,10.877878237591986],[122.77849816789795,10.877878228117707],[122.77849816789795,10.876801106682391]]]}"
00fc000000000000d458,DUMANGAS-086,3425.077506,1.862068966,-3.173004884,0.224102974,2.633459474,26.12664229,1.041626548,0,606.3476502,0.4996686116,2022,10.79242352,122.7127789,Dumangas,"{""type"":""Polygon"",""coordinates"":[[[122.71220463155468,10.791100944716135],[122.71274475308768,10.791100923131467],[122.71274475308768,10.791639409368173],[122.71327987387156,10.791639375435746],[122.71327987387156,10.791912548920763],[122.7130123138299,10.791912566699342],[122.7130123138299,10.792451057130348],[122.71327987387156,10.792451038063248],[122.71327987387156,10.79325866630097],[122.7130123138299,10.793258687300604],[122.7130123138299,10.793797111959254],[122.71247210753985,10.793797157389765],[122.71247210753985,10.793258730129917],[122.71274475308768,10.79325870798281],[122.71274475308768,10.792720285671908],[122.71247210753985,10.792720231642196],[122.71247210753985,10.791639427566952],[122.71220463155471,10.79163935869068],[122.71220463155468,10.791100944716135]]]}"
00fc000000000000d562,ANILAO-014,3425.077506,3.137848469,-2.985991479,0.2179221598,2.544827032,26.12664229,1.041626548,293.2642681,770.0132676,2.273771364,2022,10.95608488,122.7678187,Anilao,"{""type"":""Polygon"",""coordinates"":[[[122.76663980939408,10.955763233417501],[122.76691248235015,10.955763178107134],[122.76691248235015,10.95549385200168],[122.76744749109174,10.95549385818142],[122.76744749109172,10.955763182998824],[122.76772016188188,10.95576320167736],[122.76772016188188,10.955493802537614],[122.76826033382113,10.955493860978374],[122.76826033382113,10.955763183838776],[122.76852783499766,10.955763222312939],[122.76852783499768,10.95630194441199],[122.76879542159406,10.956301895953041],[122.76879542159406,10.956840695326052],[122.76826033382113,10.956840709176262],[122.76826033382113,10.956571307752977],[122.76772016188188,10.956571329494063],[122.76772016188188,10.956301927665974],[122.76691248235015,10.956301907985234],[122.76691248235015,10.956032580088106],[122.76663980939408,10.956032561075324],[122.76663980939408,10.955763233417501]]]}"
00fc000000000000d58f,DUMANGAS-087,3425.077506,2.64923339,-2.116017837,0.2420621813,2.873764082,26.12664229,1.041626548,0,217.3945614,0.3004679864,2022,10.84617894,122.7590898,Dumangas,"{""type"":""Polygon"",""coordinates"":[[[122.75801742048733,10.846617416789952],[122.75828494860268,10.84661742894939],[122.75828494860268,10.846348147269202],[122.75882508451821,10.846348091792473],[122.75882508451821,10.845809608634212],[122.7590977784233,10.84580960629617],[122.7590977784233,10.845540329290449],[122.75936530369835,10.845540342740552],[122.75936530369835,10.84527106728477],[122.75963282827007,10.84527100617897],[122.75963282827007,10.844732459273041],[122.75990552001043,10.84473245858254],[122.75990552001043,10.845001730925636],[122.76017304316177,10.84500174470227],[122.76017304316177,10.845271017305839],[122.75990552001043,10.845271004173958],[122.75990552001043,10.845809553386198],[122.75936530369837,10.845809544219208],[122.75936530369835,10.846348099656154],[122.7590977784233,10.846348088140115],[122.7590977784233,10.847425212454507],[122.75882508451821,10.847425218735893],[122.75882508451821,10.847155935642393],[122.75828494860268,10.84715592014082],[122.75828494860268,10.84688663665065],[122.75801742048733,10.846886700019995],[122.75801742048733,10.846617416789952]]]}"
00fc000000000000d692,BANATE-003,3425.077506,6.448942796,-3.786647344,0.2612548288,2.280684432,26.12664229,1.041626548,0,218.0799774,4.534976066,2022,10.99762363,122.8017638,Banate,"{""type"":""Polygon"",""coordinates"":[[[122.80032677562656,10.996995145298563],[122.80113444766386,10.996995168287258],[122.80113444766386,10.997264549744518],[122.80167461402918,10.99726452930951],[122.80167461402918,10.99753398535263],[122.8032900162832,10.99753400037767],[122.8032900162832,10.998072757367414],[122.80140711408662,10.998072788201284],[122.80140711408662,10.997803404722735],[122.80086694629578,10.997803352113687],[122.80086694629578,10.997533968226357],[122.80032677562656,10.997533987993744],[122.80032677562656,10.996995145298563]]]}"
00fc000000000000d710,ILOILO_CITY-007,3425.077506,1.213514398,-6.010689767,0.2882914631,2.447630885,26.12664229,1.041626548,0,706.3591137,0.4625979781,2022,10.70014616,122.589852,Iloilo City,"{""type"":""Polygon"",""coordinates"":[[[122.58904249107641,10.699202613753972],[122.58985536932165,10.699202587314646],[122.58985536932165,10.699475668951662],[122.59012290511694,10.699475683656384],[122.59012290511694,10.700013988327887],[122.59039035394593,10.70001401149644],[122.59039035394593,10.700552243689604],[122.59066306476504,10.700552250299651],[122.59066306476504,10.701090559705841],[122.58985536932165,10.701090522947975],[122.58985536932165,10.700821403278935],[122.58958265637126,10.700821396354609],[122.58958265637126,10.700283158454944],[122.5893152054521,10.700283134978031],[122.5893152054521,10.699744824599208],[122.58904249107641,10.699744814410279],[122.58904249107641,10.699202613753972]]]}"
00fc000000000000d800,DUMANGAS-088,3425.077506,0.1827754204,-2.160783983,0.2098911732,0.4199415597,26.12664229,1.041626548,29.59453881,610.4090836,0.37091654,2022,10.86428123,122.7790976,Dumangas,"{""type"":""Polygon"",""coordinates"":[[[122.77957848044537,10.865482829129265],[122.77903828255046,10.865482822997757],[122.77903828255046,10.865213527988246],[122.77877080903974,10.865213510239547],[122.77877080903974,10.864944290376013],[122.77849816789795,10.864944288465159],[122.77849816789795,10.863867115869258],[122.77877080903974,10.863867120409871],[122.77877080903974,10.863055283498163],[122.77903828255046,10.863055306415593],[122.77903828255046,10.863328563112674],[122.77957848044537,10.863328504779693],[122.77957848044537,10.864405659724213],[122.77984603794343,10.864405668178167],[122.77984603794343,10.864674958528616],[122.77903828255046,10.864674940680437],[122.77903828255046,10.864944233882467],[122.77930584147157,10.864944241691367],[122.77930584147157,10.865213535151968],[122.77957848044537,10.865213535422392],[122.77957848044537,10.865482829129265]],[[122.77903828255046,10.863867141383029],[122.77903828255046,10.864136431873952],[122.77877080903974,10.864136411545715],[122.77877080903974,10.863867120409871],[122.77903828255046,10.863867141383029]]]}"
00fc000000000000daef,DUMANGAS-089,3425.077506,2.851924423,-3.563052104,0.2768430838,1.573298601,26.12664229,1.041626548,315.116946,779.3982277,0.4420031933,2022,10.79201733,122.6679484,Dumangas,"{""type"":""Polygon"",""coordinates"":[[[122.66746701984277,10.790831737880962],[122.66827471023292,10.790831753865538],[122.66827471023292,10.791370152721086],[122.66854738728004,10.791370198791734],[122.66854738728004,10.791639361481204],[122.66827471023292,10.791639390958196],[122.66827471023292,10.79245100557485],[122.66854738728004,10.792451049014899],[122.66854738728004,10.792720215352139],[122.66827471023292,10.792720247460755],[122.66827471023292,10.792989490255525],[122.66854738728004,10.792989457491368],[122.66854738728004,10.793258700539441],[122.66773452650065,10.79325871397343],[122.66773452650065,10.792720224878348],[122.66746701984277,10.79272024509339],[122.66746701984277,10.790831737880962]]]}"
00fc000000000000db9e,DUMANGAS-090,3425.077506,0,-3.698601971,0.2914383812,0,26.12664229,1.041626548,0.1527272866,41.14197636,0.308729638,2022,10.82390094,122.7421776,Dumangas,"{""type"":""Polygon"",""coordinates"":[[[122.73995980115686,10.823979629089202],[122.74076752225436,10.823979598626245],[122.74076752225436,10.823710350902351],[122.74158040575317,10.823710380316012],[122.74158040575317,10.8234410605838],[122.74346329677194,10.823441088415484],[122.74346329677194,10.823710328738006],[122.74373594567378,10.82371033432914],[122.74373594567378,10.824248891253362],[122.74400351131182,10.824248824231201],[122.74400351131182,10.824518065972494],[122.74346329677194,10.824518130019152],[122.74346329677194,10.824248886976132],[122.74319581586073,10.824248868264723],[122.74319581586073,10.823979625484075],[122.74184789090432,10.823979572486023],[122.74184789090432,10.824248818513889],[122.73995980115686,10.824248879665793],[122.73995980115686,10.823979629089202]]]}"
00fc000000000000dbaa,DUMANGAS-091,3425.077506,3.67750237,-6.428395022,0.4180914791,2.529914478,26.12664229,1.041626548,317.9343385,1036.900446,0.3096598356,2022,10.79265037,122.6708086,Dumangas,"{""type"":""Polygon"",""coordinates"":[[[122.66989533057314,10.793258701090286],[122.67016283089984,10.793258676709419],[122.67016283089984,10.79191256486511],[122.6715106667618,10.791912582129445],[122.67151066676179,10.79218181441918],[122.6717782490818,10.79218178052655],[122.6717782490818,10.79272024654591],[122.67151066676179,10.792720281725257],[122.67151066676179,10.792989441849926],[122.67097050006764,10.79298950320873],[122.67097050006764,10.793527903672214],[122.66989533057314,10.79352794180708],[122.66989533057314,10.793258701090286]]]}"
00fc000000000000dc6c,DUMANGAS-092,3425.077506,2.843160377,-5.254948875,0.2718941971,1.52777179,26.12664229,1.041626548,0,454.0714209,2.719561745,2022,10.82471843,122.7454247,Dumangas,"{""type"":""Polygon"",""coordinates"":[[[122.74373594567378,10.823171855904604],[122.74427099010282,10.823171811790134],[122.74427099010285,10.823441124131293],[122.7445436368435,10.8234411293997],[122.7445436368435,10.823710367119515],[122.74481120036062,10.823710375297836],[122.74481120036062,10.82424885216849],[122.74508384565574,10.8242488548111],[122.74508384565574,10.824518093949633],[122.74561888300673,10.824518115053179],[122.74561888300673,10.824787353809382],[122.74615908611781,10.82478735815408],[122.74615908611781,10.825056596515411],[122.74643172780586,10.825056595552564],[122.74643172780586,10.825329802370197],[122.74696675807812,10.825329816379295],[122.74696675807812,10.825599054621295],[122.74723948374648,10.82559904113481],[122.74723948374648,10.82586835449804],[122.7461590861178,10.825868360154765],[122.7461590861178,10.825599044187639],[122.74589152614047,10.82559911700806],[122.74589152614047,10.825329801302974],[122.7453514077542,10.825329788717852],[122.7453514077542,10.825056579258987],[122.74508384565574,10.825056574946785],[122.74508384565574,10.824787333994868],[122.74481120036062,10.824787332666027],[122.74481120036062,10.824518091963906],[122.7445436368435,10.824518085719454],[122.7445436368435,10.82424884527941],[122.74427099010282,10.824248841981627],[122.74427099010285,10.823979601791432],[122.74400351131182,10.823979583396639],[122.74400351131182,10.823441104447765],[122.74373594567378,10.823441094663481],[122.74373594567378,10.823171855904604]]]}"
00fc000000000000dc74,LEGANES-005,3425.077506,-1.119172342,-1.182982379,0.193534334,3.674235544,26.12664229,1.041626548,0,195.4554668,0.3033038254,2022,10.77874079,122.6166947,Leganes,"{""type"":""Polygon"",""coordinates"":[[[122.61572246879736,10.778705031486602],[122.6159951126985,10.778705042348099],[122.6159951126985,10.778166627759507],[122.61626266700591,10.778166638528898],[122.61626266700591,10.77789739578347],[122.61707032834384,10.777897439321034],[122.61707032834384,10.778166605214427],[122.61734305493172,10.77816660561716],[122.6173430549317,10.778435846679638],[122.61761051948994,10.77843586535085],[122.61761051948994,10.778974274006774],[122.61734305493172,10.778974256618916],[122.6173430549317,10.779243500410109],[122.61707032834384,10.779243502625004],[122.61707032834384,10.779512673064913],[122.61680286238408,10.779512656320641],[122.61680286238408,10.779781903227018],[122.61653530947855,10.779781896949],[122.61653530947855,10.77951272431633],[122.61626266700591,10.779512716069373],[122.61626266700591,10.779243468776134],[122.6159951126985,10.779243460574337],[122.6159951126985,10.77897428846431],[122.61572246879736,10.778974278257005],[122.61572246879736,10.778705031486602]]]}"
00fc000000000000de72,AJUY-013,3477.134794,4.012150089,5.253547726,0.391369757,2.279265251,25.96867806,1.143146287,29.69142257,2898.892568,0.3853089008,2022,11.05247709,122.95334,Ajuy,"{""type"":""Polygon"",""coordinates"":[[[122.95232441496694,11.052782944273956],[122.95259194403393,11.052782914857271],[122.95259194403393,11.052513490718376],[122.95286463037972,11.052513432065702],[122.9528646303797,11.051705092024111],[122.9533995989409,11.051705122165364],[122.9533995989409,11.051435628597932],[122.95420733328906,11.051435665520996],[122.95420733328903,11.051974574690565],[122.95393980854445,11.051974529182333],[122.95393980854445,11.053321858386584],[122.95232441496694,11.0533217965158],[122.95232441496694,11.052782944273956]]]}"
00fc000000000000df1d,DUMANGAS-093,3425.077506,0,-4.278271571,0.2991463594,0,26.12664229,1.041626548,0,228.1964413,0.4745548567,2022,10.79908414,122.7026135,Dumangas,"{""type"":""Polygon"",""coordinates"":[[[122.70169418428499,10.798377987915655],[122.70223436134641,10.798377956368308],[122.70223436134641,10.798108777054233],[122.70250186341708,10.7981087674255],[122.70250186341708,10.79783951478785],[122.70276936478813,10.797839505485472],[122.70276936478813,10.797570254400421],[122.7030420362131,10.797570308351075],[122.7030420362131,10.79837798748883],[122.70276936478813,10.798378010381924],[122.70276936478813,10.799185699665642],[122.7030420362131,10.799185674803825],[122.7030420362131,10.799454930684778],[122.7033095361714,10.799454916878668],[122.7033095361714,10.799724098147776],[122.70357712160883,10.79972414807253],[122.70357712160883,10.799997298075047],[122.70384979088031,10.799997345134376],[122.70384979088031,10.800266526933616],[122.7030420362131,10.80026652252613],[122.7030420362131,10.799997338783447],[122.70250186341708,10.799997305208201],[122.70250186341708,10.799724152580485],[122.70196168776833,10.799724116391403],[122.70196168776833,10.79918567339846],[122.70169418428499,10.79918568496103],[122.70169418428499,10.798377987915655]]]}"
00fc000000000000e082,BAROTAC_VIEJO-016,3477.134794,4.579274951,-1.95975424,0.1897107525,2.353124664,25.96867806,1.143146287,0,0,0.3733679317,2022,11.01896035,122.8539434,Barotac Viejo,"{""type"":""Polygon"",""coordinates"":[[[122.8512636202164,11.018825613968877],[122.85261146836183,11.01882563575778],[122.85261146836186,11.01855623206124],[122.85449436391683,11.018556205546567],[122.85449436391683,11.018825679677265],[122.85476705859556,11.018825631159695],[122.85476705859556,11.018556232666144],[122.85530728273405,11.018556236634929],[122.85530728273405,11.018825633824493],[122.85611494598439,11.018825621157463],[122.85611494598439,11.01909509226694],[122.85584225494956,11.019095068127163],[122.85584225494956,11.019364465808229],[122.85449436391683,11.019364480655241],[122.85449436391683,11.019095079720575],[122.85422691761497,11.019095092416869],[122.85422691761497,11.019364493997129],[122.85315161799171,11.019364461576654],[122.85315161799171,11.019095057401033],[122.85126362021643,11.019095096791343],[122.8512636202164,11.018825613968877]]]}"
00fc000000000000e177,BAROTAC_VIEJO-017,3477.134794,3.193548387,0.6728510379,0.3502944263,2.022038917,25.96867806,1.143146287,89.30446082,1511.990409,0.3727880844,2022,11.0325422,122.8795309,Barotac Viejo,"{""type"":""Polygon"",""coordinates"":[[[122.87713583611335,11.032839967453995],[122.87767086451638,11.032840013975523],[122.87767086451638,11.032570549464825],[122.87821105191007,11.032570569081141],[122.87821105191007,11.032031645342117],[122.87901878968381,11.03203164693984],[122.87901878968381,11.032301106412467],[122.88036669680044,11.032301118748599],[122.88036669680044,11.032031662532553],[122.88090686972598,11.032031678161188],[122.88090686972598,11.032301133072155],[122.88144703975212,11.032301071100376],[122.88144703975212,11.032031692467806],[122.8822547515549,11.0320316822243],[122.8822547515549,11.032570511450542],[122.87955896984379,11.032570508118393],[122.87955896984379,11.03283996806731],[122.87929141800078,11.03283998996774],[122.87929141800078,11.033109451453901],[122.87713583611335,11.03310943414789],[122.87713583611335,11.032839967453995]]]}"
00fc000000000000e186,BAROTAC_VIEJO-018,3477.134794,4.258057851,-2.011935476,0.4694712788,1.546970698,25.96867806,1.143146287,0,0,0.6445625314,2022,11.02981807,122.8605742,Barotac Viejo,"{""type"":""Polygon"",""coordinates"":[[[122.85961847400952,11.028794517356744],[122.86042610273293,11.0287944917665],[122.86042610273293,11.029063910460527],[122.86150132479695,11.029063963992149],[122.86150132479695,11.02987619180848],[122.86123381103204,11.0298761742773],[122.86123381103204,11.03041509079262],[122.86096629655731,11.030415074228962],[122.86096629655731,11.031223345141335],[122.86042610273293,11.031223341342063],[122.86042610273293,11.030953915510002],[122.86015350940167,11.030953915227949],[122.86015350940167,11.030684489628335],[122.86042610273293,11.030684490568456],[122.86042610273293,11.030145643356997],[122.85961847400952,11.03014560373951],[122.85961847400952,11.02987617952007],[122.85988599206047,11.029876199008541],[122.85988599206047,11.029337354532956],[122.85961847400952,11.029337333753006],[122.85961847400952,11.028794517356744]]]}"
00fc000000000000e18d,BANATE-004,3477.134794,6.348894856,-64.43815172,0.3415553076,2.716331498,25.96867806,1.143146287,71.32982811,73.51303217,0.3712797277,2022,11.01752095,122.8042073,Banate,"{""type"":""Polygon"",""coordinates"":[[[122.8027550242188,11.0177479550942],[122.80302252060399,11.017747943316257],[122.80302252060399,11.017209129766695],[122.80329001628317,11.01720911895426],[122.8032900162832,11.016939676654799],[122.80437040925237,11.016939648422547],[122.80437040925237,11.017209088118452],[122.8049105583711,11.017209113431498],[122.8049105583711,11.01693967503715],[122.80517813515947,11.016939652176239],[122.8051781351595,11.01667021531812],[122.80571827997261,11.016670241261087],[122.80571827997261,11.01747855060471],[122.80517813515947,11.017478528566485],[122.8051781351595,11.017747968098574],[122.80463790137378,11.017747956452233],[122.80463790137378,11.018017398177427],[122.80410291642488,11.018017351595066],[122.80410291642488,11.018556240297315],[122.80356267690705,11.018556229928897],[122.80356267690705,11.018017338623066],[122.8027550242188,11.018017401356596],[122.8027550242188,11.0177479550942]]]}"
00fc000000000000e273,DUMANGAS-094,3425.077506,1.763852509,-10.23053837,0.2360685597,1.666599586,26.12664229,1.041626548,30.96453401,1072.381337,0.302172916,2022,10.80642517,122.7019799,Dumangas,"{""type"":""Polygon"",""coordinates"":[[[122.70088641259447,10.805655145632873],[122.70142150926695,10.805655157865694],[122.70142150926695,10.805924439473744],[122.70196168776833,10.805924447026317],[122.70196168776833,10.805385962201255],[122.70250186341708,10.805385971057772],[122.70250186341708,10.805655174275136],[122.7030420362131,10.805655180536544],[122.7030420362131,10.805924383362067],[122.70276936478813,10.805924424649252],[122.70276936478813,10.807001397421017],[122.70250186341708,10.807001353746122],[122.70250186341708,10.807539846866659],[122.70196168776833,10.80753984840795],[122.70196168776833,10.807270562651608],[122.70115400437098,10.807270591849406],[122.70115400437098,10.807001379942397],[122.70142150926695,10.807001350333934],[122.70142150926695,10.806732139978271],[122.70115400437098,10.806732094058345],[122.70115400437098,10.806193674783298],[122.70088641259447,10.806193637448171],[122.70088641259447,10.805655145632873]]]}"
00fc000000000000e2b8,BAROTAC_VIEJO-019,3477.134794,2.872655866,5.734676592,0.3671719753,3.178890766,25.96867806,1.143146287,0,304.6015956,0.3930987848,2022,11.0661616,122.9228527,Barotac Viejo,"{""type"":""Polygon"",""coordinates"":[[[122.92079310031313,11.065178062337058],[122.92160075377708,11.065178086175761],[122.92160075377706,11.06544755213454],[122.92240848672816,11.065447560567701],[122.92240848672816,11.065717025461089],[122.92402384711656,11.065717040014196],[122.92402384711656,11.06598650188862],[122.92429652529364,11.065986456085822],[122.92429652529364,11.06625591818874],[122.92402384711656,11.06625596465126],[122.92402384711656,11.067064358268324],[122.9232162131719,11.06706435699746],[122.9232162131719,11.066794889616743],[122.92294869159234,11.066794831550546],[122.92294869159234,11.067064299578151],[122.92240848672816,11.067064363251381],[122.92240848672816,11.065986491242723],[122.9218682789533,11.065986473385994],[122.9218682789533,11.065717006297795],[122.92106054165035,11.06571699783529],[122.92106054165035,11.065447529681707],[122.92079310031313,11.065447530249214],[122.92079310031313,11.065178062337058]]]}"
00fc000000000000e2e4,LEGANES-006,3425.077506,0.6151047301,-0.6441112673,0.1229803202,2.484331378,26.12664229,1.041626548,0,229.719702,0.3038026881,2022,10.78586814,122.6302574,Leganes,"{""type"":""Polygon"",""coordinates"":[[[122.62920139218656,10.785981793210174],[122.62946891220376,10.785981769695441],[122.62946891220376,10.785443370623371],[122.6300090383472,10.785443325643179],[122.6300090383472,10.784366468680375],[122.63054415973012,10.784366491888095],[122.63054415973012,10.784635722208648],[122.6310842802332,10.78463567854612],[122.6310842802332,10.784904908479103],[122.63081676441291,10.784904931339028],[122.63081676441291,10.78517416282342],[122.63054415973012,10.785174110665544],[122.63054415973012,10.785981812536079],[122.63081676441291,10.785981787819022],[122.63081676441288,10.78625102293956],[122.63135696972535,10.786251035605632],[122.63135696972535,10.786520195426066],[122.6310842802332,10.786520232255796],[122.6310842802332,10.786789468552152],[122.63081676441288,10.786789420994767],[122.63081676441291,10.787058658842161],[122.6300090383472,10.78705867581358],[122.6300090383472,10.786520197149795],[122.62920139218656,10.786520197201877],[122.62920139218656,10.785981793210174]]]}"
00fc000000000000e348,AJUY-014,3477.134794,4.240451804,27.82798596,0.4309780404,2.312645955,25.96867806,1.143146287,0,3121.999885,0.565130185,2022,11.05024175,122.9558836,Ajuy,"{""type"":""Polygon"",""coordinates"":[[[122.95420733328906,11.050357857858883],[122.95448001522902,11.050357802492103],[122.95448001522902,11.05008839093192],[122.95582794024865,11.050088350764899],[122.95582794024865,11.04954549013064],[122.95636805076644,11.049545493956945],[122.95636805076644,11.049276089651284],[122.9571757611292,11.049276056429525],[122.9571757611292,11.05062727366672],[122.95636805076644,11.050627316700126],[122.95636805076644,11.050896725467483],[122.95582794024865,11.050896728201602],[122.95582794024865,11.05062724318613],[122.95502021899456,11.05062728127772],[122.95502021899456,11.050896768249926],[122.95474753852807,11.050896750665448],[122.95474753852807,11.051166164246817],[122.95420733328903,11.051166174799974],[122.95420733328906,11.050357857858883]]]}"
00fc000000000000e439,ANILAO-015,3425.077506,3.364567145,0.7833019804,0.224222038,2.407051625,26.12664229,1.041626548,0,248.8378077,0.3486488162,2022,10.94833975,122.7251036,Anilao,"{""type"":""Polygon"",""coordinates"":[[[122.72352280338687,10.94740892608145],[122.72406295123213,10.947408936906292],[122.72406295123213,10.947678339215837],[122.72433048232557,10.947678310524294],[122.72433048232557,10.9484863708992],[122.72487062589713,10.948486374568787],[122.72487062589713,10.948755778521605],[122.72541085277079,10.94875576925641],[122.72541085277079,10.94794763898505],[122.72567838033147,10.947947683030105],[122.72567838033147,10.947678283708942],[122.72594590719093,10.947678328075366],[122.72594590719096,10.947139608408119],[122.72621851677019,10.947139569646835],[122.72621851677019,10.946870249312612],[122.72675356695628,10.946870190286626],[122.72675356695628,10.947408979275432],[122.72648604221385,10.947408935237197],[122.72648604221385,10.947678331719672],[122.72621851677019,10.947678288002828],[122.72621851677019,10.948217009943995],[122.72594590719096,10.94821705132779],[122.72594590719096,10.949025105427944],[122.72567838033147,10.949025139277996],[122.72567838033147,10.949294468079936],[122.72487062589713,10.949294514114937],[122.72487062589713,10.949833178290818],[122.72459801271785,10.949833221957375],[122.72459801271785,10.949563813763788],[122.72433048232557,10.949563847280233],[122.72433048232557,10.949025107297283],[122.72406295123213,10.949025139205492],[122.72406295123213,10.9484864015207],[122.72379024973415,10.948486376242336],[122.72379024973415,10.947947640831377],[122.72352280338687,10.94794765919344],[122.72352280338687,10.94740892608145]]]}"
00fc000000000000e45c,DUMANGAS-095,3425.077506,1.678682241,-0.9513077436,0.1671369094,1.955360542,26.12664229,1.041626548,49.54483542,1876.80531,4.551453685,2022,10.81586147,122.7563417,Dumangas,"{""type"":""Polygon"",""coordinates"":[[[122.75451390867462,10.814278759676123],[122.7550541507387,10.814278783250284],[122.7550541507387,10.814548039628514],[122.75559430380076,10.814547995960382],[122.75559430380076,10.814817251944097],[122.75586183828558,10.814817268271426],[122.75586183828558,10.815086524518017],[122.75640198706147,10.815086476306533],[122.75640198706147,10.81535573215854],[122.75666951942337,10.81535574623553],[122.75666951942337,10.815625002350357],[122.75693705108199,10.815625015464196],[122.75693705108199,10.81616345427094],[122.75747719415166,10.816163473125146],[122.75747719415166,10.816432730015755],[122.75774989166868,10.816432726161075],[122.75774989166868,10.816975208740109],[122.75801742048733,10.81697514247863],[122.75801742048733,10.817244400802874],[122.75693705108199,10.817244385062686],[122.75693705108199,10.81697519899082],[122.75666951942337,10.816975189110975],[122.75666951942337,10.81643270128447],[122.7564019870615,10.816432689787016],[122.75640198706147,10.816163505160949],[122.75586183828558,10.816163483724948],[122.75586183828558,10.815894223847655],[122.75532160050815,10.815894210026508],[122.75532160050815,10.815086506790253],[122.7550541507387,10.815086480251926],[122.7550541507387,10.814817222058354],[122.75478144599906,10.814817218700771],[122.75478144599906,10.814548035613717],[122.75451390867462,10.814548017356643],[122.75451390867462,10.814278759676123]]]}"
00fc000000000000e4bf,DUMANGAS-096,3425.077506,2.264398607,-5.251392658,0.2872900515,2.138661082,26.12664229,1.041626548,29.54729858,766.9619409,0.3301575033,2022,10.80478336,122.7052523,Dumangas,"{""type"":""Polygon"",""coordinates"":[[[122.70384979088031,10.804847473959],[122.7043899565572,10.804847480887112],[122.7043899565572,10.804578210055604],[122.7049249487229,10.804578229304576],[122.7049249487229,10.804039767821244],[122.70546519489794,10.804039765881614],[122.70546519489794,10.80376653177308],[122.70519761440075,10.803766568636687],[122.70519761440075,10.802689662878159],[122.70600535204198,10.8026896420631],[122.70600535204198,10.802958902635584],[122.70573785913521,10.802958853142414],[122.70573785913521,10.804308991696946],[122.70546519489794,10.804309032308941],[122.70546519489794,10.804578224764793],[122.70519761440075,10.804578263570114],[122.70519761440075,10.804847457577738],[122.70546519489794,10.804847493008518],[122.70546519489794,10.805385957340274],[122.70600535204198,10.805385957794671],[122.70600535204198,10.805655152582474],[122.70654550633257,10.80565515044178],[122.70654550633257,10.805924419717961],[122.706272844249,10.805924390364735],[122.706272844249,10.806462858073015],[122.70573785913521,10.806462851037383],[122.70573785913521,10.805924380754298],[122.70546519489794,10.80592442530408],[122.70546519489794,10.805655153427775],[122.7043899565572,10.805655149068318],[122.7043899565572,10.805385950393738],[122.70384979088031,10.805385946065254],[122.70384979088031,10.804847473959]]]}"
00fc000000000000e4d1,LEGANES-007,3425.077506,4.255955036,-2.429796964,0.2424780153,1.6204306,26.12664229,1.041626548,188.4871053,166.4804316,0.3056358626,2022,10.79772908,122.6187867,Leganes,"{""type"":""Polygon"",""coordinates"":[[[122.61761051948994,10.797031835439853],[122.61787806960497,10.797031799311977],[122.61787806960497,10.796762571684914],[122.61815070780537,10.796762610998176],[122.61815070780537,10.796493384932962],[122.61869089328997,10.796493388762375],[122.61869089328997,10.796762613531694],[122.61949862185232,10.79676257736359],[122.61949862185232,10.797031801102937],[122.62030634408467,10.797031835034339],[122.62030634408467,10.797301057743903],[122.62057388720204,10.797301092706629],[122.62057388720204,10.797570315682322],[122.61976616706649,10.797570286584868],[122.61976616706649,10.797301061671467],[122.61895844060079,10.797301027742957],[122.61895844060082,10.797031801799777],[122.61869089328997,10.797031839208948],[122.61869089328997,10.797301065794109],[122.61841825651831,10.79730102844189],[122.61841825651831,10.798108715606448],[122.61895844060082,10.79810871101977],[122.61895844060082,10.798377940594403],[122.61922598721718,10.798377974589728],[122.61922598721718,10.798647204430441],[122.61976616706649,10.79864719531695],[122.61976616706649,10.798916424769502],[122.62003880027275,10.798916456567992],[122.62003880027275,10.79918568627436],[122.61922598721718,10.799185666835237],[122.61922598721718,10.79891643517895],[122.61869089328997,10.798916444370173],[122.61869089328997,10.79864721233793],[122.61815070780537,10.798647218875768],[122.61815070780537,10.798377986455408],[122.61787806960496,10.798377951065685],[122.61787806960496,10.798108718899222],[122.61761051948994,10.798108757594958],[122.61761051948994,10.797031835439853]]]}"
00fc000000000000e550,DUMANGAS-097,3425.077506,2.837361487,-1.214989346,0.172848761,2.757262247,26.12664229,1.041626548,160.1447668,0,1.380028541,2022,10.84797999,122.7557987,Dumangas,"{""type"":""Polygon"",""coordinates"":[[[122.75640198706147,10.849314089006407],[122.75586183828558,10.849314078102923],[122.75586183828558,10.849044781519805],[122.75559430380076,10.849044772282145],[122.75559430380076,10.848775550846907],[122.75532160050815,10.84877555616558],[122.75532160050815,10.848506260090263],[122.7550541507387,10.848506238675652],[122.7550541507387,10.846886658166085],[122.75478144599906,10.846886658218411],[122.75478144599906,10.846617367189808],[122.75424637064712,10.846617409082372],[122.75424637064712,10.846348117669315],[122.75451390867462,10.846348134970318],[122.75451390867462,10.845809556149081],[122.7550541507387,10.845809576996606],[122.7550541507387,10.846078864652771],[122.75532160050815,10.846078891876402],[122.75532160050815,10.846348104907774],[122.75559430380076,10.846348105513277],[122.75559430380076,10.847155972722549],[122.75532160050815,10.847155974088649],[122.75532160050815,10.847425190739315],[122.75559430380076,10.847425188716198],[122.75559430380076,10.848236960915719],[122.75586183828558,10.848236972087332],[122.75586183828558,10.84850626595571],[122.75612937206722,10.848506276163521],[122.75612937206722,10.848775495404938],[122.75693705108199,10.848775516867537],[122.75693705108199,10.849044809954524],[122.75774989166868,10.849044810974494],[122.75774989166868,10.849583321058448],[122.75747719415166,10.849583330968821],[122.75747719415166,10.849852625468666],[122.75720975004634,10.849852609846495],[122.75720975004634,10.849583389589439],[122.7564019870615,10.849583385192776],[122.75640198706147,10.849314089006407]],[[122.75640198706147,10.84904479372499],[122.75666951942337,10.849044801999304],[122.75666951942337,10.849314096635991],[122.75640198706147,10.849314089006407],[122.75640198706147,10.84904479372499]]]}"
00fc000000000000e6d6,AJUY-015,3477.134794,3.209307914,7.236991957,0.3077918595,3.281670261,25.96867806,1.143146287,0,1558.107771,6.476154549,2022,11.06492288,122.9499124,Ajuy,"{""type"":""Polygon"",""coordinates"":[[[122.9477405474029,11.064639168507217],[122.94801324697691,11.064639161094902],[122.94801324697691,11.064369686750382],[122.94828078757673,11.064369634709564],[122.94828078757673,11.064100236859169],[122.94854824149068,11.06410019563539],[122.94854824149068,11.063830724363571],[122.94908847730217,11.063830741161482],[122.94908847730217,11.063561272086318],[122.94936108723172,11.063561276138874],[122.94936108723172,11.063830744553993],[122.94989616050535,11.063830714419149],[122.94989616050532,11.064100182427309],[122.9501688542023,11.064100173664437],[122.9501688542023,11.064369641900967],[122.95043630306748,11.064369672691909],[122.95043630306748,11.064639141169609],[122.9509765286805,11.064639149407979],[122.9509765286805,11.06544755624866],[122.95124406135368,11.06544749801454],[122.95124406135366,11.065986439055239],[122.95151675137521,11.065986498956988],[122.95151675137521,11.06679484024387],[122.95124406135366,11.066794857280215],[122.95124406135368,11.066525383650056],[122.9509765286805,11.066525369518162],[122.9509765286805,11.066255971086463],[122.95070383718586,11.066255911174924],[122.95070383718586,11.065986438013708],[122.95043630306748,11.065986496887172],[122.95043630306748,11.065717023966515],[122.9501688542023,11.065716996412954],[122.9501688542023,11.065178051942366],[122.94989616050535,11.06517806334644],[122.94989616050532,11.064908591783723],[122.94962862422636,11.064908572126374],[122.94962862422636,11.064639175761686],[122.94936108723172,11.06463915513142],[122.94936108723172,11.064369684050286],[122.94908847730217,11.064369681977858],[122.94908847730217,11.064639153719035],[122.94854824149068,11.064639140845035],[122.94854824149068,11.064908614782825],[122.9477405474029,11.06490864440065],[122.9477405474029,11.064639168507217]]]}"
00fc000000000000e75b,AJUY-016,3477.134794,3.667076639,8.600579592,0.4193330093,2.847448609,25.96867806,1.143146287,59.54933035,1834.686271,0.3745635956,2022,11.05721779,122.9438706,Ajuy,"{""type"":""Polygon"",""coordinates"":[[[122.94288917340039,11.0549385534872],[122.94342935379572,11.054938562864907],[122.94342935379575,11.055208017192976],[122.94369690665361,11.055207992748798],[122.94369690665361,11.055477447318378],[122.94423708268882,11.055477452099458],[122.94423708268882,11.055746906250624],[122.94450970583875,11.055746935451058],[122.94450970583873,11.056016389831584],[122.94477725580799,11.056016362131622],[122.94477725580799,11.056285816753576],[122.94450970583873,11.056285845101357],[122.94450970583875,11.057094216245982],[122.94423708268882,11.057094190345113],[122.94423708268882,11.05790257147209],[122.94477725580799,11.057902563158464],[122.94477725580799,11.05817202400464],[122.94504480506183,11.058172065751382],[122.94504480506183,11.058441526839063],[122.94396953127523,11.058441529543192],[122.94396953127523,11.05871099412314],[122.94369690665361,11.058710971512816],[122.94369690665361,11.058980437641756],[122.94288917340039,11.058980406436575],[122.94288917340039,11.058172079806841],[122.94316188619743,11.058172019294343],[122.94316188619743,11.057902554537533],[122.94369690665361,11.0579025784605],[122.94369690665361,11.057633115887956],[122.94342935379572,11.057633146162377],[122.94342935379572,11.057363683831168],[122.94369690665361,11.057363654204561],[122.94369690665361,11.055746902777246],[122.94342935379575,11.055746928517019],[122.94342935379572,11.05547747241035],[122.94316188619743,11.055477486692416],[122.94316188619743,11.055208030827488],[122.94288917340039,11.055208009122937],[122.94288917340039,11.0549385534872]]]}"
00fc000000000000e7d8,DUMANGAS-098,3425.077506,2.333912387,-2.733053966,0.2389079295,1.619237478,26.12664229,1.041626548,0,421.0790438,2.226277278,2022,10.79345636,122.7150372,Dumangas,"{""type"":""Polygon"",""coordinates"":[[[122.71597559914208,10.793527955957236],[122.71462774539755,10.793527920774027],[122.71462774539755,10.793797129668949],[122.7140875476479,10.793797178969688],[122.7140875476479,10.79406639007424],[122.71381998972117,10.794066413965036],[122.71381998972117,10.794335626622749],[122.71355251726416,10.794335565792919],[122.71355251726416,10.795681720799907],[122.7130123138299,10.795681701763115],[122.7130123138299,10.794066400516963],[122.71327987387156,10.794066377584597],[122.71327987387156,10.793797164535714],[122.71355251726416,10.793797140099056],[122.71355251726416,10.793527928615585],[122.7140875476479,10.79352789391045],[122.7140875476479,10.793258684624126],[122.7143601888854,10.79325873538716],[122.7143601888854,10.792989452803068],[122.71543540851911,10.792989446287379],[122.71543540851911,10.792720242064114],[122.71597559914208,10.792720269599297],[122.71597559914208,10.792450992724111],[122.7162482353411,10.79245104317197],[122.71624823534107,10.79218176786275],[122.71651578690863,10.792181820461549],[122.71651578690863,10.791912546706053],[122.7173235212706,10.791912552978266],[122.7173235212706,10.792181824788532],[122.71759098385476,10.792181811432533],[122.71759098385476,10.792451008647884],[122.7173235212706,10.792451022647883],[122.71732352127057,10.792720221416285],[122.71678333777542,10.7927202719718],[122.71678333777542,10.792989472949953],[122.71624823534107,10.792989446795655],[122.7162482353411,10.793258724833002],[122.71597559914208,10.793258676353979],[122.71597559914208,10.793527955957236]]]}"
00fc000000000000e808,BAROTAC_VIEJO-020,3477.134794,3.73845013,-2.342178762,0.2713898991,2.273416418,25.96867806,1.143146287,0.2412398004,172.4627331,14.79477236,2022,11.0223713,122.8529525,Barotac Viejo,"{""type"":""Polygon"",""coordinates"":[[[122.8512636202164,11.022867050125665],[122.85072337442539,11.022867057136095],[122.85072337442536,11.022328139795764],[122.85153107437354,11.022328193520133],[122.85153107437354,11.02205877562857],[122.85180377706192,11.02205872286532],[122.85180377706192,11.021519891072469],[122.85422691761497,11.021519888689323],[122.85422691761497,11.021789298291496],[122.85287900499846,11.021789332570702],[122.85287900499846,11.022058746317626],[122.85422691761497,11.022058708784849],[122.85422691761497,11.022328195151776],[122.85449436391683,11.02232817470769],[122.85449436391683,11.023136487254874],[122.85422691761497,11.023136434652828],[122.85422691761497,11.023405849602042],[122.85341915319597,11.02340589894427],[122.85341915319597,11.02313648204519],[122.85315161799171,11.023136438570283],[122.85315161799171,11.022867021916698],[122.85287900499846,11.022866992905325],[122.85287900499846,11.02259757648495],[122.8512636202164,11.02259762980623],[122.8512636202164,11.022867050125665]]]}"
00fc000000000000e86e,DUMANGAS-099,3425.077506,0.8080029101,-0.3946681426,0.1127222058,1.81452099,26.12664229,1.041626548,0,797.6457706,0.2921292928,2022,10.78301114,122.7252982,Dumangas,"{""type"":""Polygon"",""coordinates"":[[[122.72298256652122,10.782477973335928],[122.72379024973415,10.782478024612972],[122.72379024973415,10.78220880117059],[122.72433048232557,10.782208774457828],[122.72433048232557,10.782477996598809],[122.72675356695628,10.782478042258271],[122.72675356695628,10.78274725947263],[122.72702626053719,10.782747235525544],[122.72702626053719,10.783285671370672],[122.72675356695628,10.783285621786186],[122.72675356695628,10.783824062585209],[122.72541085277079,10.783824058210563],[122.72541085277079,10.783554834121539],[122.72433048232557,10.783554894264306],[122.72433048232557,10.783285668482733],[122.72406295123213,10.783285678720897],[122.72406295123213,10.783016453204983],[122.72352280338687,10.78301639815872],[122.72352280338687,10.782747247099264],[122.72298256652122,10.782747199633823],[122.72298256652122,10.782477973335928]]]}"
00fc000000000000e903,BAROTAC_NUEVO-014,3425.077506,4.784496668,20.2092155,0.3199682639,3.266805969,26.12664229,1.041626548,0.02722320167,125.0259996,1.528052476,2022,10.90580642,122.7838492,Barotac Nuevo,"{""type"":""Polygon"",""coordinates"":[[[122.7825418104816,10.908330386279427],[122.7825418104816,10.907522398424241],[122.78280936017225,10.907522449879172],[122.78280936017225,10.906445122946458],[122.78308198974014,10.906445093204296],[122.78308198974014,10.906175820571184],[122.7833495380074,10.906175799679628],[122.7833495380074,10.905637183481062],[122.78361699945852,10.905637173862026],[122.78361699945852,10.905367830297042],[122.78388971296859,10.905367791895],[122.78388971296859,10.904829183702683],[122.78415717299667,10.90482917537097],[122.78415717299667,10.904559835809748],[122.78442988505577,10.904559873641059],[122.78442988505577,10.90402119853501],[122.78415717299667,10.904021234308946],[122.78415717299667,10.903213226431461],[122.78469742977097,10.903213252138208],[122.78469742977097,10.903482585894304],[122.78496488767111,10.90348257981904],[122.78496488767111,10.903751913830892],[122.78469742977097,10.903751920551015],[122.78469742977097,10.904021181188716],[122.78496488767111,10.904021248743344],[122.78496488767111,10.90536786189325],[122.78469742977097,10.905367797561512],[122.78469742977097,10.905637138521541],[122.78442988505577,10.90563715973828],[122.78442988505577,10.905906502243889],[122.78415717299667,10.905906467699252],[122.78415717299667,10.906175811762692],[122.78388971296859,10.906175823318513],[122.78388971296859,10.90671444051377],[122.78361699945852,10.906714482203725],[122.78361699945852,10.907522454182129],[122.7833495380074,10.907522393391034],[122.7833495380074,10.907791744803461],[122.78308198974014,10.90779176956524],[122.78308198974014,10.90833040145659],[122.7825418104816,10.908330386279427]]]}"
00fc000000000000e9b3,LEGANES-008,3425.077506,1.066756848,-1.218730475,0.1826952642,2.051747459,26.12664229,1.041626548,0,498.1540314,0.4739699423,2022,10.77957042,122.6198832,Leganes,"{""type"":""Polygon"",""coordinates"":[[[122.61841825651831,10.779512703249836],[122.61869089328997,10.779512708894758],[122.61869089328997,10.779243467428488],[122.61895844060079,10.77924347243695],[122.61895844060079,10.77870506843067],[122.61949862185232,10.778705081038536],[122.61949862185234,10.77843584423921],[122.62003880027272,10.778435856851457],[122.62003880027272,10.778705017441863],[122.62084651827158,10.778705031522295],[122.62084651827158,10.778974265996325],[122.62111405998662,10.778974269093359],[122.62111405998662,10.779243503834937],[122.62138160100707,10.779243505972996],[122.62138160100707,10.77951266606961],[122.62111405998662,10.779512664573444],[122.62111405998662,10.779781901133935],[122.62084651827158,10.779781899962927],[122.62084651827158,10.780593512548315],[122.62030634408467,10.78059351225651],[122.62030634408467,10.780324271015818],[122.62003880027272,10.78032427018141],[122.62003880027275,10.780593512064172],[122.61922598721718,10.780593507796883],[122.61922598721718,10.780324263963543],[122.61895844060079,10.780324261849302],[122.61895844060079,10.780051122723783],[122.61841825651831,10.780051115304639],[122.61841825651831,10.779512703249836]]]}"
00fc000000000000e9fc,DUMANGAS-100,3425.077506,1.940525403,-3.064984584,0.2569282825,2.439041226,26.12664229,1.041626548,79.39679345,0,0.3872043962,2022,10.8536164,122.7605882,Dumangas,"{""type"":""Polygon"",""coordinates"":[[[122.75774989166868,10.854165034216125],[122.76125337821031,10.854165027372359],[122.76125337821031,10.853626428502876],[122.76098069008246,10.85362645254094],[122.76098069008246,10.853357153805804],[122.76071316905471,10.85335716099892],[122.76071316905471,10.852814670778955],[122.7604405656097,10.852814681929958],[122.7604405656097,10.852545384620019],[122.76017304316177,10.852545389225083],[122.76017304316177,10.852276092175051],[122.75990552001043,10.852276095816201],[122.75990552001043,10.85012189660145],[122.76017304316177,10.850121898118305],[122.76017304316177,10.851737575676523],[122.7604405656097,10.851737573005698],[122.7604405656097,10.852276088214797],[122.76071316905471,10.852276078377956],[122.76071316905471,10.852545374126104],[122.76098069008246,10.852545368876767],[122.76098069008246,10.852814664884805],[122.76125337821031,10.852814642828251],[122.76125337821031,10.853083939083646],[122.76152089781752,10.85308393190032],[122.76152089781752,10.853357197475523],[122.76178841672126,10.85335718931875],[122.76178841672127,10.853895708911898],[122.76206110268409,10.853895758122569],[122.76206110268409,10.854972880422071],[122.76017304316177,10.854972847902166],[122.76017304316177,10.854703542697779],[122.75963282827004,10.85470357717948],[122.75963282827007,10.854434271577523],[122.75774989166868,10.854434268560377],[122.75774989166868,10.854165034216125]]]}"
00fc000000000000ecc9,BAROTAC_VIEJO-021,3477.134794,3.422539875,3.122510367,0.3736704375,2.707939177,25.96867806,1.143146287,0,152.7808525,0.3826055389,2022,11.06015554,122.9174687,Barotac Viejo,"{""type"":""Polygon"",""coordinates"":[[[122.91620925131174,11.058710973297742],[122.91674940357248,11.058710975824393],[122.9167494035725,11.058441520345635],[122.91728955292466,11.058441522853563],[122.91728955292469,11.058710977026008],[122.91755708960181,11.058710986405183],[122.91755708960181,11.05763310266379],[122.918097320601,11.05763309663029],[122.918097320601,11.059249882249032],[122.9178297853648,11.059249874820264],[122.9178297853648,11.05951933035235],[122.9183647691274,11.059519354072012],[122.9183647691274,11.059788809199013],[122.918097320601,11.059788792907879],[122.918097320601,11.060058249570329],[122.9178297853648,11.06005824408259],[122.9178297853648,11.060597161367482],[122.918097320601,11.060597165561187],[122.918097320601,11.060866624889563],[122.9178297853648,11.060866621342871],[122.9178297853648,11.061136082206872],[122.918097320601,11.061136085106543],[122.918097320601,11.061405546212107],[122.9178297853648,11.061405543959458],[122.9178297853648,11.061944470130323],[122.918097320601,11.06194447108893],[122.918097320601,11.062752865068106],[122.91728955292466,11.062752896253285],[122.91728955292466,11.062213962138028],[122.9170169416903,11.062213979543262],[122.9170169416903,11.060597194566487],[122.9167494035725,11.06059718905994],[122.9167494035725,11.060327727360246],[122.91701694169033,11.060327733513791],[122.9170169416903,11.059788814074368],[122.91674940357248,11.059788806626832],[122.9167494035725,11.059249889448163],[122.9164818647411,11.059249880381525],[122.91648186474113,11.058980422478284],[122.91620925131174,11.058980430971555],[122.91620925131174,11.058710973297742]]]}"
00fc000000000000ece8,AJUY-017,3477.134794,4.137360838,6.52358845,0.427074304,3.094717544,25.96867806,1.143146287,0,2049.687967,0.3862703982,2022,11.0607924,122.9491792,Ajuy,"{""type"":""Polygon"",""coordinates"":[[[122.9477405474029,11.061405602060939],[122.94801324697691,11.061405602571513],[122.94801324697691,11.06113613889188],[122.94828078757673,11.061136094625892],[122.94828078757672,11.061405557657617],[122.94882093886272,11.061405597375396],[122.94882093886272,11.060597214869887],[122.94908847730217,11.060597170918314],[122.94908847730217,11.059788798356742],[122.94936108723172,11.059788811649641],[122.94936108723172,11.058980449068763],[122.94962862422636,11.058980408348473],[122.94962862422636,11.058710956580768],[122.94936108723172,11.058710996653145],[122.94936108723172,11.058441545126561],[122.94962862422636,11.058441505702092],[122.94962862422636,11.057902606611915],[122.95043630306748,11.05790262091191],[122.95043630306748,11.058441516090888],[122.9501688542023,11.058441471055833],[122.95016885420232,11.059788802750749],[122.94989616050532,11.05978880094911],[122.94989616050532,11.06113608321821],[122.94962862422636,11.061136129447016],[122.94962862422636,11.061405589215445],[122.94936108723172,11.061405560812862],[122.94936108723172,11.061675022117821],[122.94908847730217,11.06167501344505],[122.94908847730217,11.06194447629887],[122.94936108723172,11.061944484311615],[122.94936108723172,11.062213947394222],[122.94962862422636,11.062213973853746],[122.94962862422636,11.062752901389961],[122.94882093886272,11.062752919328116],[122.94882093886272,11.063022386385027],[122.94828078757673,11.0630223545134],[122.94828078757673,11.062752886148786],[122.94801324697691,11.062752859345759],[122.94801324697691,11.062213998943516],[122.9477405474029,11.062214000413682],[122.9477405474029,11.061405602060939]]]}"
00fc000000000000ed21,ANILAO-016,3425.077506,7.007316155,-27.28940616,0.2697234622,3.832819493,26.12664229,1.041626548,0,79.93581862,0.3610156257,2022,10.98306638,122.7764621,Anilao,"{""type"":""Polygon"",""coordinates"":[[[122.7736467383094,10.985137648748054],[122.7744544504526,10.985137650367944],[122.7744544504526,10.984060033668483],[122.77472710244655,10.98406004977152],[122.77472710244655,10.983790648487487],[122.77526732326673,10.983790617880308],[122.77526732326673,10.98352129379061],[122.77553480600199,10.983521257451539],[122.77553480600199,10.983251859899978],[122.77526732326673,10.983251895594835],[122.77526732326673,10.982982498292875],[122.77580237415083,10.982982492497694],[122.77580237415083,10.982713097377978],[122.77715027996649,10.982713078661517],[122.77715027996649,10.982443687681545],[122.77742292472603,10.982443704409079],[122.77742292472603,10.98217431497947],[122.77769040178599,10.982174279262699],[122.77769040178599,10.981635504373584],[122.77742292472603,10.981635538801878],[122.77742292472603,10.981096766199915],[122.77769040178599,10.98109673306009],[122.77769040178599,10.980557965322365],[122.77795796425755,10.980557922779935],[122.77795796425755,10.980288540896504],[122.77823060684929,10.98028856188336],[122.77823060684929,10.980557943110284],[122.77849816789795,10.980557974911289],[122.77849816789795,10.98190489123399],[122.77823060684929,10.981904937650322],[122.77823060684929,10.982982489376445],[122.77769040178599,10.982982448300346],[122.77769040178599,10.983251839767215],[122.77634250313656,10.983251868257637],[122.77634250313656,10.983521263864269],[122.77607502252772,10.983521226178114],[122.77607502252772,10.983790623322513],[122.77580237415083,10.983790683219722],[122.77580237415083,10.984060006914875],[122.77526732326673,10.98406001786341],[122.77526732326673,10.984329418740261],[122.77499467272237,10.984329403957846],[122.77499467272237,10.98513761392024],[122.77472710244655,10.985137588843601],[122.77472710244655,10.98540699459601],[122.7744544504526,10.985406981775181],[122.7744544504526,10.985676389077744],[122.77418696487331,10.985676429267619],[122.77418696487331,10.985945763105468],[122.7736467383094,10.985945801488183],[122.7736467383094,10.985137648748054]]]}"
00fc000000000000ed30,DUMANGAS-101,3425.077506,3.073324022,-4.145261356,0.3319364565,3.726227062,26.12664229,1.041626548,0,543.8259512,0.4193834022,2022,10.79281178,122.7374819,Dumangas,"{""type"":""Polygon"",""coordinates"":[[[122.73618877197353,10.792720271980889],[122.73645635742314,10.79272021458643],[122.73645635742314,10.791370193958654],[122.73699652294907,10.791370167470223],[122.73699652294907,10.79110094579317],[122.73753668561335,10.791100919312528],[122.73753668561335,10.791370139687896],[122.73780418137565,10.791370168961441],[122.73780418137565,10.79163938960182],[122.73807684541586,10.79163940544066],[122.73807684541586,10.792451037716676],[122.73834442591036,10.792451053573515],[122.73834442591036,10.792989500462527],[122.73861191955335,10.792989450054158],[122.73861191955335,10.793258674217977],[122.73888458143324,10.793258685128176],[122.73888458143324,10.793797134869838],[122.73861191955335,10.793797125273647],[122.73861191955335,10.794066352165462],[122.73834442591036,10.794066405152856],[122.73834442591036,10.794335633598731],[122.73780418137565,10.7943356129958],[122.73780418137562,10.794066383248182],[122.73726402012853,10.794066349859165],[122.73726402012853,10.794335580908262],[122.73699652294907,10.794335632941408],[122.73699652294907,10.793797170463034],[122.73672902506783,10.793797146040742],[122.73672902506783,10.793258685910718],[122.73645635742314,10.793258672392934],[122.73645635742314,10.79298944303499],[122.73618877197353,10.792989501074404],[122.73618877197353,10.792720271980889]]]}"
00fc000000000000ee93,BANATE-005,3425.077506,5.488542222,-2.023178486,0.1878463268,2.374420546,26.12664229,1.041626548,0,594.6882555,0.3600828158,2022,10.99404687,122.7981677,Banate,"{""type"":""Polygon"",""coordinates"":[[[122.79601555263304,10.991876511534022],[122.79628823282243,10.991876471685867],[122.79628823282243,10.99160709641139],[122.79709593703161,10.991607098054518],[122.79709593703161,10.992684671720086],[122.79763095896173,10.992684706441281],[122.79763095896173,10.992954082053206],[122.7987113261491,10.992954098605981],[122.7987113261491,10.99322354750072],[122.79897883320518,10.99322352428675],[122.79897883320518,10.993492898437223],[122.79925150542587,10.993492925993303],[122.79925150542587,10.995378715439049],[122.79951901105667,10.995378761409748],[122.79951901105667,10.995917522288194],[122.79979168182454,10.995917543266405],[122.79979168182454,10.996725764304522],[122.79925150542587,10.99672577754462],[122.79925150542587,10.996456318340261],[122.7987113261491,10.996456328961228],[122.7987113261491,10.995917560619082],[122.79844381838723,10.99591751496163],[122.79844381838723,10.995378748901887],[122.79817114399437,10.995378724950422],[122.79817114399437,10.99430112592327],[122.79844381838723,10.994301152502576],[122.79844381838723,10.994031699389954],[122.79817114399437,10.994031747147522],[122.79817114399437,10.993762294270988],[122.79736344834954,10.993762312117235],[122.79736344834954,10.993492933181473],[122.79709593703161,10.99349288009599],[122.79709593703161,10.993223501408838],[122.79682325901408,10.993223545536575],[122.79682325901408,10.99295409209141],[122.79655574627108,10.992954112058623],[122.79655574627108,10.992684733855993],[122.79601555263307,10.992684719681426],[122.79601555263304,10.991876511534022]]]}"
00fc000000000000ef0b,LEGANES-009,3425.077506,4.616156358,-1.596732731,0.2124035455,1.830548581,26.12664229,1.041626548,59.58994254,0,0.4404797368,2022,10.80629817,122.6193068,Leganes,"{""type"":""Polygon"",""coordinates"":[[[122.61437459163024,10.804308983055629],[122.61545499934084,10.804309007218972],[122.61545499934084,10.804578266099448],[122.61599511269847,10.804578247636687],[122.6159951126985,10.804847506128906],[122.61653530947858,10.804847474912613],[122.61653530947855,10.805116733016296],[122.6173430549317,10.805116719378054],[122.61734305493172,10.804847463212084],[122.61949862185232,10.80484747791183],[122.61949862185232,10.80511672890672],[122.62003880027272,10.805116687998648],[122.62003880027272,10.805655190118378],[122.62030634408467,10.805655205484989],[122.62030634408467,10.80673214310618],[122.62084651827158,10.806732092486412],[122.62084651827158,10.807001346598208],[122.62057388720204,10.807001335415267],[122.62057388720204,10.807270591088324],[122.62111405998662,10.80727061217415],[122.62111405998662,10.807539867458548],[122.62138160100707,10.807539802117132],[122.62138160100707,10.807809057666628],[122.62165422993978,10.807809065910217],[122.62165422993978,10.80753981101477],[122.62246193527697,10.807539836529534],[122.62246193527697,10.80780908948722],[122.62272947279789,10.807809096842332],[122.62272947279789,10.80835150100555],[122.62246193527697,10.80835149494345],[122.62246193527697,10.808620750635692],[122.62138160100707,10.808620726628087],[122.62138160100707,10.808351468344009],[122.62111405998662,10.80835153562099],[122.62111405998662,10.808082277601953],[122.62057388720204,10.808082260422497],[122.62057388720204,10.80753984766859],[122.62030634408467,10.80753983711203],[122.62030634408467,10.807270579889941],[122.62003880027275,10.807270568373845],[122.62003880027272,10.807001386356344],[122.61976616706649,10.807001374196178],[122.61976616706649,10.806462861695964],[122.61949862185232,10.806462922552193],[122.61949862185232,10.805924412396953],[122.61922598721718,10.805924396967265],[122.61922598721718,10.805385964071466],[122.61895844060082,10.805385946780381],[122.61895844060082,10.805116693582345],[122.61841825651831,10.805116731901423],[122.61841825651831,10.805385911456723],[122.61707032834384,10.805385967270292],[122.61707032834384,10.8056551509653],[122.61653530947855,10.805655177005537],[122.61653530947855,10.805385917087357],[122.6159951126985,10.805385950895177],[122.6159951126985,10.805116690588415],[122.61545499934084,10.80511671164218],[122.61545499934084,10.80484745094712],[122.61491479690059,10.804847479574336],[122.61491479690059,10.804578218490784],[122.61437459163024,10.804578244527637],[122.61437459163024,10.804308983055629]]]}"
00fc000000000000efc9,ANILAO-017,3425.077506,4.663585622,-8.583056498,0.2802791705,3.46386318,26.12664229,1.041626548,0,163.7559399,0.3555815003,2022,10.96412565,122.7575676,Anilao,"{""type"":""Polygon"",""coordinates"":[[[122.75478144599906,10.965195206722573],[122.75532160050815,10.965195185142793],[122.75532160050815,10.965464571400114],[122.75559430380076,10.965464581319127],[122.75559430380076,10.965733967815302],[122.75720975004634,10.965733960699039],[122.75720975004634,10.965464578090934],[122.75747719415166,10.965464542034637],[122.75747719415166,10.965195160965484],[122.75774989166868,10.965195168894642],[122.75774989166868,10.964656410754454],[122.75801742048733,10.964656440624799],[122.75801742048733,10.962501449023351],[122.75774989166868,10.962501414002531],[122.75774989166868,10.962232043437336],[122.75801742048733,10.962232079101955],[122.75801742048733,10.961693341945216],[122.75828494860268,10.961693303584356],[122.75828494860268,10.961154571297246],[122.75855755782287,10.96115459842526],[122.75855755782287,10.960885234280891],[122.75882508451821,10.96088519720214],[122.75882508451821,10.960615834597256],[122.75990552001043,10.960615793979166],[122.75990552001043,10.960885228972279],[122.76017304316177,10.96088519027131],[122.76017304316177,10.961154550527029],[122.75936530369835,10.961154538449156],[122.75936530369837,10.961423976534356],[122.7590977784233,10.96142394056147],[122.7590977784233,10.96169330519628],[122.75882508451821,10.961693290389324],[122.75882508451821,10.963309575930325],[122.75855755782287,10.963309543813661],[122.75855755782287,10.96411766310676],[122.75828494860268,10.964117718188662],[122.75828494860268,10.964387093733157],[122.75855755782287,10.964387037994916],[122.75855755782287,10.964925790456798],[122.75828494860268,10.96492584750772],[122.75828494860268,10.965195150743691],[122.75801742048733,10.965195197477351],[122.75801742048733,10.96573395791049],[122.75774989166868,10.965733930615421],[122.75774989166868,10.966003312818493],[122.75747719415166,10.966003306858315],[122.75747719415166,10.966272690612804],[122.75612937206722,10.966272725382032],[122.75612937206722,10.966542038278936],[122.75586183828558,10.966542085637723],[122.75586183828558,10.96681147507025],[122.75612937206722,10.966811427067414],[122.75612937206722,10.967080816750943],[122.75586183828558,10.967080790400399],[122.75586183828558,10.967888966752522],[122.7550541507387,10.967888977254074],[122.7550541507387,10.967619582297779],[122.75532160050815,10.967619618684152],[122.75532160050815,10.967080832743697],[122.75559430380076,10.967080838725106],[122.75559430380076,10.966003355206608],[122.75532160050815,10.966003346600182],[122.75532160050815,10.965733958552585],[122.75478144599906,10.965733907735597],[122.75478144599906,10.965195206722573]]]}"
00fc000000000000f0a2,DUMANGAS-102,3425.077506,0.9364652318,-1.34866679,0.1847293938,1.464538022,26.12664229,1.041626548,132.9508234,594.6702735,0.326742905,2022,10.78545809,122.7050843,Dumangas,"{""type"":""Polygon"",""coordinates"":[[[122.70196168776833,10.785712603793733],[122.70223436134641,10.785712537884566],[122.70223436134641,10.784904906355338],[122.70384979088031,10.784904925462447],[122.70384979088031,10.785174131174749],[122.70357712160883,10.785174122859509],[122.70357712160883,10.785712538325424],[122.70384979088031,10.785712545328225],[122.70384979088031,10.785443337796684],[122.70411728872591,10.78544335653668],[122.70411728872588,10.785712563424486],[122.7043899565572,10.78571256977437],[122.7043899565572,10.785443363542798],[122.7046574529899,10.785443381642228],[122.7046574529899,10.785174102101882],[122.70519761440075,10.785174127214331],[122.70519761440075,10.784904924745987],[122.70546519489794,10.784904933003546],[122.70546519489794,10.78436645722296],[122.70519761440075,10.784366447677222],[122.70519761440075,10.784097247938101],[122.70573785913521,10.78409726678637],[122.70573785913521,10.783824101669694],[122.706272844249,10.783824067239633],[122.706272844249,10.784097231049548],[122.70654550633257,10.784097238732148],[122.70654550633257,10.784366510087098],[122.70681308330254,10.784366443174225],[122.70681308330254,10.78490491246529],[122.70762072200661,10.78490494959005],[122.70762072200661,10.785174146226217],[122.70735323332595,10.785174130996594],[122.70735323332592,10.78544332918616],[122.70708057339638,10.785443325761278],[122.70708057339638,10.785712600377723],[122.70681308330254,10.785712585795348],[122.70681308330254,10.786250989323001],[122.70708057339638,10.786251002617789],[122.70708057339638,10.787058687661638],[122.70735323332592,10.787058687148464],[122.70735323332595,10.78732789170527],[122.70654550633257,10.787327881292928],[122.70654550633257,10.785981783021663],[122.706272844249,10.785981779933254],[122.706272844249,10.785712577323913],[122.70546519489794,10.785712541205417],[122.70546519489794,10.785981820620913],[122.7043899565572,10.785981776915532],[122.7043899565572,10.78625098496627],[122.70384979088031,10.786251037983764],[122.70384979088031,10.785981753769361],[122.70357712160883,10.785981747422786],[122.70357712160883,10.786520243210346],[122.7033095361714,10.786520236577498],[122.7033095361714,10.78625102501676],[122.7030420362131,10.786251007250236],[122.7030420362131,10.786520219454705],[122.70276936478813,10.786520213444371],[122.70276936478813,10.785981788632565],[122.70196168776833,10.785981816779163],[122.70196168776833,10.785712603793733]]]}"
00fc000000000000f0bf,ANILAO-018,3425.077506,2.301120563,-4.109429461,0.2949113075,2.421493837,26.12664229,1.041626548,0,734.8100811,0.3558757016,2022,10.9646198,122.7742461,Anilao,"{""type"":""Polygon"",""coordinates"":[[[122.77176380280609,10.963578915696122],[122.773379250604,10.963578941038492],[122.773379250604,10.963848278453808],[122.7736467383094,10.963848291433383],[122.7736467383094,10.963578954662118],[122.77553480600199,10.963578956351055],[122.77553480600199,10.964117696677189],[122.77607502252772,10.964117684126201],[122.77607502252772,10.96438709182188],[122.77580237415083,10.964387029434421],[122.77580237415083,10.96465643868222],[122.77607502252772,10.964656425431489],[122.77607502252772,10.964925834918056],[122.77580237415083,10.9649257738435],[122.77580237415083,10.965733934663186],[122.77553480600199,10.965733939143398],[122.77553480600199,10.96627269379425],[122.77472710244655,10.966272709881688],[122.77472710244655,10.96600329267145],[122.7744544504526,10.96600330755127],[122.7744544504526,10.965733965563452],[122.77418696487331,10.965733958065732],[122.77418696487331,10.965464541345177],[122.7739193924706,10.965464543235026],[122.7739193924706,10.965195201749085],[122.7731116760745,10.965195204181443],[122.7731116760745,10.96492578666172],[122.77283901974621,10.964925796932143],[122.77283901974621,10.964656454635044],[122.77229887213738,10.964656451566208],[122.77229887213738,10.964387033879671],[122.77203138088431,10.964387020565214],[122.77203138088431,10.963848336557744],[122.77176380280609,10.96384833198496],[122.77176380280609,10.963578915696122]]]}"
00fc000000000000f158,BAROTAC_VIEJO-022,3477.134794,2.786607211,-34.23942332,0.2835955372,2.307314572,25.96867806,1.143146287,0,0,0.3756666131,2022,11.02285303,122.847452,Barotac Viejo,"{""type"":""Polygon"",""coordinates"":[[[122.8447968310837,11.022867015755624],[122.84533185902013,11.022867059350647],[122.84533185902013,11.023136419887482],[122.84667970032645,11.02313643623623],[122.84667970032645,11.02259757258101],[122.8472198817059,11.022597587188711],[122.8472198817059,11.02151987578665],[122.84776006019472,11.02151989428787],[122.84776006019472,11.02178931949801],[122.84802760969322,11.021789297745183],[122.84802760969322,11.022058723200793],[122.84856778385938,11.022058737120295],[122.84856778385935,11.021789312968261],[122.84883533121682,11.021789290237644],[122.84883533121682,11.0207116051249],[122.84910795513456,11.02071164438929],[122.84910795513456,11.020442225997094],[122.84964820957367,11.020442159687505],[122.84964820957367,11.020172743490694],[122.8504558320732,11.020172752182088],[122.8504558320732,11.019903338825737],[122.85099091606823,11.019903372493294],[122.85099091606823,11.020442197514662],[122.85018321179652,11.020442203154023],[122.85018321179652,11.020711618951072],[122.84991566801224,11.020711640730237],[122.84991566801224,11.020981058064342],[122.84964820957367,11.020981069739262],[122.84964820957367,11.022328173006047],[122.8493755010601,11.022328148782698],[122.8493755010601,11.022597572767724],[122.84776006019472,11.022597600475704],[122.84776006019472,11.023136458916694],[122.84748743263623,11.023136423909222],[122.84748743263623,11.023675287230366],[122.84560449240008,11.023675329964703],[122.8456044924001,11.024483570271736],[122.84587204761176,11.024483619661371],[122.84587204761176,11.025022424699493],[122.84614467953296,11.025022457096275],[122.84614467953296,11.026100150222058],[122.8447968310837,11.026100166386124],[122.8447968310837,11.025561349032664],[122.8456044924001,11.025561336475048],[122.84560449240008,11.025022451591354],[122.84533185902013,11.025022418527762],[122.84533185902013,11.024753051755267],[122.8450643023769,11.024753002356658],[122.84506430237688,11.023136441605317],[122.8447968310837,11.023136452572539],[122.8447968310837,11.022867015755624]]]}"
00fc000000000000f2d6,ILOILO_CITY-008,3425.077506,1.540625959,-1.439094347,0.2696302224,1.392099459,26.12664229,1.041626548,0,1275.005786,1.196953089,2022,10.72717346,122.5974241,Iloilo City,"{""type"":""Polygon"",""coordinates"":[[[122.59874527927937,10.729656868223982],[122.59874527927937,10.729118553201898],[122.59901788177689,10.72911849042738],[122.59901788177689,10.726961228701558],[122.59874527927937,10.726961211354777],[122.59874527927937,10.726692025096392],[122.59847776581245,10.726692010572794],[122.59847776581242,10.726961197472976],[122.59767004519635,10.72696123509157],[122.59767004519635,10.727230349964533],[122.5973973528731,10.727230416619976],[122.5973973528731,10.72749953306048],[122.59658962380716,10.727499570709266],[122.59658962380716,10.728041853754197],[122.59551445355125,10.728041867543837],[122.59551445355125,10.728310991254002],[122.59497423299536,10.728311043152555],[122.59497423299536,10.728041843264924],[122.5944340958847,10.728041807611058],[122.5944340958847,10.727772682223184],[122.5941665712516,10.727772665192584],[122.5941665712516,10.727499571348897],[122.5944340958847,10.72749951414904],[122.5944340958847,10.727230390601367],[122.59470161982502,10.727230408609229],[122.59470161982502,10.726961211735594],[122.59497423299536,10.726961233940978],[122.59497423299538,10.726692038635074],[122.59551445355125,10.726692069412067],[122.59551445355125,10.7269611885418],[122.59604949514332,10.726961222977854],[122.59604949514332,10.726692030251648],[122.5957819746937,10.726692012549599],[122.5957819746937,10.726422894974986],[122.59604949514332,10.726422913318615],[122.59604949514332,10.726153722419767],[122.5963221047565,10.726153744967263],[122.5963221047565,10.725615367219003],[122.59712983591453,10.725615344087428],[122.59712983591453,10.72588453056666],[122.5973973528731,10.725884548604633],[122.5973973528731,10.72507706871107],[122.59793756075562,10.725077026617365],[122.59793756075562,10.7253462093311],[122.59820507562195,10.725346227700236],[122.59820507562195,10.726153704521579],[122.59874527927937,10.726153730198305],[122.59874527927937,10.726422839751786],[122.59901788177689,10.726422858406572],[122.59901788177689,10.72615374950691],[122.59955299148537,10.72615369456669],[122.59955299148537,10.726961244786917],[122.59982559185059,10.726961186285788],[122.59982559185059,10.72938769926117],[122.59955299148537,10.729387688780253],[122.59955299148537,10.729656882250236],[122.59874527927937,10.729656868223982]],[[122.59658962380716,10.726961185107491],[122.59658962380716,10.727230377451498],[122.59604949514332,10.727230341737707],[122.59604949514332,10.726961222977854],[122.59658962380716,10.726961185107491]]]}"
00fc000000000000f38f,BAROTAC_NUEVO-015,3425.077506,3.779762234,-2.546029673,0.2438298742,2.081003536,26.12664229,1.041626548,0,0,0.3485050941,2022,10.94913895,122.7599747,Barotac Nuevo,"{""type"":""Polygon"",""coordinates"":[[[122.7550541507387,10.94821702584352],[122.75612937206722,10.948217003787626],[122.75612937206722,10.94794767683038],[122.75882508451821,10.947947655263958],[122.75882508451821,10.948217050710664],[122.76152089781752,10.948217044298508],[122.76152089781752,10.948486359174563],[122.76206110268409,10.94848639153171],[122.76206110268409,10.948755780980038],[122.76232862016724,10.948755768690315],[122.76232862016724,10.949025083414778],[122.76260130468201,10.949025124792572],[122.76260130468201,10.949294439756951],[122.76340893232481,10.94929446104781],[122.76340893232481,10.949563849940386],[122.76286882074454,10.94956381572256],[122.76286882074454,10.949833206812272],[122.76367653239132,10.949833212905583],[122.76367653239132,10.950371918908296],[122.76475683023278,10.95037196396907],[122.76475683023278,10.951180059381374],[122.76340893232481,10.951180052169802],[122.76340893232481,10.950910657898028],[122.76260130468201,10.95091064827428],[122.76260130468201,10.950371933508489],[122.76232862016724,10.950371895412713],[122.76232862016724,10.94956386550607],[122.76206110268409,10.949563804751167],[122.76206110268409,10.949294487590036],[122.76152089781752,10.949294459134506],[122.76152089781752,10.949025141569262],[122.76098069008246,10.949025110501264],[122.76098069008246,10.948755792531946],[122.7604405656097,10.948755748516506],[122.7604405656097,10.949025142763492],[122.76071316905471,10.949025121814177],[122.76071316905471,10.949294516301435],[122.7604405656097,10.949294462929299],[122.7604405656097,10.949563858969453],[122.76017304316177,10.94956387092111],[122.76017304316177,10.949833193523553],[122.75963282827007,10.949833238062018],[122.75963282827004,10.949563839180389],[122.75936530369835,10.94956385016063],[122.75936530369835,10.94929445153152],[122.75774989166868,10.949294461965716],[122.75774989166868,10.94902513532333],[122.75532160050815,10.949025100664285],[122.75532160050815,10.94848636339871],[122.7550541507387,10.948486356285017],[122.7550541507387,10.94821702584352]]]}"
00fc000000000000f5ad,BAROTAC_VIEJO-023,3477.134794,3.755831823,1.959520036,0.4132614671,1.79597085,25.96867806,1.143146287,0,2120.154487,0.4093287955,2022,11.03128643,122.8876159,Barotac Viejo,"{""type"":""Polygon"",""coordinates"":[[[122.88332999869134,11.032031644494335],[122.88360261532884,11.032031678056923],[122.88360261532884,11.031762230550305],[122.8849505470709,11.031762210963334],[122.8849505470709,11.031492767604682],[122.88656590794014,11.031492801300999],[122.88656590794014,11.031223362736515],[122.88737366466952,11.031223329172432],[122.88737366466952,11.030953893450858],[122.88791379997498,11.030953897153644],[122.88791379997498,11.030684463628182],[122.88845401840143,11.030684531835263],[122.88845401840143,11.030415025539074],[122.88899423392598,11.03041501876267],[122.88899423392598,11.030145589629987],[122.88926167394533,11.030145647849624],[122.88926167394533,11.02987622025395],[122.88952919927434,11.029876193383782],[122.88952919927434,11.029606767325618],[122.8898018851312,11.029606788712842],[122.8898018851312,11.029337364204528],[122.890069409023,11.029337337973132],[122.890069409023,11.02879451981562],[122.89033693220301,11.028794494562975],[122.89033693220301,11.02825565439575],[122.89060961586947,11.028255603126258],[122.89060961586947,11.027986185038317],[122.89087713761222,11.02798616107131],[122.89087713761222,11.027447328861731],[122.89114981981362,11.027447353865416],[122.89114981981362,11.029876169029231],[122.89060961586947,11.029876178469225],[122.89060961586947,11.03041502803586],[122.89033693220301,11.030415084588846],[122.89033693220301,11.030684511367646],[122.890069409023,11.03068446619043],[122.890069409023,11.031223398679806],[122.88926167394533,11.031223367140878],[122.88926167394533,11.031762232131376],[122.88899423392598,11.031762252756288],[122.88899423392598,11.032031687234081],[122.88872154587901,11.032031670779586],[122.88872154587901,11.032301106807074],[122.88818132888963,11.032301122055314],[122.88818132888963,11.0325705602791],[122.8876462703487,11.03257054839214],[122.8876462703487,11.032839988799632],[122.88575823074808,11.032839964387783],[122.88575823074808,11.033109410248406],[122.88387015570966,11.033109449219156],[122.88387015570966,11.032839998796067],[122.88360261532884,11.03283995094906],[122.88360261532884,11.032570575742492],[122.88332999869134,11.032570543497146],[122.88332999869134,11.032031644494335]]]}"
00fc000000000000f62c,LEGANES-010,3425.077506,0.5804655649,-0.8188037706,0.1554426266,2.508876455,26.12664229,1.041626548,0,536.5308592,0.4018709063,2022,10.77295034,122.6076838,Leganes,"{""type"":""Polygon"",""coordinates"":[[[122.60494447896896,10.772236114351307],[122.60521206194072,10.772236077430135],[122.60521206194072,10.771966903130746],[122.60575222893358,10.771966916258465],[122.60575222893358,10.771697669248596],[122.60602489918912,10.771697709166036],[122.60602489918912,10.77142846372035],[122.60629239309911,10.771428512492177],[122.60629239309911,10.771159268598257],[122.60602489918912,10.771159294099771],[122.60602489918912,10.770890050474295],[122.60629239309911,10.770890100529023],[122.60629239309911,10.770620858455345],[122.60655988631567,10.770620833920825],[122.60655988631567,10.770351668312978],[122.607640289623,10.77035169225257],[122.607640289623,10.770620855269305],[122.60790777934541,10.770620904053262],[122.60790777934541,10.771159306446847],[122.60818044390501,10.771159270157609],[122.60818044390501,10.771428509522043],[122.60844801848566,10.771428470697076],[122.60844801848566,10.771697710329649],[122.60871550611402,10.771697680677818],[122.60871550611402,10.77223608647573],[122.60898816853899,10.772236121509664],[122.60898816853899,10.772778500103723],[122.60952840202198,10.77277849016795],[122.60952840202198,10.773047656857846],[122.60979588684916,10.773047697623719],[122.60979588684916,10.773855276141447],[122.60952840202198,10.773855312215124],[122.60952840202198,10.774662900845362],[122.6092557410248,10.774662947274507],[122.6092557410248,10.775201370523476],[122.60898816853899,10.775201344385245],[122.60898816853899,10.775470595474522],[122.60871550611402,10.775470568297692],[122.60871550611402,10.775739746033567],[122.60818044390501,10.775739759509747],[122.60818044390501,10.775470580490529],[122.60790777934541,10.775470552338795],[122.60790777934541,10.77520137357514],[122.607367623636,10.775201381165942],[122.607367623636,10.774932127098692],[122.60683255443715,10.774932133532939],[122.60683255443715,10.77439370047847],[122.60710013251325,10.77439373109492],[122.60710013251325,10.773855302962954],[122.607367623636,10.773855269762675],[122.607367623636,10.773586095161253],[122.607640289623,10.773586128542375],[122.607640289623,10.773316880588517],[122.60629239309911,10.77331691615452],[122.60629239309911,10.773047665877035],[122.60575222893358,10.773047659241492],[122.60575222893358,10.772778483494902],[122.60548473362344,10.772778437300193],[122.60548473362344,10.772505291246894],[122.60494447896896,10.77250529020221],[122.60494447896896,10.772236114351307]]]}"
00fc000000000000f68a,BANATE-006,3425.077506,4.31451994,-3.57479943,0.2952220118,1.935228849,26.12664229,1.041626548,0,102.0777881,0.3629593777,2022,10.99582373,122.8038996,Banate,"{""type"":""Polygon"",""coordinates"":[[[122.80113444766386,10.996995168287258],[122.80113444766386,10.996725712728242],[122.80086694629578,10.99672574692586],[122.80086694629578,10.996456366609596],[122.80059944422182,10.996456324845061],[122.80059944422182,10.996186944777111],[122.80032677562656,10.996186925450331],[122.80032677562656,10.99537871363854],[122.80005918603003,10.995378754025941],[122.80005918603003,10.99483992432858],[122.80086694629578,10.99483995347459],[122.80086694629578,10.994570504415798],[122.80248236142204,10.994570493161977],[122.80248236142204,10.994301123881645],[122.8032900162832,10.994301158473872],[122.80329001628317,10.994570525808058],[122.80410291642488,10.994570521702883],[122.80410291642488,10.994839887970963],[122.80571827997258,10.994839924219285],[122.80571827997261,10.995109362477347],[122.80598585462799,10.995109315901656],[122.80598585462799,10.995378754407842],[122.80652599513527,10.995378731256734],[122.80652599513527,10.99564816935403],[122.80706621885415,10.99564813319307],[122.80706621885415,10.995917495891455],[122.80760635360167,10.995917542491942],[122.80760635360167,10.996186904781464],[122.80787392327065,10.996186928335149],[122.80787392327065,10.9964563658623],[122.80814140614264,10.996456323850085],[122.80814140614264,10.996725761625454],[122.80868162124736,10.996725716316272],[122.80868162124736,10.996995153682319],[122.80922174738177,10.996995191135507],[122.80922174738177,10.997264553103141],[122.80733370385875,10.997264579766206],[122.80733370385875,10.996995138257528],[122.8062585079982,10.996995114626337],[122.8062585079982,10.99672574640997],[122.80545079070316,10.996725750550645],[122.80545079070316,10.99645630628908],[122.80463790137378,10.996456329054867],[122.80463790137378,10.996186958718532],[122.8032900162832,10.996186973540144],[122.8032900162832,10.995917525856052],[122.8027550242188,10.995917520272103],[122.8027550242188,10.996186969245747],[122.80248236142207,10.996186952572703],[122.80248236142204,10.996995156836986],[122.80275502421878,10.996995171538858],[122.8027550242188,10.997264549091026],[122.80167461402918,10.99726452930951],[122.80167461402918,10.996995149153936],[122.80113444766386,10.996995168287258]]]}"
00fc000000000000f6a3,ANILAO-019,3425.077506,3.958158742,-0.9496114109,0.1605294466,2.897337263,26.12664229,1.041626548,0,728.234027,0.3904864309,2022,10.99073073,122.7863157,Anilao,"{""type"":""Polygon"",""coordinates"":[[[122.78604530363837,10.992684681594449],[122.78577776247559,10.992684687906195],[122.78577776247559,10.992415284632672],[122.7855051401469,10.99241530248301],[122.7855051401469,10.992145899445903],[122.78523759756041,10.992145903816759],[122.78523759756041,10.99187650102838],[122.78496488767111,10.991876527281901],[122.78496488767111,10.991068322305019],[122.78469742977097,10.991068313065972],[122.78469742977097,10.991607116779031],[122.78442988505577,10.991607118886051],[122.78442988505577,10.990798912723077],[122.78415717299667,10.990798935355247],[122.78415717299667,10.990529534430472],[122.78388971296859,10.990529522928382],[122.78388971296859,10.990260122252716],[122.78361699945852,10.990260142906571],[122.78361699945852,10.98999074246729],[122.7833495380074,10.989990729025061],[122.7833495380074,10.989721328834948],[122.78308198974014,10.989721324804242],[122.78308198974014,10.989451924863086],[122.78280936017225,10.989451932174502],[122.78280936017225,10.989182532470043],[122.7825418104816,10.989182526498602],[122.7825418104816,10.988913127043146],[122.78227426008597,10.988913120104403],[122.78227426008597,10.988370347616538],[122.78146144334345,10.988370345426942],[122.78146144334345,10.98810094606295],[122.78092642226748,10.988100989993155],[122.78092642226748,10.987562191368196],[122.78065370079857,10.987562201798596],[122.7806537007986,10.986754008591834],[122.78038623154211,10.986753983835227],[122.78038623154211,10.986215191543595],[122.78011350862256,10.986215198025402],[122.78011350862256,10.985676407994449],[122.77984603794343,10.9856763800098],[122.77984603794343,10.985406985690691],[122.77957848044537,10.985407042111248],[122.77957848044537,10.984868254864887],[122.78011350862256,10.984868229650187],[122.78011350862256,10.985137621537959],[122.78038623154211,10.985137617683417],[122.78038623154211,10.985407009808032],[122.78065370079857,10.985407037784954],[122.78065370079857,10.985945823426944],[122.78092642226748,10.98594581693753],[122.78092642226748,10.986754000131942],[122.78119389010124,10.986754024236744],[122.7811938901012,10.987023419777904],[122.78146144334345,10.987023357541602],[122.78146144334345,10.98729275333171],[122.7811938901012,10.987292816212587],[122.78119389010124,10.987831611762429],[122.78173407653038,10.98783154588811],[122.78173407653038,10.988100943702047],[122.7825418104816,10.98810095909142],[122.7825418104816,10.988370355853494],[122.78280936017228,10.988370363767508],[122.78280936017225,10.988639760778645],[122.7833495380074,10.988639762064519],[122.7833495380074,10.988913133624619],[122.78388971296859,10.988913132274014],[122.78388971296859,10.98918252848308],[122.78415717299667,10.989182543205885],[122.78415717299667,10.989451939664173],[122.78442988505577,10.989451920316553],[122.78442988505577,10.98999071459929],[122.78496488767111,10.989990728174352],[122.78496488767111,10.990260125367124],[122.78523759756041,10.99026010305518],[122.78523759756041,10.990529500484302],[122.78577776247559,10.990529486726489],[122.78577776247559,10.990798883747766],[122.7860453036384,10.990798881947002],[122.78604530363837,10.991337677380388],[122.78631284409603,10.99133767396783],[122.78631284409603,10.991607072379896],[122.78820084853272,10.991607147344103],[122.78820084853272,10.991876542101876],[122.7900889900576,10.991876500670001],[122.7900889900576,10.992145891772493],[122.79466763900137,10.992145941600615],[122.79466763900137,10.992684704424537],[122.7895487619816,10.992684721714086],[122.7895487619816,10.992954116797373],[122.78874108378457,10.992954086990942],[122.78874108378457,10.992684689962168],[122.78793339915921,10.992684730265537],[122.78793339915921,10.992415332184164],[122.78766069651276,10.992415288068804],[122.78766069651276,10.992684686806912],[122.78712054161798,10.992684715562909],[122.78712054161798,10.992954116495298],[122.78739315960792,10.992954095344484],[122.78739315960792,10.99322349651322],[122.78631284409603,10.993223481608334],[122.78631284409603,10.992954077837492],[122.7860453036384,10.992954085116649],[122.78604530363837,10.992684681594449]],[[122.7860453036384,10.992415278965359],[122.7868530032893,10.99241532248906],[122.7868530032893,10.992684723172806],[122.78604530363837,10.992684681594449],[122.7860453036384,10.992415278965359]]]}"
00fc000000000000f747,DUMANGAS-103,3425.077506,1.15844112,-4.456185916,0.3483921718,1.972083596,26.12664229,1.041626548,0,130.165993,0.4551374094,2022,10.79187429,122.6907115,Dumangas,"{""type"":""Polygon"",""coordinates"":[[[122.68714004460618,10.792181827117739],[122.68740758612799,10.792181774688968],[122.68740758612799,10.79163941883786],[122.68768021228848,10.791639366238774],[122.68768021228848,10.791912602237586],[122.68794775239934,10.791912549811931],[122.68794775239934,10.791639389345775],[122.688220377122,10.79163941097325],[122.688220377122,10.791370145813465],[122.68848791582184,10.791370168923006],[122.68848791582184,10.791100980194603],[122.6890280763954,10.791100950714046],[122.6890280763954,10.790831689315786],[122.68956832031049,10.790831724546496],[122.68956832031049,10.790562465357171],[122.69091107439019,10.790562503336073],[122.69091107439019,10.790831684418448],[122.69118369122397,10.790831704430545],[122.69118369122397,10.79029326960996],[122.69145122218191,10.79029329177769],[122.69145122218191,10.790024038936798],[122.69199145331264,10.790024072261051],[122.69199145331264,10.789754821629193],[122.69279912284053,10.789754812112514],[122.69279912284055,10.790024060801105],[122.6930718208346,10.790024070325185],[122.6930718208346,10.790562494243382],[122.69333926067134,10.79056252370097],[122.69333926067134,10.791370201904327],[122.6936067859965,10.791370144065224],[122.6936067859965,10.791912542920437],[122.69387948183909,10.791912546866172],[122.69387948183909,10.792451054528048],[122.69414700575247,10.792450993463678],[122.69414700575247,10.792989503474626],[122.69279912284053,10.79298945050633],[122.69279912284055,10.792720266680545],[122.69225889597162,10.792720248305567],[122.69225889597162,10.792451064089136],[122.69172392376628,10.79245102149341],[122.69172392376628,10.79325873048538],[122.69199145331261,10.793258670045782],[122.69199145331264,10.793527932510152],[122.69145122218191,10.793527916098585],[122.69145122218191,10.792989464357941],[122.69118369122397,10.792989448634678],[122.69118369122397,10.792720260923371],[122.69091107439019,10.792720245511147],[122.69091107439019,10.792989433878102],[122.68929561298523,10.792989493359748],[122.68929561298523,10.79325868652101],[122.68768021228848,10.793258728142339],[122.68768021228848,10.793797124961376],[122.68714004460618,10.793797164226437],[122.68714004460618,10.792181827117739]],[[122.69091107439019,10.791639382873312],[122.6906435420209,10.791639363282192],[122.6906435420209,10.79137017882946],[122.69091107439019,10.791370199063982],[122.69091107439019,10.791639382873312]],[[122.69010330377834,10.79137014877353],[122.69010330377834,10.791100963930342],[122.68983585548894,10.791100931921154],[122.68983585548894,10.79083174734365],[122.69037600895264,10.790831715934665],[122.69037600895264,10.791100974090169],[122.6906435420209,10.791100920408459],[122.6906435420209,10.79137017882946],[122.69010330377834,10.79137014877353]]]}"
00fc000000000000f76e,DUMANGAS-104,3425.077506,0.6011323349,-4.027788931,0.2785420292,1.235486616,26.12664229,1.041626548,0,1109.987503,0.3899823237,2022,10.79939516,122.7419053,Dumangas,"{""type"":""Polygon"",""coordinates"":[[[122.74076752225436,10.797570314283796],[122.73995980115686,10.797570303575613],[122.73995980115686,10.79783953996112],[122.73942473409411,10.797839527381527],[122.73942473409411,10.796762582136525],[122.73915207365893,10.79676258043064],[122.73915207365893,10.796493345735083],[122.73942473409411,10.796493348098009],[122.73942473409411,10.795681759303795],[122.73995980115686,10.795681707368317],[122.73995980115686,10.796224135284222],[122.74023245943152,10.796224137326845],[122.74023245943152,10.795681710734709],[122.7410401783684,10.795681734119107],[122.7410401783684,10.796224156789762],[122.74130766493737,10.796224170284589],[122.74130766493737,10.796762628377792],[122.74184789090432,10.796762628846869],[122.74184789090432,10.797301087972674],[122.74238811400772,10.797301084542843],[122.74238811400772,10.797570314167427],[122.74265559703896,10.79757032283919],[122.74265559703896,10.797839552728213],[122.74292824810186,10.797839547566555],[122.74292824810186,10.798108777707492],[122.74319581586073,10.798108774254187],[122.74319581586073,10.798378004659273],[122.74346329677194,10.798378010438345],[122.74346329677194,10.798647241107789],[122.74373594567378,10.798647232997476],[122.74373594567378,10.79891646391876],[122.74400351131182,10.798916457571758],[122.74400351131182,10.799185688757111],[122.74427099010282,10.799185691643418],[122.74427099010285,10.800535750181758],[122.7445436368435,10.800535811334507],[122.7445436368435,10.800805046684683],[122.74508384565574,10.800805019846731],[122.74508384565574,10.801074254803662],[122.74427099010285,10.801074223104706],[122.74427099010285,10.80080498618883],[122.74373594567378,10.800804998050088],[122.74373594567378,10.801074236255486],[122.74346329677194,10.801074250289442],[122.74346329677194,10.801343490060765],[122.74319581586073,10.80134349138186],[122.74319581586073,10.801881900088075],[122.74265559703896,10.801881927606267],[122.74265559703896,10.802151172050252],[122.74130766493737,10.802151151963725],[122.74130766493737,10.802689650074507],[122.7410401783684,10.802689652058705],[122.7410401783684,10.802958903121764],[122.74023245943152,10.802958857492833],[122.74023245943152,10.802151176045168],[122.74050003426785,10.80215116611185],[122.74050003426785,10.80134349477567],[122.74076752225436,10.801343496655694],[122.74076752225436,10.800535760578361],[122.7410401783684,10.800535751121178],[122.7410401783684,10.80026658308877],[122.74158040575317,10.800266567255568],[122.74158040575317,10.799997326581757],[122.74211537535345,10.7999973339042],[122.74211537535345,10.798377949662697],[122.74184789090432,10.798377942283203],[122.74184789090432,10.798647176845495],[122.74130766493737,10.798647185489374],[122.74130766493737,10.798377949625168],[122.7410401783684,10.798377941286727],[122.7410401783684,10.797839545845813],[122.74076752225436,10.797839548722877],[122.74076752225436,10.797570314283796]],[[122.74211537535348,10.798108716653982],[122.74184789090432,10.798108708629893],[122.74184789090432,10.797570318899176],[122.74211537535348,10.797570328212254],[122.74211537535348,10.798108716653982]],[[122.74076752225436,10.79730108075376],[122.74130766493737,10.797301090107386],[122.74130766493737,10.797570322335782],[122.74076752225436,10.797570314283796],[122.74076752225436,10.79730108075376]]]}"
00fc000000000000f7cf,DUMANGAS-105,3425.077506,2.063778079,-6.713162702,0.3979784039,1.63919902,26.12664229,1.041626548,0,1142.283601,0.3876757244,2022,10.81151853,122.7485835,Dumangas,"{""type"":""Polygon"",""coordinates"":[[[122.74966254085629,10.81158237771089],[122.75020272252262,10.811582361326886],[122.75020272252262,10.811851620307616],[122.75101044855734,10.811851630524357],[122.75101044855734,10.812663299631827],[122.75127799508805,10.812663326569108],[122.75127799508802,10.813201772687943],[122.75047027117546,10.813201773194152],[122.75047027117546,10.813471036990801],[122.74993525930653,10.813471049393362],[122.74993525930653,10.813740240528944],[122.7493950762215,10.813740266706157],[122.7493950762215,10.81400953491013],[122.74912235632475,10.814009522721006],[122.74912235632475,10.814278792490168],[122.7488548902714,10.814278756647001],[122.7488548902714,10.814548027968586],[122.74912235632475,10.814547988307275],[122.74912235632475,10.814817259891896],[122.7488548902714,10.814817225337675],[122.7488548902714,10.815086498474688],[122.74858733737483,10.815086474458356],[122.74858733737486,10.816163503801807],[122.74804714714074,10.816163463599123],[122.74804714714074,10.815894259746436],[122.74777450977625,10.815894240311975],[122.74777450977625,10.815624961847847],[122.74723948374648,10.815624978156155],[122.74723948374648,10.815355699310231],[122.74669928636442,10.815355726827544],[122.74669928636442,10.81427876503646],[122.74696675807812,10.81427880344277],[122.74696675807812,10.814009528478032],[122.74750695404178,10.814009506828],[122.74750695404178,10.813740308933466],[122.74804714714074,10.813740287288466],[122.74804714714074,10.813471016743414],[122.74831470145627,10.81347104527055],[122.74831470145627,10.813201776278207],[122.74858733737486,10.813201801627836],[122.74858733737486,10.812932534200476],[122.7488548902714,10.812932563374622],[122.7488548902714,10.81266329750001],[122.74912235632475,10.81266333721013],[122.74912235632475,10.811582392798451],[122.74858733737486,10.811582392950967],[122.74858733737486,10.811313130984521],[122.74831470145627,10.81131317588373],[122.74831470145627,10.811043914168074],[122.74804714714074,10.81104387982901],[122.74804714714074,10.810774693233776],[122.74777450977625,10.810774661307189],[122.74777450977625,10.810505400105686],[122.74750695404178,10.810505438692005],[122.74750695404178,10.810236177753632],[122.74723948374648,10.81023620517037],[122.74723948374648,10.809697684728576],[122.74750695404178,10.809697733457803],[122.74750695404178,10.809159217937754],[122.74777450977625,10.809159257432032],[122.74777450977625,10.80835149289789],[122.74750695404178,10.808351526324582],[122.74750695404178,10.8080822726514],[122.74723948374648,10.808082294910502],[122.74723948374648,10.807809074193036],[122.74669928636442,10.807809065219239],[122.74669928636442,10.806193630959015],[122.74723948374648,10.806193647744147],[122.74723948374648,10.806732144545231],[122.74777450977625,10.80673209597168],[122.74777450977625,10.8070013444451],[122.74831470145627,10.807001354744632],[122.74831470145627,10.807539851812573],[122.74858733737486,10.807539816124297],[122.74858733737486,10.80835153385355],[122.7488548902714,10.808351499143106],[122.7488548902714,10.809159255865156],[122.74912235632475,10.809159229108134],[122.74912235632475,10.80969773684104],[122.7493950762215,10.8096976847004],[122.7493950762215,10.809966939271597],[122.74966254085629,10.809966909938675],[122.74966254085629,10.81023616477323],[122.74993525930653,10.810236185518804],[122.74993525930653,10.81131313645268],[122.74966254085629,10.811313118336097],[122.74966254085629,10.81158237771089]],[[122.74966254085629,10.811851637993726],[122.7493950762215,10.811851596982823],[122.7493950762215,10.811582410912395],[122.74966254085629,10.81158237771089],[122.74966254085629,10.811851637993726]]]}"
00fc000000000000f846,AJUY-018,3477.134794,2.936887064,0.1318120083,0.3643348344,2.257029432,25.96867806,1.143146287,0,0,0.6644227241,2022,11.06556657,122.9325967,Ajuy,"{""type"":""Polygon"",""coordinates"":[[[122.92456404327638,11.066525438253572],[122.92483671998404,11.066525390462122],[122.92483671998404,11.065986467981375],[122.92537175235222,11.06598650810221],[122.92537175235222,11.065716974513773],[122.92591194124802,11.06571698507652],[122.92591194124799,11.065986442383586],[122.92645212723242,11.065986450313511],[122.92645212723242,11.065716994313128],[122.92671963946194,11.065716975732427],[122.92671963946194,11.06625596230106],[122.92725982109297,11.066255966941167],[122.92725982109297,11.066525422764279],[122.92752733116656,11.06652540126009],[122.92752733116656,11.06625594608418],[122.92834017562001,11.066255972243072],[122.92834017562001,11.065986444948923],[122.92995561238246,11.065986466044997],[122.92995561238246,11.06625591445819],[122.9304957765693,11.066255911154695],[122.9304957765693,11.065986464048313],[122.93265141712416,11.065986451539807],[122.93265141712416,11.065717010536927],[122.9334591469944,11.065716965966347],[122.9334591469944,11.065447527806072],[122.9342667843683,11.065447567685178],[122.9342667843683,11.065178057399088],[122.93507450121129,11.065178085776662],[122.93507450121129,11.064908578334052],[122.9358822115398,11.064908605701298],[122.9358822115398,11.064639176068603],[122.93642242974707,11.064639155568427],[122.93642242974707,11.064369653165409],[122.93668991535341,11.064369700669358],[122.93668991535341,11.064100199802336],[122.93750277143837,11.064100197359224],[122.93750277143837,11.063830774312969],[122.93777025415865,11.063830746833222],[122.93777025415865,11.063561250358454],[122.9383104621795,11.063561305417808],[122.9383104621795,11.063291811139207],[122.93857802872083,11.063291848445672],[122.9385780287208,11.063022355703396],[122.93885066728554,11.063022374097018],[122.93885066728554,11.062752882903428],[122.93911814640465,11.062752931338196],[122.93911814640465,11.062483441680723],[122.93965834715236,11.062483423697927],[122.93965834715236,11.062213936236956],[122.94019338633731,11.062213947954994],[122.94019338633731,11.061944537638983],[122.94046610647986,11.061944471219723],[122.94046610647986,11.061675062452288],[122.94073358128253,11.061675036551653],[122.94073358128253,11.061405554359835],[122.94100629995327,11.061405563552348],[122.94100629995327,11.061136082909576],[122.94127377331245,11.061136132607325],[122.94127377331245,11.061944500300134],[122.94100629995327,11.061944527504606],[122.94100629995327,11.062213935853341],[122.94073358128253,11.062213928641054],[122.94073358128253,11.062483413499248],[122.94046610647986,11.06248344134236],[122.94046610647986,11.062752852775384],[122.94019338633731,11.0627529211756],[122.94019338633731,11.063291822989255],[122.93911814640465,11.063291838356648],[122.93911814640465,11.063561255717095],[122.93885066728551,11.06356128418723],[122.93885066728554,11.064369693468553],[122.9383104621795,11.06436964365722],[122.9383104621795,11.064639141490344],[122.93803782214367,11.064639126386126],[122.93803782214367,11.064908625767828],[122.93750277143837,11.064908621758537],[122.93750277143837,11.065178048358199],[122.93723012920312,11.065178033572662],[122.93723012920312,11.06490860631332],[122.93696255905964,11.064908646218056],[122.93696255905964,11.06517807412498],[122.93642242974707,11.065178088074099],[122.93642242974707,11.065447518176219],[122.93615485744525,11.065447558394395],[122.93615485744525,11.065716990032263],[122.93507450121129,11.065717028360025],[122.93507450121129,11.065986463500249],[122.93453436171487,11.06598647673641],[122.93453436171487,11.066255914071734],[122.93480701128993,11.06625592955886],[122.93480701128993,11.066525367122674],[122.93453436171487,11.066525427264217],[122.93453436171487,11.066794866376036],[122.93318640776657,11.0667948720831],[122.93318640776657,11.067064315344435],[122.93265141712416,11.067064299403535],[122.93265141712416,11.067333819818314],[122.9321111785759,11.067333844134048],[122.9321111785759,11.067064322411763],[122.93237876168115,11.067064358194912],[122.93237876168115,11.066794838008667],[122.92968810879145,11.066794839052028],[122.92968810879145,11.067064365749669],[122.92860776879701,11.067064299933461],[122.92860776879701,11.067333830133782],[122.928067508444,11.067333844521219],[122.928067508444,11.067064313013521],[122.92725982109297,11.067064337074967],[122.92725982109297,11.067333795562506],[122.92456404327638,11.067333830615205],[122.92456404327638,11.066525438253572]]]}"
00fc000000000000f88f,DUMANGAS-106,3425.077506,2.557665828,-9.875928131,0.3621693014,1.534163349,26.12664229,1.041626548,88.14806139,1780.89645,0.4174348535,2022,10.824135,122.7614786,Dumangas,"{""type"":""Polygon"",""coordinates"":[[[122.7590977784233,10.82532984149986],[122.75936530369835,10.825329828478758],[122.75936530369835,10.824518091397284],[122.75963282827007,10.824518080002273],[122.75963282827004,10.823979597891254],[122.75936530369835,10.823979607996378],[122.75936530369835,10.822902577216531],[122.75963282827004,10.822902569691331],[122.75963282827004,10.823441119407795],[122.75990552001043,10.823441095826238],[122.75990552001043,10.822633349445239],[122.75963282827004,10.822633371054364],[122.75963282827004,10.822364098463925],[122.76017304316177,10.822364070634288],[122.76017304316177,10.822094875113242],[122.7604405656097,10.822094868561768],[122.7604405656097,10.821556331811866],[122.76071316905471,10.821556322074079],[122.76071316905471,10.82128713057583],[122.7604405656097,10.821287064797854],[122.7604405656097,10.82074464086838],[122.76098069008246,10.820744629152392],[122.76098069008246,10.821017860512057],[122.76152089781752,10.821017835956694],[122.76152089781752,10.821287099458736],[122.76178841672126,10.821287093238682],[122.76178841672126,10.821556357002981],[122.76232862016724,10.82155632790218],[122.76232862016724,10.822094855547395],[122.76260130468202,10.822094831984208],[122.76260130468201,10.822633361943272],[122.76286882074454,10.822633351212648],[122.76286882074454,10.82290261690793],[122.76313633610354,10.82290260521396],[122.76313633610354,10.823710330948542],[122.76340893232481,10.823710387543104],[122.76340893232481,10.824248849633793],[122.76367653239132,10.824248823847881],[122.76367653239132,10.826676097150047],[122.76260130468201,10.826676120545738],[122.76260130468202,10.82640684149397],[122.76125337821031,10.826406815079675],[122.76125337821031,10.826137608547572],[122.75936530369835,10.826137606015113],[122.75936530369837,10.82586832097492],[122.7590977784233,10.825868335285918],[122.7590977784233,10.82532984149986]],[[122.76125337821031,10.824787322385733],[122.76098069008246,10.824787350889405],[122.76098069008246,10.824248873463022],[122.76125337821031,10.824248846274298],[122.76125337821031,10.824787322385733]]]}"
00fc000000000000f8f1,DUMANGAS-107,3425.077506,2.826160402,2.111561734,0.2844210313,2.556029406,26.12664229,1.041626548,0,812.7811712,0.7200487143,2022,10.8022792,122.6792507,Dumangas,"{""type"":""Polygon"",""coordinates"":[[[122.68282885795838,10.809697727994154],[122.68148099848354,10.809697713238684],[122.68148099848354,10.809428445832886],[122.68202110980641,10.8094284297856],[122.68202110980641,10.809159239486005],[122.68256130447904,10.809159213255016],[122.68256130447904,10.808620763075698],[122.68228866469623,10.808620775954322],[122.68228866469623,10.808351514120869],[122.68174846858636,10.808351535801368],[122.68174846858636,10.808082273576643],[122.67986556076376,10.808082236858287],[122.67986556076376,10.807001359068408],[122.68013303508253,10.807001364927801],[122.68013303508253,10.806193657878488],[122.67986556076376,10.806193650089995],[122.67986556076376,10.805655206942236],[122.68013303508253,10.805655216016724],[122.68013303508253,10.805385958998572],[122.68067323970746,10.80538595549845],[122.68067323970746,10.805655211217701],[122.68121344148506,10.805655205123317],[122.68121344148506,10.805385950702982],[122.68094079811625,10.805385954073959],[122.68094079811625,10.805116699905973],[122.68040059490158,10.805116702748771],[122.68040059490158,10.80484744818983],[122.67986556076376,10.804847436682339],[122.67986556076376,10.804578256641896],[122.67959291380936,10.804578256415116],[122.67959291380936,10.80430900172993],[122.67878522635266,10.804308983871913],[122.67878522635266,10.804039728152821],[122.67851766231689,10.804039798698119],[122.67851766231689,10.803497319165233],[122.67824501177728,10.8034973146756],[122.67824501177728,10.80322813529174],[122.67797744633148,10.803228128359143],[122.67797744633148,10.802151192639574],[122.67770996638791,10.802151172637116],[122.67770996638791,10.801074248874256],[122.67797744633148,10.801074271448638],[122.67797744633148,10.800805024697471],[122.67824501177728,10.80080503741918],[122.67824501177728,10.800535792219533],[122.67878522635266,10.800535741748877],[122.67878522635266,10.799997331565823],[122.67797744633148,10.799997289893584],[122.67797744633148,10.800266533919928],[122.67743731370007,10.800266570978462],[122.67743731370007,10.799997325653367],[122.6771697461462,10.799997310042947],[122.6771697461462,10.799454926346682],[122.67689709202166,10.799454910384751],[122.67689709202166,10.798916423521774],[122.67662960925935,10.798916469405453],[122.67662960925935,10.798377984889553],[122.67689709202166,10.798377940292362],[122.67689709202166,10.79783953558925],[122.6771697461462,10.79783955548379],[122.6771697461462,10.797570317703828],[122.67743731370007,10.797570264220544],[122.67743731370007,10.797301027992543],[122.6771697461462,10.797301080832344],[122.6771697461462,10.797031844869357],[122.67501418128896,10.797031849358133],[122.67501418128896,10.797301090503524],[122.67474152143232,10.797301066690588],[122.67474152143232,10.797839553017727],[122.67447403304676,10.797839518877527],[122.67447403304676,10.798377935229752],[122.6739337957557,10.798377964958807],[122.6739337957557,10.797570300449609],[122.67447403304676,10.797570274616758],[122.67447403304676,10.796762622178722],[122.6771697461462,10.796762609814884],[122.6771697461462,10.796493375668941],[122.67797744633148,10.796493380792638],[122.67797744633148,10.796762612996648],[122.67824501177728,10.796762635376256],[122.67824501177728,10.797031792954622],[122.67770996638791,10.797031813880565],[122.67770996638791,10.798108757987624],[122.67797744633148,10.798108712752123],[122.67797744633148,10.798647188969852],[122.67770996638791,10.798647235491858],[122.67770996638791,10.799185641736385],[122.67986556076376,10.79918563472751],[122.67986556076376,10.799454871475893],[122.68067323970746,10.79945492047076],[122.68067323970746,10.799997287197742],[122.68094079811625,10.799997298648618],[122.68094079811625,10.800266535549902],[122.68121344148506,10.800266544643678],[122.68121344148506,10.80107425883046],[122.68094079811625,10.801074251703323],[122.68094079811625,10.801343492237585],[122.67905787545543,10.801343485255163],[122.67905787545543,10.801074240193579],[122.67851766231689,10.80107421902123],[122.67851766231689,10.80242038500928],[122.67878522635266,10.802420393230186],[122.67878522635266,10.803497324813163],[122.67932535188191,10.803497343836282],[122.67932535188191,10.803766596427565],[122.68013303508253,10.80376654136504],[122.68013303508253,10.804039762423423],[122.68067323970746,10.804039765417391],[122.68067323970746,10.804578268684741],[122.68094079811625,10.804578269190081],[122.68094079811625,10.804847446645939],[122.68121344148506,10.804847444586114],[122.68121344148506,10.805116697190579],[122.68148099848354,10.805116695767865],[122.68148099848354,10.805924382201676],[122.68174846858636,10.805924388715063],[122.68174846858636,10.806193643664475],[122.68067323970746,10.806193650482008],[122.68067323970746,10.807001353634933],[122.68040059490158,10.80700136028523],[122.68040059490158,10.807539809936731],[122.68094079811625,10.807539795404724],[122.68094079811625,10.807270608873324],[122.68148099848354,10.80727059434444],[122.68148099848354,10.80753985447588],[122.68228866469623,10.807539839365976],[122.68228866469623,10.808082253195131],[122.68256130447904,10.808082241627744],[122.68256130447904,10.80835150189786],[122.68309641073915,10.808351480074133],[122.68309641073915,10.80889000076393],[122.68363659974305,10.80888997325281],[122.68363659974305,10.80915923366019],[122.68309641073915,10.809159187571279],[122.68309641073915,10.80942845018511],[122.68282885795838,10.809428463829281],[122.68282885795838,10.809697727994154]]]}"
00fc000000000000f926,LEGANES-011,3425.077506,0.5546078061,-4.690471746,0.2506197604,0.8570676528,26.12664229,1.041626548,0,561.1560182,0.4478168415,2022,10.78287134,122.6438551,Leganes,"{""type"":""Polygon"",""coordinates"":[[[122.64375038429704,10.784635683932294],[122.64375038429704,10.784366485319557],[122.64321533158582,10.784366493415572],[122.64321533158582,10.785174095835705],[122.64240244279227,10.785174163738095],[122.64240244279227,10.785712573801272],[122.64186738306839,10.785712585127044],[122.64186738306839,10.785443378356065],[122.64132723292676,10.785443386952519],[122.64132723292676,10.785174104889023],[122.64105456985266,10.785174150485531],[122.64105456985266,10.78490494358094],[122.64051950311723,10.784904947857108],[122.64051950311723,10.784635665672258],[122.64078707994862,10.78463569671111],[122.64078707994862,10.784366490982526],[122.64105456985266,10.784366457595098],[122.64105456985266,10.783824080270099],[122.64132723292676,10.783824112861033],[122.64132723292676,10.783554836267317],[122.64213495639348,10.783554868790171],[122.64213495639345,10.783285669948285],[122.64267510229328,10.783285669815417],[122.64267510229328,10.783016473179773],[122.64294267351704,10.783016430625663],[122.64294267351704,10.780862745615497],[122.64267510229328,10.78086270812837],[122.64267510229328,10.780324257235637],[122.64240244279227,10.78032429266124],[122.64240244279227,10.78005113572947],[122.64267510229328,10.780051100968397],[122.64267510229328,10.77978191525864],[122.64294267351704,10.779781880426711],[122.64294267351704,10.779512696269018],[122.64348281517475,10.77951271238334],[122.64348281517475,10.779243455534642],[122.64429052171246,10.779243511408279],[122.64429052171246,10.778974257409528],[122.6448307425189,10.778974262745638],[122.6448307425189,10.780051129214803],[122.64509822190598,10.78005110133653],[122.64509822190598,10.781131949392076],[122.64537087425954,10.781131908747373],[122.64537087425954,10.781939612662066],[122.64563843846904,10.78193956948517],[122.64563843846904,10.782478017057544],[122.64537087425954,10.782477986620805],[122.64537087425954,10.782747249863492],[122.64563843846904,10.782747204758268],[122.64563843846904,10.783016468267757],[122.64590591575505,10.783016432355488],[122.64590591575505,10.784366505367396],[122.64617856596676,10.7843664558779],[122.64617856596674,10.785443382260643],[122.64590591575505,10.785443359468658],[122.64590591575505,10.785712556541366],[122.6448307425189,10.78571259444886],[122.6448307425189,10.785443319891598],[122.64455808873316,10.785443370373635],[122.64455808873316,10.785174096070763],[122.64429052171246,10.785174145690291],[122.64429052171246,10.78490494655631],[122.64402304022435,10.78490491015987],[122.64402304022435,10.784635711292726],[122.64375038429704,10.784635683932294]]]}"
00fc000000000000f9ba,BAROTAC_NUEVO-016,3425.077506,0.7135838499,-19.83921499,0.4519539049,1.091852582,26.12664229,1.041626548,93.29056249,389.8588223,1.189650574,2022,10.89559614,122.7856393,Barotac Nuevo,"{""type"":""Polygon"",""coordinates"":[[[122.7825418104816,10.897553586043028],[122.78280936017225,10.897553586449076],[122.78280936017225,10.89674563372122],[122.7833495380074,10.896745629345792],[122.7833495380074,10.89647631487431],[122.78361699945852,10.896476327187912],[122.78361699945852,10.895933731858674],[122.78388971296859,10.895933716490632],[122.78388971296859,10.894587173239717],[122.78361699945852,10.89458718532004],[122.78361699945852,10.893779193300588],[122.78442988505577,10.893779190550655],[122.78442988505577,10.892971287433793],[122.78496488767111,10.892971315645577],[122.78496488767111,10.892701942790156],[122.78577776247559,10.892701942976746],[122.78577776247559,10.893240610759658],[122.7860453036384,10.893240617620682],[122.7860453036384,10.892971246469362],[122.78712054161798,10.89297126528104],[122.78712054161798,10.893509928390833],[122.78766069651276,10.89350992924015],[122.78766069651276,10.894048518442483],[122.78793339915921,10.894048502742448],[122.78793339915921,10.894587169143167],[122.78820084853272,10.894587180492001],[122.78820084853272,10.89512577429964],[122.78874108378457,10.895125754427148],[122.78874108378457,10.895664424143096],[122.78900861713605,10.89566442164969],[122.78900861713605,10.895933719759922],[122.78928123005416,10.895933708107256],[122.78928123005416,10.896206976652293],[122.78900861713605,10.896206988972038],[122.78900861713605,10.896476288897732],[122.78846838330844,10.89647631595033],[122.78846838330844,10.896745618079825],[122.78793339915921,10.896745616335943],[122.78793339915921,10.896476312916485],[122.78712054161798,10.896476348042473],[122.78712054161798,10.89674565342201],[122.7868530032893,10.896745656244322],[122.7868530032893,10.89701496317],[122.78604530363837,10.897014979819529],[122.7860453036384,10.897284289593761],[122.78577776247559,10.8972842924185],[122.78577776247559,10.897553603738837],[122.7855051401469,10.897553615070347],[122.7855051401469,10.897822927949036],[122.78523759756041,10.897822931416988],[122.78523759756041,10.898092245841745],[122.78496488767111,10.898092193211545],[122.78496488767111,10.898361509194606],[122.7825418104816,10.898361548815222],[122.7825418104816,10.897553586043028]]]}"
00fc000000000000f9d3,ANILAO-020,3425.077506,2.630294538,-3.26895491,0.2775522885,2.065288393,26.12664229,1.041626548,0,403.8259768,0.5447037943,2022,10.96170321,122.7680378,Anilao,"{""type"":""Polygon"",""coordinates"":[[[122.75990552001043,10.963040216231962],[122.76017304316177,10.963040172378168],[122.76017304316177,10.96250144022663],[122.7604405656097,10.962501397339123],[122.7604405656097,10.961423946356295],[122.76098069008246,10.9614239292222],[122.76098069008246,10.962770813678064],[122.76071316905471,10.962770782869693],[122.76071316905471,10.963309589202076],[122.7604405656097,10.963309569967954],[122.7604405656097,10.964117675663966],[122.76098069008246,10.96411772051866],[122.76098069008246,10.964387089574446],[122.76125337821031,10.964387095171888],[122.76125337821031,10.964117651781399],[122.76206110268409,10.96411771059838],[122.76206110268409,10.963848345038535],[122.76286882074454,10.963848327872514],[122.76286882074454,10.963309528338021],[122.76313633610354,10.96330955526261],[122.76313633610354,10.963040194976978],[122.76340893232481,10.963040211559386],[122.76340893232481,10.962770852825168],[122.76367653239132,10.962770795050256],[122.76367653239132,10.962501437855687],[122.76394404562602,10.962501465739301],[122.76394404562599,10.962232035096385],[122.7642166396826,10.96223205265644],[122.7642166396826,10.96196269855277],[122.76475683023278,10.961962659292425],[122.76475683023278,10.961693307384637],[122.76502434062607,10.96169333589925],[122.76502434062607,10.961423985530704],[122.76556452688617,10.961423946908308],[122.76556452688617,10.961154598735694],[122.76610471027695,10.961154560101106],[122.76610471027695,10.960885214124447],[122.76691248235015,10.960885193303135],[122.76691248235015,10.96061585016663],[122.76717998707282,10.96061580367766],[122.76717998707282,10.96034646208073],[122.76772016188188,10.960346423422193],[122.76772016188188,10.9600770840213],[122.76852783499768,10.960077073511071],[122.76852783499766,10.959807736950196],[122.76960825354676,10.959807721606172],[122.76960825354676,10.959534339555178],[122.77149114286175,10.95953440023653],[122.77149114286178,10.95926499763497],[122.77176380280609,10.959265002817405],[122.77176380280609,10.959534404762277],[122.77203138088431,10.959534344674477],[122.77203138088431,10.959807720803392],[122.77229887213738,10.95980774506763],[122.77229887213738,10.960346475905492],[122.7725715299148,10.960346477460677],[122.7725715299148,10.961423947257272],[122.77229887213738,10.96142394832857],[122.77229887213738,10.962232099540211],[122.7725715299148,10.962232096498942],[122.7725715299148,10.962770842143899],[122.77229887213738,10.962770846498431],[122.77229887213738,10.963040183829403],[122.7712236494829,10.963040222284032],[122.7712236494829,10.96330956309929],[122.7706834932892,10.963309549598952],[122.7706834932892,10.96304020748316],[122.77041591166262,10.963040199353856],[122.77041591166262,10.962770782505341],[122.77014324810258,10.962770784214367],[122.77014324810258,10.96250144258851],[122.76960825354676,10.962501401428788],[122.76960825354676,10.962232059410205],[122.76933558782041,10.962232058814973],[122.76933558782041,10.962501401490051],[122.7690680887692,10.962501455082988],[122.7690680887692,10.962770799297541],[122.76879542159406,10.962770799352532],[122.76879542159406,10.963040145118812],[122.76826033382113,10.963040188624593],[122.76826033382113,10.962770841569887],[122.76852783499768,10.962770788304745],[122.76852783499766,10.962501442789495],[122.76826033382113,10.962501420425529],[122.76826033382113,10.96223207516157],[122.7679876644796,10.962232072912233],[122.7679876644796,10.961962727887078],[122.76717998707282,10.96196267506307],[122.76717998707282,10.961693328988854],[122.76556452688617,10.961693295976275],[122.76556452688617,10.961962720925769],[122.76502434062607,10.961962687163135],[122.76502434062604,10.96223203932233],[122.76475683023278,10.962232087082514],[122.76475683023278,10.962501440781171],[122.76448423762402,10.962501424540168],[122.76448423762402,10.962770779790278],[122.7642166396826,10.96277083853751],[122.7642166396826,10.963309553012312],[122.76394404562599,10.963309538077114],[122.76394404562599,10.96357889731354],[122.76340893232481,10.96357893171358],[122.76340893232481,10.963848293133514],[122.76313633610354,10.963848278519581],[122.76313633610354,10.964117716480695],[122.76286882074454,10.964117691487951],[122.76286882074454,10.964387055998577],[122.76232862016724,10.964387027384406],[122.76232862016724,10.96465646908134],[122.76017304316177,10.964656465311144],[122.76017304316177,10.96411764742442],[122.75990552001043,10.964117693854583],[122.75990552001043,10.963040216231962]],[[122.77149114286175,10.962501412169182],[122.77095098808958,10.962501470400067],[122.77095098808958,10.962232056631365],[122.77149114286175,10.962232074684092],[122.77149114286175,10.962501412169182]]]}"
00fc000000000000fa30,DUMANGAS-108,3425.077506,2.982260556,-10.6181182,0.3148725997,1.893578725,26.12664229,1.041626548,0,648.2056553,1.167174257,2022,10.80604861,122.7114534,Dumangas,"{""type"":""Polygon"",""coordinates"":[[[122.70735323332595,10.802151191538028],[122.70735323332595,10.801881936934866],[122.70762072200661,10.801881912207863],[122.70762072200661,10.80161273403268],[122.70708057339638,10.801612719233823],[122.70708057339638,10.80188197358489],[122.706272844249,10.801881917546245],[122.706272844249,10.802151174749719],[122.70573785913521,10.802151147096735],[122.70573785913521,10.801881963482833],[122.70600535204198,10.801881940673276],[122.70600535204198,10.801612683734408],[122.70654550633257,10.801612701111312],[122.70654550633257,10.801343446380962],[122.70681308330254,10.801343488589435],[122.70681308330254,10.801074235411493],[122.70735323332595,10.801074253451619],[122.70735323332592,10.801343505329523],[122.7078933804956,10.801343445899397],[122.7078933804956,10.801612697385515],[122.70896866816817,10.801612713686476],[122.70896866816817,10.801881963492937],[122.70924132306205,10.801881924558616],[122.70924132306205,10.80242042558409],[122.70950880680239,10.80242039732805],[122.70950880680239,10.802689648559506],[122.70924132306205,10.802689602583978],[122.70924132306205,10.802958855367544],[122.70896866816817,10.802958896927384],[122.70896866816817,10.803228076399582],[122.70870109683997,10.803228116135251],[122.70870109683997,10.80376655396815],[122.70924132306205,10.80376654429204],[122.70924132306205,10.80349736365985],[122.70977637601635,10.803497366365264],[122.70977637601635,10.803228113052809],[122.71112420757981,10.803228145408166],[122.71112420757983,10.80376657157757],[122.71139694289592,10.803766590125127],[122.71139694289592,10.804039734870448],[122.71166442099502,10.804039775057765],[122.71166442099502,10.804309026563603],[122.71247210753985,10.804308970870428],[122.71247210753985,10.805116725004176],[122.71220463155468,10.805116688351116],[122.71220463155471,10.805655196935652],[122.71247210753985,10.80565515742507],[122.71247210753985,10.805385978198581],[122.7130123138299,10.80538595165748],[122.7130123138299,10.805116699763582],[122.71355251726416,10.805116673227582],[122.71355251726416,10.806193681050232],[122.71327987387156,10.806193660837604],[122.71327987387156,10.806462915719964],[122.71247210753985,10.80646292518127],[122.71247210753985,10.807001366682083],[122.71274475308768,10.807001385904146],[122.71274475308768,10.807270569921437],[122.7130123138299,10.807270590589058],[122.7130123138299,10.808082264447059],[122.71327987387156,10.808082282855278],[122.71327987387156,10.808889994456083],[122.7143601888854,10.808889987427651],[122.7143601888854,10.809159248802485],[122.71490038519353,10.809159199507144],[122.71490038519353,10.809428460489299],[122.71516794029104,10.809428473433682],[122.71516794029104,10.809159213095596],[122.7157081323283,10.809159236740047],[122.7157081323283,10.8088899786103],[122.71624823534107,10.808890012455354],[122.71624823534107,10.809159194408046],[122.71678333777542,10.809159218063282],[122.71678333777542,10.81077469549805],[122.71651578690863,10.810774687693842],[122.71651578690863,10.811043875355502],[122.71597559914208,10.811043937629991],[122.71597559914208,10.811313127499293],[122.7157081323283,10.811313109824496],[122.7157081323283,10.811582376124278],[122.71490038519356,10.81158235639014],[122.71490038519353,10.811313163025655],[122.71516794029104,10.81131317146187],[122.71516794029104,10.811043904769203],[122.7157081323283,10.811043919311523],[122.7157081323283,10.81050539125049],[122.71597559914208,10.810505410856653],[122.71597559914208,10.809697702383115],[122.71543540851911,10.809697681981003],[122.71543540851911,10.809966943490833],[122.7143601888854,10.809966963495677],[122.7143601888854,10.809697699397313],[122.71381998972117,10.809697675118887],[122.71381998972117,10.809966940517615],[122.71327987387156,10.809966906046581],[122.71327987387156,10.809697714227127],[122.71274475308768,10.809697684820364],[122.71274475308768,10.809428492620606],[122.71247210753985,10.8094284793141],[122.71247210753985,10.807809073181227],[122.71220463155468,10.807809042965275],[122.71220463155468,10.807539855832657],[122.71139694289589,10.807539859020794],[122.71139694289592,10.807270595973648],[122.71112420757981,10.807270585969167],[122.71112420757983,10.806732136164255],[122.71085672806686,10.806732101772127],[122.71085672806686,10.807001364303547],[122.71004902875575,10.807001358768906],[122.71004902875575,10.806732094293292],[122.70924132306205,10.806732158796777],[122.70924132306202,10.806462893284898],[122.70870109683997,10.806462915982966],[122.70870109683997,10.805655195873827],[122.70924132306205,10.805655177076599],[122.70924132306202,10.80538591519723],[122.70896866816817,10.805385962674144],[122.70896866816817,10.805116701046565],[122.70842844050524,10.805116716589314],[122.70842844050522,10.804847454569614],[122.70816095393792,10.804847487347558],[122.70816095393792,10.804578225592191],[122.70842844050524,10.804578268336014],[122.70842844050522,10.804039748837567],[122.70816095393792,10.804039779683869],[122.70816095393792,10.803766552159265],[122.7078933804956,10.803766592224088],[122.7078933804956,10.803228075626256],[122.70842844050524,10.80322808282133],[122.70842844050522,10.802958902049141],[122.70816095393792,10.802958855434092],[122.70816095393792,10.802689600050073],[122.70842844050522,10.802689647308803],[122.70842844050524,10.802420393476888],[122.70816095393792,10.802420420450462],[122.70816095393792,10.802151166883062],[122.70735323332595,10.802151191538028]],[[122.71193198456582,10.806193612431391],[122.71166442099502,10.806193662781277],[122.71166442099502,10.805924404918283],[122.71193198456582,10.805924430089382],[122.71193198456582,10.806193612431391]],[[122.71031651038247,10.806193679583755],[122.71004902875575,10.806193642944752],[122.71004902875575,10.805385935292671],[122.71031651038247,10.805385973862673],[122.71031651038247,10.806193679583755]],[[122.70896866816817,10.804308996490642],[122.70896866816817,10.804039738495947],[122.70924132306205,10.804039769177837],[122.70924132306205,10.804309026516348],[122.70896866816817,10.804308996490642]],[[122.70977637601635,10.805385908869379],[122.70977637601635,10.805116724063591],[122.70950880680239,10.805116694399363],[122.70950880680239,10.804847509857545],[122.70924132306205,10.804847469040748],[122.70924132306205,10.804309026516348],[122.70977637601635,10.804309025339435],[122.70977637601635,10.804039769288826],[122.71031651038247,10.80403976590495],[122.71031651038247,10.804578201437575],[122.71004902875575,10.804578235813151],[122.71004902875575,10.805385935292671],[122.70977637601635,10.805385908869379]]]}"
00fc000000000000fa92,BAROTAC_NUEVO-017,3425.077506,1.843954365,-5.725934137,0.3003719579,1.337874183,26.12664229,1.041626548,0,0,0.3521671865,2022,10.89431878,122.7770709,Barotac Nuevo,"{""type"":""Polygon"",""coordinates"":[[[122.77580237415083,10.896206992194312],[122.77580237415083,10.89674565662357],[122.77526732326673,10.896745624543023],[122.77526732326673,10.89701495939894],[122.77580237415083,10.897014915270852],[122.77580237415083,10.897553585106346],[122.77607502252772,10.897553585616732],[122.77607502252772,10.897822921228908],[122.77634250313659,10.897822939029924],[122.77634250313659,10.897553604062427],[122.77661523618104,10.897553593619756],[122.77661523618104,10.897284260210775],[122.77688271536759,10.89728427865421],[122.77688271536759,10.896745615828918],[122.77742292472603,10.89674562578497],[122.77742292472603,10.895395095346137],[122.77769040178599,10.895395117344476],[122.77769040178599,10.895125793749246],[122.77688271536759,10.895125753318556],[122.77688271536759,10.894856503594074],[122.77634250313656,10.894856483198367],[122.77634250313659,10.894587158156464],[122.77526732326673,10.894587157362976],[122.77526732326673,10.89431783063072],[122.77499467272237,10.894317821239252],[122.77499467272237,10.893779244080937],[122.77472710244655,10.893779225276955],[122.77472710244655,10.893509899946373],[122.77418696487331,10.893509932455924],[122.77418696487331,10.893779184171398],[122.773379250604,10.893779196259112],[122.773379250604,10.892701962267182],[122.7736467383094,10.89270199555317],[122.7736467383094,10.892163347796027],[122.773379250604,10.892163313220832],[122.773379250604,10.891894064965745],[122.7739193924706,10.891894042219795],[122.7739193924706,10.892163364089068],[122.77742292472603,10.892163338865739],[122.77742292472603,10.892432653191381],[122.77795796425755,10.892432625847432],[122.77795796425755,10.892163312811617],[122.77877080903974,10.89216335269646],[122.77877080903974,10.89243266377296],[122.77903828255046,10.892432691248969],[122.77903828255046,10.892163380817156],[122.78011350862256,10.892163376501765],[122.78011350862256,10.892432684341534],[122.78038623154211,10.892432681797025],[122.78038623154211,10.892163374614727],[122.7811938901012,10.89216334888449],[122.78119389010124,10.891894044550758],[122.78146144334345,10.891894060125466],[122.78146144334345,10.891624682427873],[122.78173407653038,10.891624690501057],[122.78173407653038,10.89135538927264],[122.78308198974014,10.891355376561004],[122.78308198974014,10.891624749448882],[122.78280936017225,10.891624743020245],[122.78280936017225,10.891894042557906],[122.78227426008597,10.89189401431583],[122.78227426008597,10.892163316044872],[122.78200162834933,10.892163309945259],[122.78200162834936,10.892432688143588],[122.78146144334345,10.892432668404398],[122.78146144334345,10.892701973895948],[122.7811938901012,10.892701960256145],[122.78119389010124,10.892971267294033],[122.7806537007986,10.892971248206434],[122.7806537007986,10.893240557447879],[122.78011350862256,10.89324061326911],[122.78011350862256,10.893509924714332],[122.77984603794343,10.893509901104315],[122.77984603794343,10.893779214095574],[122.77957848044537,10.893779201101248],[122.77957848044537,10.894048515638765],[122.77930584147157,10.894048510850784],[122.77930584147157,10.894856461842672],[122.77903828255046,10.894856450781202],[122.77903828255046,10.894587132237692],[122.77849816789795,10.894587180374891],[122.77849816789795,10.89485650022057],[122.77795796425755,10.894856483730894],[122.77795796425755,10.895395128730259],[122.77823060684929,10.895395131876857],[122.77823060684929,10.895125809583774],[122.77849816789795,10.895125746051997],[122.77849816789795,10.895395067699884],[122.77877080903974,10.895395070187408],[122.77877080903974,10.895664392079285],[122.77849816789795,10.895664390248982],[122.77849816789795,10.896476333890966],[122.77823060684929,10.89647632574131],[122.77823060684929,10.897014980266357],[122.77795796425755,10.897014981072582],[122.77795796425755,10.89728423542612],[122.77742292472603,10.89728428600597],[122.77742292472603,10.897553617468109],[122.77715027996649,10.897553618602947],[122.77715027996649,10.898092210625679],[122.77472710244655,10.898092224254336],[122.77472710244655,10.898361564917499],[122.7744544504526,10.89836156473334],[122.7744544504526,10.898630832033252],[122.7739193924706,10.89863088067165],[122.7739193924706,10.898900150161525],[122.7731116760745,10.898900198299133],[122.7731116760745,10.898361506482853],[122.773379250604,10.898361516250189],[122.773379250604,10.89809224726017],[122.77418696487331,10.89809220399538],[122.77418696487331,10.897822937852325],[122.7739193924706,10.89782292776306],[122.7739193924706,10.897553586955045],[122.77418696487331,10.897553597689202],[122.77418696487331,10.897284258427163],[122.7739193924706,10.897284247048116],[122.7739193924706,10.897014982962618],[122.77418696487331,10.897014920066233],[122.77418696487331,10.896745657526319],[122.7744544504526,10.896745605247133],[122.7744544504526,10.896207009239468],[122.77499467272237,10.896207027671483],[122.77499467272237,10.896476286463432],[122.77526732326673,10.896476290588248],[122.77526732326673,10.896207032453288],[122.77580237415083,10.896206992194312]],[[122.77499467272237,10.897553555397893],[122.77472710244655,10.897553620551454],[122.77472710244655,10.89728428259124],[122.77499467272237,10.897284293002684],[122.77499467272237,10.897553555397893]],[[122.7736467383094,10.898361535990585],[122.7736467383094,10.898630880158683],[122.773379250604,10.898630861062932],[122.773379250604,10.898361516250189],[122.7736467383094,10.898361535990585]]]}"
00fc000000000000fbba,ZARRAGA-002,3425.077506,1.6139194,-1.680542284,0.2108777747,1.90913667,26.12664229,1.041626548,0,0,0.3829274409,2022,10.77998091,122.6485624,Zarraga,"{""type"":""Polygon"",""coordinates"":[[[122.64617856596674,10.77466294045229],[122.64671877685353,10.774662962051964],[122.64671877685353,10.774932120753403],[122.64725381133462,10.77493214939003],[122.64725381133462,10.775470541843642],[122.64752645797175,10.775470587263195],[122.64752645797175,10.775739746754398],[122.64779401657144,10.775739790719152],[122.64779401657144,10.776278186037368],[122.64806157447474,10.776278153508303],[122.64806157447474,10.776820595355247],[122.64860168924179,10.77682053730796],[122.64860168924179,10.777089773670808],[122.64887441852876,10.777089803376212],[122.64887441852876,10.7773589651019],[122.64914188739539,10.777359013753156],[122.64914188739539,10.777628175746129],[122.64940944179033,10.777628213289235],[122.64940944179033,10.778166613611196],[122.64914188739539,10.778166652245922],[122.64914188739539,10.778435816967866],[122.64940944179033,10.778435852583144],[122.64940944179033,10.779512667782786],[122.64914188739542,10.77951270963179],[122.64914188739539,10.779781878901574],[122.64940944179033,10.779781911303825],[122.64940944179033,10.781670386215641],[122.64968208270996,10.78167033905657],[122.64968208270996,10.78193958921351],[122.64994963569872,10.78193954092939],[122.64994963569872,10.782477967790305],[122.65075729143074,10.782477977223012],[122.65075729143074,10.782747227525455],[122.65103001499784,10.782747240860665],[122.65103001499784,10.7830164165216],[122.65129747825479,10.783016449119291],[122.65129747825479,10.78355487678021],[122.65156502703813,10.783554897621164],[122.65156502703813,10.783824074724812],[122.65183766223939,10.783824094618895],[122.65183766223939,10.784097241488356],[122.65237784338439,10.784097278971288],[122.65237784338439,10.78436645595431],[122.65318556625373,10.784366507829269],[122.65318556625373,10.78463568378133],[122.65372065329169,10.784635715509456],[122.65372065329169,10.784366465947157],[122.65560869676247,10.784366496319667],[122.65560869676247,10.78490491238606],[122.65480099294312,10.784904947958989],[122.65480099294312,10.78544337154357],[122.65453345258577,10.785443359046981],[122.65453345258577,10.785174108709542],[122.65345311012102,10.785174128046297],[122.65345311012102,10.785712559925491],[122.65291293462876,10.785712532801668],[122.65291293462876,10.785981788851414],[122.65210520961632,10.785981822540206],[122.65210520961632,10.785712564549666],[122.65183766223939,10.785712549499774],[122.65183766223939,10.785443366673624],[122.65156502703813,10.785443350718504],[122.65156502703813,10.785174168146517],[122.65103001499784,10.785174123722042],[122.65103001499784,10.784904940774144],[122.65075729143074,10.78490493268945],[122.65075729143074,10.78463567509786],[122.65048982676792,10.78463572062162],[122.65048982676792,10.784097281778905],[122.65075729143074,10.784097237540456],[122.65075729143074,10.78382408803779],[122.65021710176734,10.783824120256794],[122.65021710176734,10.783554865018408],[122.64994963569872,10.783554832425121],[122.64994963569872,10.783016398288929],[122.64968208270996,10.783016449144537],[122.64968208270996,10.782747195349335],[122.64940944179033,10.782747245128746],[122.64940944179033,10.782477991588031],[122.64779401657144,10.782477970341816],[122.64779401657144,10.782208788727319],[122.64752645797175,10.782208760203154],[122.64752645797175,10.783016459498308],[122.64698633755532,10.783016469940824],[122.64698633755532,10.781131891835043],[122.64671877685353,10.781131934680255],[122.64671877685353,10.780051102251871],[122.64644612807442,10.780051141893994],[122.6464461280744,10.779243464869625],[122.64590591575505,10.779243464695199],[122.64590591575505,10.778166619472163],[122.64563843846904,10.77816664380915],[122.64563843846904,10.777358980069401],[122.64537087425954,10.777359012309566],[122.64537087425954,10.776551354830405],[122.64509822190598,10.776551384330652],[122.64509822190598,10.775470598418954],[122.6448307425189,10.775470540471945],[122.6448307425189,10.774932136378263],[122.64509822190598,10.774932120717441],[122.64509822190598,10.77466295812409],[122.6448307425189,10.77466289825024],[122.6448307425189,10.774393735924464],[122.64509822190598,10.77439372154864],[122.64509822190601,10.77412448588345],[122.64563843846904,10.77412451266183],[122.64563843846904,10.774393747029386],[122.64617856596674,10.774393706472152],[122.64617856596674,10.77466294045229]],[[122.65048982676792,10.78328562336741],[122.65021710176734,10.783285685586394],[122.65021710176734,10.78301643216699],[122.65048982676792,10.78301644549977],[122.65048982676792,10.78328562336741]],[[122.6464461280744,10.775470544274208],[122.64617856596674,10.775470572961904],[122.64617856596676,10.775201336251378],[122.64644612807442,10.775201383098226],[122.6464461280744,10.775470544274208]],[[122.64617856596674,10.774932175342661],[122.64590591575505,10.774932126986243],[122.64590591575505,10.7746629663326],[122.64617856596674,10.77466294045229],[122.64617856596674,10.774932175342661]]]}"
00fc000000000000fc72,BANATE-007,3477.134794,4.574851353,-1.60886057,0.2114345681,2.513247231,25.96867806,1.143146287,0,0,0.5278522799,2022,11.00828233,122.8030287,Banate,"{""type"":""Polygon"",""coordinates"":[[[122.80733370385875,11.013976047262098],[122.80733370385875,11.014245470011595],[122.80760635360167,11.014245436662428],[122.80760635360167,11.01478428352154],[122.80706621885415,11.014784328086769],[122.80706621885415,11.015323106107854],[122.80679348156615,11.01532315182846],[122.80679348156615,11.015592580337163],[122.80652599513527,11.015592591519434],[122.80652599513527,11.015862021564221],[122.8062585079982,11.015861958059006],[122.8062585079982,11.016131389639606],[122.8049105583711,11.016131440212051],[122.8049105583711,11.015862005382926],[122.80437040925237,11.015861973562497],[122.80437040925237,11.015592538323252],[122.80410291642488,11.01559254657486],[122.80410291642488,11.01505375249083],[122.80383025725449,11.01505370848404],[122.80383025725449,11.014784274617401],[122.80356267690705,11.014784290688995],[122.80356267690705,11.014245499349505],[122.80329001628317,11.014245452705948],[122.8032900162832,11.013706663618018],[122.80302252060402,11.013706591042281],[122.80302252060399,11.013163828788313],[122.8027550242188,11.013163829599263],[122.8027550242188,11.01289439939524],[122.8022147775159,11.01289443338839],[122.8022147775159,11.013163864894338],[122.80167461402918,11.013163813456025],[122.80167461402918,11.01343324715501],[122.80113444766386,11.013433270708418],[122.80113444766386,11.013163835707783],[122.80086694629578,11.013163834235506],[122.80086694629578,11.012894399481935],[122.80059944422182,11.012894397041608],[122.80059944422182,11.012624962535135],[122.80032677562656,11.012624983296483],[122.80032677562656,11.012355549024603],[122.80005918603003,11.012355555045806],[122.80005918603003,11.012086121020827],[122.80032677562656,11.012086115644399],[122.80032677562656,11.01181675816482],[122.80005918603003,11.011816762896645],[122.80005918603003,11.011547330654844],[122.80032677562656,11.011547326567783],[122.80032677562656,11.011277895862488],[122.80059944422182,11.011277878386286],[122.80059944422182,11.011008449229804],[122.80194727899885,11.011008507498303],[122.80194727899885,11.01073908248112],[122.8022147775159,11.010739088447782],[122.8022147775159,11.010469664966934],[122.80194727899885,11.010469658355722],[122.80194727899885,11.009930812780329],[122.80167461402918,11.009930828632205],[122.80167461402918,11.00966140652518],[122.80194727899885,11.009661391330377],[122.80194727899885,11.008583714449271],[122.8022147775159,11.008583725572322],[122.8022147775159,11.00777547921026],[122.8027550242188,11.007775469952628],[122.8027550242188,11.007236646108147],[122.80302252060399,11.007236659477444],[122.80302252060402,11.006697840490089],[122.8027550242188,11.006697825831704],[122.8027550242188,11.006159009123452],[122.80302252060399,11.006159025070918],[122.80302252060402,11.005620213220068],[122.8027550242188,11.005620195983532],[122.8027550242188,11.005350790751743],[122.80302252060402,11.005350808632812],[122.80302252060399,11.005081329936784],[122.8022147775159,11.005081382651367],[122.8022147775159,11.004811977902051],[122.80167461402918,11.004811961123409],[122.80167461402918,11.00454255596472],[122.80059944422182,11.004542567051358],[122.80059944422182,11.004811974800822],[122.80032677562656,11.004811976508444],[122.80032677562656,11.005081385807117],[122.80005918603003,11.005081374420474],[122.80005918603003,11.00615902311564],[122.79897883320518,11.006158990733514],[122.79897883320518,11.00588957461854],[122.79925150542587,11.005889571943442],[122.79925150542587,11.005350743703879],[122.79951901105667,11.005350765819728],[122.79951901105667,11.004542532085072],[122.79979168182454,11.00454253202953],[122.79979168182454,11.004273123226048],[122.80032677562656,11.00427316058769],[122.80032677562656,11.004003678963922],[122.80140711408662,11.004003725591087],[122.80140711408662,11.003464920230268],[122.80167461402918,11.003464869251829],[122.80167461402918,11.003195468554567],[122.8022147775159,11.003195493142837],[122.8022147775159,11.00238722531049],[122.80194727899885,11.002387274362246],[122.80194727899885,11.002117877891274],[122.80167461402918,11.002117874688608],[122.80167461402918,11.001848403454153],[122.80113444766386,11.001848446038972],[122.80113444766386,11.001579049394229],[122.80086694629578,11.001579020207913],[122.80086694629578,11.001848417497131],[122.80059944422182,11.001848463631521],[122.80059944422182,11.002117862457855],[122.80005918603003,11.002117839116462],[122.80005918603003,11.00184843898842],[122.79951901105667,11.00184840263261],[122.79951901105667,11.001579002095518],[122.79897883320518,11.001579038120465],[122.7989788332052,11.001309637174108],[122.79951901105667,11.001309602450837],[122.79951901105667,11.001040203698588],[122.80032677562656,11.001040190017317],[122.80032677562656,11.00050139908295],[122.80113444766386,11.000501396741516],[122.80113444766386,11.000228029681251],[122.80140711408662,11.000228038158145],[122.80140711408662,10.999150406038204],[122.8022147775159,10.999150409516679],[122.8022147775159,10.998881024413631],[122.80329001628317,10.99888097454168],[122.80329001628317,10.999150432048765],[122.80356267690705,10.999150365504518],[122.80356267690705,10.999689206887336],[122.8022147775159,10.999689182400434],[122.8022147775159,10.99995864517783],[122.80302252060399,10.999958629477936],[122.80302252060399,11.000228016204863],[122.8027550242188,11.00022798606778],[122.8027550242188,11.000501424162062],[122.80248236142204,11.000501418011746],[122.80248236142204,11.000770807838562],[122.8027550242188,11.000770813331854],[122.80275502421878,11.001309594348754],[122.80302252060402,11.001309621898141],[122.80302252060399,11.000501378648279],[122.80356267690705,11.000501412963875],[122.80356267690705,10.999958591419986],[122.80383025725449,10.999958610831976],[122.80383025725449,11.000227995612368],[122.80437040925237,11.000228029278244],[122.80437040925237,11.000770773702564],[122.80410291642488,11.00077082148886],[122.80410291642488,11.001309596009557],[122.80356267690705,11.001309652308741],[122.80356267690705,11.00157904220976],[122.8027550242188,11.00157906119368],[122.80275502421878,11.001848453933398],[122.80329001628317,11.001848431132744],[122.8032900162832,11.002117823475563],[122.80356267690705,11.002117824688932],[122.80356267690705,11.00292608009883],[122.80302252060399,11.002926057497953],[122.80302252060399,11.00319545405484],[122.80329001628317,11.003195476769148],[122.80329001628317,11.00346487357379],[122.80302252060399,11.003464926503417],[122.80302252060399,11.003734324845095],[122.80275502421878,11.003734303096687],[122.8027550242188,11.004273103745799],[122.80329001628317,11.004273144341191],[122.8032900162832,11.004811945981034],[122.80356267690705,11.004811940623494],[122.80356267690705,11.00642843801389],[122.8032900162832,11.006428447314027],[122.8032900162832,11.007775493789648],[122.80356267690705,11.00777548120411],[122.80356267690705,11.008044892518132],[122.8032900162832,11.008044905760759],[122.8032900162832,11.008314318623817],[122.80302252060399,11.008314308156113],[122.80302252060402,11.008853137847133],[122.80329001628317,11.008853147025725],[122.80329001628317,11.009122562564531],[122.8027550242188,11.009122545173064],[122.8027550242188,11.00939196289288],[122.80302252060402,11.009391971105755],[122.80302252060402,11.009661389072871],[122.8027550242188,11.009661381504552],[122.8027550242188,11.010739064869538],[122.80302252060399,11.010739069859603],[122.80302252060399,11.01100849228576],[122.8027550242188,11.011008487940266],[122.8027550242188,11.011816762502919],[122.80302252060399,11.01181676491469],[122.80302252060399,11.012624970561067],[122.8032900162832,11.01262497071582],[122.8032900162832,11.012355543584235],[122.80356267690705,11.012355594835425],[122.80356267690705,11.011816744560996],[122.80383025725449,11.011816735591802],[122.80383025725449,11.01154731243695],[122.80463790137378,11.011547292516292],[122.80463790137377,11.011816713724828],[122.8051781351595,11.011816754028368],[122.8051781351595,11.012086174826853],[122.80545079070316,11.012086149401025],[122.80545079070316,11.012355570434034],[122.80571827997261,11.012355568297053],[122.80571827997261,11.013706658986589],[122.80598585462799,11.01370664288675],[122.80598585462799,11.013433243321424],[122.80679348156615,11.013433276912979],[122.80679348156615,11.013163855549191],[122.80733370385875,11.013163809073292],[122.80733370385875,11.013433229135007],[122.80787392327065,11.013433255043447],[122.80787392327065,11.013976070547633],[122.80733370385875,11.013976047262098]],[[122.80706621885415,11.013976055229785],[122.80706621885415,11.013706632727162],[122.80733370385875,11.013706625404124],[122.80733370385875,11.013976047262098],[122.80706621885415,11.013976055229785]],[[122.80248236142207,11.003195506436917],[122.80248236142207,11.00346490518789],[122.8022147775159,11.003464892538563],[122.8022147775159,11.003195493142837],[122.80248236142207,11.003195506436917]],[[122.8051781351595,11.014514902559863],[122.80598585462799,11.014514845872519],[122.80598585462799,11.014784273653083],[122.80571827997261,11.01478429233226],[122.80571827997261,11.01559258295742],[122.8049105583711,11.01559257144522],[122.8049105583711,11.015053706244126],[122.80517813515947,11.015053687897186],[122.8051781351595,11.014514902559863]]]}"
00fc000000000000fcb0,ILOILO_CITY-009,3425.077506,0.09179005102,-15.07252248,0.3677863106,0.2789984405,26.12664229,1.041626548,0,0,0.4114967675,2022,10.74584457,122.5925659,Iloilo City,"{""type"":""Polygon"",""coordinates"":[[[122.58850749947526,10.743938992608756],[122.58877495248441,10.74393898788314],[122.58877495248441,10.743669869917792],[122.58904249107641,10.743669855416757],[122.58904249107641,10.743400664104442],[122.59012290511694,10.743400676778164],[122.59012290511694,10.743131488968816],[122.59147075389575,10.743131493098774],[122.59147075389575,10.742862309433844],[122.59308619948925,10.742862281328525],[122.59308619948925,10.742593102450005],[122.59551445355125,10.742593080060953],[122.59551445355125,10.742862253115746],[122.59658962380716,10.742862321999052],[122.59658962380716,10.743131493387592],[122.59686231826306,10.743131463938564],[122.59686231826306,10.743938981614791],[122.59712983591453,10.743939031820627],[122.59712983591453,10.744750525266749],[122.59686231826306,10.744750551890888],[122.59686231826306,10.745019729023898],[122.59604949514332,10.745019738076984],[122.59604949514332,10.745288918071573],[122.5957819746937,10.74528886980651],[122.5957819746937,10.745558051354598],[122.59551445355125,10.745558078312657],[122.59551445355125,10.746904002941715],[122.59524175553689,10.746903965037433],[122.59524175553689,10.747173153353033],[122.59497423299536,10.747173183523495],[122.59497423299536,10.747442373392722],[122.59470161982502,10.74744232603974],[122.59470161982502,10.747984679553788],[122.5944340958847,10.747984711021033],[122.5944340958847,10.748792220596139],[122.5941665712516,10.7487922536725],[122.5941665712516,10.749330649165648],[122.59362634364712,10.749330649254542],[122.59362634364712,10.749599774761542],[122.59335881692238,10.749599808809052],[122.59335881692238,10.749869010772127],[122.59254596623563,10.749868967468986],[122.59254596623563,10.750676584676311],[122.59227843671347,10.750676545109911],[122.59227843671347,10.750407412725483],[122.59201090649861,10.750407372201602],[122.59201090649861,10.750138165182708],[122.59147075389575,10.750138153908402],[122.59147075389575,10.75040736222259],[122.59119813148114,10.750407392755664],[122.59119813148114,10.749599843491254],[122.5909305984694,10.749599799766695],[122.5909305984694,10.749061461833858],[122.59066306476504,10.749061416510449],[122.59066306476504,10.748792285722109],[122.59039035394593,10.748792246562099],[122.59039035394593,10.748523041127447],[122.59012290511694,10.748523058681482],[122.59012290511694,10.747984724168683],[122.58958265637126,10.747984708135427],[122.58958265637126,10.747173201992977],[122.5893152054521,10.747173140474004],[122.5893152054521,10.746904012849024],[122.58904249107641,10.746903967479769],[122.58904249107641,10.746365638754162],[122.58877495248444,10.746365659680247],[122.58877495248441,10.745288860800285],[122.58850749947526,10.74528886874192],[122.58850749947526,10.743938992608756]]]}"
00fc000000000000fd19,DUMANGAS-109,3425.077506,1.615087972,-7.144482982,0.3449774562,1.622940319,26.12664229,1.041626548,0,286.3992819,1.373431833,2022,10.86873493,122.7804664,Dumangas,"{""type"":""Polygon"",""coordinates"":[[[122.77607502252772,10.86952611084992],[122.77607502252772,10.868987555203631],[122.77661523618104,10.868987551530687],[122.77661523618104,10.86844900210221],[122.77634250313656,10.868449016390706],[122.77634250313659,10.868175735661131],[122.77661523618102,10.868175722040005],[122.77661523618104,10.86763717805815],[122.77688271536759,10.867637117686316],[122.77688271536759,10.867906426026112],[122.77715027996649,10.867906429313665],[122.77715027996649,10.867637121619028],[122.77742292472603,10.867637118596704],[122.77742292472603,10.867367887353437],[122.77688271536759,10.867367885140808],[122.77688271536759,10.867098578607951],[122.77715027996649,10.86709858383081],[122.77715027996649,10.866290671589487],[122.77795796425755,10.866290694826398],[122.77795796425755,10.866021394500793],[122.77849816789795,10.866021400632759],[122.77849816789795,10.86629069965575],[122.77903828255046,10.8662907134485],[122.77903828255046,10.86656001207276],[122.77984603794343,10.866560016286114],[122.77984603794343,10.866829313866155],[122.78092642226748,10.866829307903062],[122.78092642226748,10.867098528893592],[122.78173407653038,10.867098607556883],[122.78173407653038,10.866829313626315],[122.78200162834933,10.866829313698286],[122.78200162834936,10.866560021316552],[122.78092642226748,10.866560012928398],[122.78092642226748,10.866021425689974],[122.78146144334345,10.866021441582234],[122.78146144334345,10.865752150608698],[122.78173407653038,10.865752146940276],[122.78173407653038,10.865482857527917],[122.78200162834933,10.865482860826022],[122.78200162834933,10.865213572962576],[122.78280936017225,10.865213576228145],[122.78280936017225,10.864674932224107],[122.7833495380074,10.864674933169082],[122.7833495380074,10.864405651267775],[122.78361699945852,10.86440566548331],[122.78361699945852,10.862516753266986],[122.7833495380074,10.862516734527004],[122.7833495380074,10.86224745986958],[122.78308198974014,10.862247450429148],[122.78308198974014,10.861708827654311],[122.7825418104816,10.861708886596256],[122.7825418104816,10.86143961270268],[122.78227426008597,10.861439600361905],[122.78227426008597,10.861170326727082],[122.78200162834936,10.861170319865856],[122.78200162834933,10.860900971596303],[122.78173407653038,10.860901032201228],[122.78173407653038,10.860631759071733],[122.7811938901012,10.860631734671562],[122.78119389010124,10.860093188519372],[122.78146144334345,10.86009313049553],[122.78146144334345,10.85982385942095],[122.78173407653038,10.859823870227023],[122.78173407653038,10.859285332105012],[122.78227426008597,10.859285286836739],[122.78227426008597,10.859554629022604],[122.7825418104816,10.85955457100032],[122.7825418104816,10.859823838565283],[122.7833495380074,10.859823878871829],[122.7833495380074,10.859554613254737],[122.78361699945852,10.859554564210905],[122.78361699945852,10.859285300143114],[122.78388971296859,10.859285299380018],[122.78388971296859,10.860362433324157],[122.78415717299667,10.86036245657939],[122.78415717299667,10.860631722960935],[122.78442988505577,10.860631718251533],[122.78442988505577,10.86090098487934],[122.78469742977097,10.860900995936477],[122.78469742977097,10.86143960549349],[122.78442988505577,10.861439595726996],[122.78442988505577,10.86197813531084],[122.78415717299667,10.861978143309171],[122.78415717299667,10.863055310836497],[122.78469742977097,10.863055306101812],[122.78469742977097,10.863867099924565],[122.78496488767111,10.863867113820534],[122.78496488767111,10.86440566712026],[122.78469742977097,10.864405654514327],[122.78469742977097,10.864674933164835],[122.78442988505577,10.864675006034142],[122.78442988505577,10.864944286233893],[122.78415717299667,10.864944301477687],[122.78415717299667,10.865213583238928],[122.78388971296859,10.865213571603661],[122.78388971296859,10.865752139127235],[122.7833495380074,10.86575214469639],[122.7833495380074,10.866021431116463],[122.78308198974014,10.866021430719005],[122.78308198974014,10.866290718687974],[122.78280936017228,10.866290725312117],[122.78280936017225,10.86656001484224],[122.7825418104816,10.866560015089982],[122.7825418104816,10.866829306168965],[122.78227426008597,10.866829306742318],[122.78227426008597,10.86709859937014],[122.78200162834933,10.867098532096596],[122.78200162834933,10.867637121377497],[122.78227426008597,10.867637187336515],[122.78227426008597,10.868175704029234],[122.78200162834933,10.868175714272597],[122.78200162834936,10.870334016274143],[122.78227426008597,10.870334000761044],[122.78227426008597,10.870603305146847],[122.7825418104816,10.87060329553079],[122.7825418104816,10.871141905721881],[122.78280936017225,10.871141894495597],[122.78280936017225,10.871680507009376],[122.7825418104816,10.871680519526212],[122.7825418104816,10.87194975289211],[122.78280936017225,10.87194981462118],[122.78280936017225,10.872219048244983],[122.7825418104816,10.872219062052197],[122.7825418104816,10.872488372115523],[122.78280936017225,10.872488357663018],[122.78280936017225,10.873026979208737],[122.7825418104816,10.87302699495181],[122.7825418104816,10.873296232832294],[122.78280936017228,10.873296216444112],[122.78280936017225,10.873838812725031],[122.7825418104816,10.873838830413305],[122.7825418104816,10.874108071015533],[122.78280936017225,10.874108127575163],[122.78280936017225,10.874646685091212],[122.78227426008597,10.87464672401942],[122.78227426008597,10.874915967975033],[122.78173407653038,10.874916013979245],[122.78173407653038,10.87518526013991],[122.78092642226748,10.875185314851786],[122.78092642226748,10.874646669748786],[122.7806537007986,10.874646704424503],[122.78065370079857,10.874377382569836],[122.78038623154211,10.87437738869789],[122.78038623154211,10.874108067101313],[122.77984603794343,10.874108104641092],[122.77984603794343,10.873565567037572],[122.77903828255046,10.873565538600678],[122.77903828255046,10.873296291370862],[122.77823060684929,10.873296247798903],[122.77823060684929,10.873026999524852],[122.77877080903974,10.873026971112749],[122.77877080903974,10.872488404983292],[122.77849816789795,10.872488346595764],[122.77849816789795,10.872219101675437],[122.77823060684929,10.872219110330382],[122.77823060684929,10.871411229263803],[122.77903828255046,10.871411211573191],[122.77903828255046,10.870603344477447],[122.77823060684929,10.87060328143279],[122.77823060684929,10.870872596473108],[122.77849816789795,10.870872591044037],[122.77849816789795,10.871141906342508],[122.77769040178599,10.871141930407374],[122.77769040178599,10.8716804927159],[122.77742292472603,10.871680488844357],[122.77742292472603,10.872219056054842],[122.77715027996649,10.872219070262702],[122.77715027996649,10.87248839332752],[122.77742292472603,10.872488378462187],[122.77742292472603,10.872757701772784],[122.77688271536759,10.872757650734176],[122.77688271536759,10.872488401016637],[122.77661523618104,10.872488398114738],[122.77661523618104,10.871411181009288],[122.77634250313659,10.871411202531592],[122.77634250313656,10.871141881131905],[122.77607502252772,10.871141874360047],[122.77607502252772,10.870872628113299],[122.77634250313659,10.870872635529908],[122.77634250313659,10.870333997246867],[122.77607502252772,10.870333988540397],[122.77607502252772,10.870064745002818],[122.77580237415083,10.870064752310277],[122.77580237415083,10.86979543412467],[122.77553480600199,10.86979543375174],[122.77553480600199,10.869526115824426],[122.77607502252772,10.86952611084992]],[[122.78092642226748,10.868718292267005],[122.78065370079857,10.868718312463264],[122.7806537007986,10.868449010492895],[122.78092642226748,10.868448990954382],[122.78092642226748,10.868718292267005]],[[122.77930584147157,10.867367840480462],[122.77903828255046,10.867367838478051],[122.77903828255046,10.867098537143175],[122.77930584147157,10.867098539790778],[122.77930584147157,10.867367840480462]],[[122.77849816789795,10.867098602146624],[122.77849816789795,10.86763713343541],[122.77823060684929,10.867637131113181],[122.77823060684929,10.867098598534211],[122.77849816789795,10.867098602146624]],[[122.77823060684929,10.868175742196001],[122.77795796425755,10.868175747516563],[122.77795796425755,10.867637135118834],[122.77823060684929,10.867637131113181],[122.77823060684929,10.868175742196001]],[[122.77769040178599,10.870603296818027],[122.77769040178599,10.870334056271348],[122.77823060684929,10.870334042188416],[122.77823060684929,10.87060328143279],[122.77769040178599,10.870603296818027]],[[122.77795796425755,10.868448949402408],[122.77769040178599,10.868448948379614],[122.77769040178599,10.86817574583926],[122.77795796425755,10.868175747516563],[122.77795796425755,10.868448949402408]],[[122.77742292472603,10.867098582123173],[122.77769040178599,10.86709859696732],[122.77769040178599,10.867367826662491],[122.77742292472603,10.867367887353437],[122.77742292472603,10.867098582123173]],[[122.77742292472603,10.868987557194547],[122.77715027996649,10.868987563513608],[122.77715027996649,10.868718252191764],[122.77742292472603,10.868718246530152],[122.77742292472603,10.868987557194547]],[[122.77634250313659,10.869526121490976],[122.77634250313659,10.869795437470781],[122.77607502252772,10.869795427474648],[122.77607502252772,10.86952611084992],[122.77634250313659,10.869526121490976]],[[122.77957848044537,10.867906438266509],[122.77930584147157,10.86790644457057],[122.77930584147157,10.868175747970955],[122.77903828255046,10.86817574790414],[122.77903828255046,10.867637140716518],[122.77957848044537,10.867637136427147],[122.77957848044537,10.867906438266509]],[[122.78361699945852,10.859823904061933],[122.78361699945852,10.86063170440261],[122.78388971296859,10.860631700350682],[122.78388971296859,10.86117031199596],[122.78415717299667,10.861170333316068],[122.78415717299667,10.861439602409824],[122.78388971296859,10.8614395817347],[122.78388971296859,10.861978123924025],[122.7833495380074,10.861978111234713],[122.7833495380074,10.861439566439943],[122.78361699945852,10.861439587760032],[122.78361699945852,10.861170317363548],[122.7833495380074,10.861170295398484],[122.7833495380074,10.859823878871829],[122.78361699945852,10.859823904061933]]]}"
00fc000000000000fd2a,DUMANGAS-110,3425.077506,3.503781997,-2.389217326,0.2825340681,2.606556714,26.12664229,1.041626548,0,0,1.431713487,2022,10.83885484,122.7483987,Dumangas,"{""type"":""Polygon"",""coordinates"":[[[122.75424637064712,10.846348117669315],[122.75262588140576,10.84634809736457],[122.75262588140576,10.84607887783878],[122.75235833841667,10.846078857641754],[122.75235833841667,10.845001761349126],[122.75209079472461,10.845001738254652],[122.75209079472461,10.844463231692963],[122.75155062307375,10.844463261849569],[122.75155062307375,10.844732478536196],[122.75127799508805,10.844732458834725],[122.75127799508805,10.845001751969827],[122.74993525930653,10.845001771385006],[122.74993525930653,10.844732475014354],[122.74966254085629,10.844732463588606],[122.74966254085629,10.844463242353731],[122.74912235632475,10.844463191778354],[122.74912235632475,10.844193970147241],[122.7488548902714,10.844193931022888],[122.7488548902714,10.843924709652473],[122.74858733737486,10.84392467980241],[122.74858733737486,10.843655383804947],[122.74831470145627,10.843655432763647],[122.74831470145627,10.843382167979355],[122.74804714714074,10.843382211074251],[122.74804714714074,10.842843621029282],[122.74777450977625,10.842843667351383],[122.74777450977625,10.842574373030002],[122.74723948374648,10.842574368622062],[122.74723948374648,10.84230507391706],[122.74669928636442,10.842305081966824],[122.74669928636442,10.8425743779734],[122.7461590861178,10.842574386024786],[122.7461590861178,10.843112908468836],[122.74643172780586,10.843112938339805],[122.74643172780586,10.843382162818576],[122.74669928636442,10.843382196537382],[122.74669928636442,10.844732523111514],[122.74643172780586,10.844732492624532],[122.74643172780586,10.845001797436886],[122.74615908611781,10.845001772172603],[122.7461590861178,10.845271003656414],[122.74561888300673,10.845271023440834],[122.74561888300673,10.845540332021939],[122.74508384565574,10.845540336672556],[122.74508384565574,10.845809572556126],[122.74481120036062,10.845809547623997],[122.74481120036062,10.846078859961262],[122.74508384565574,10.846078884236602],[122.74508384565574,10.846886674923697],[122.7453514077542,10.846886626969793],[122.7453514077542,10.84742518229394],[122.74508384565574,10.847425231537239],[122.74508384565574,10.847963791770429],[122.74427099010285,10.847963726751285],[122.74427099010285,10.848237017049463],[122.74346329677194,10.848237010743375],[122.74346329677194,10.847963718470677],[122.74319581586073,10.847963756513114],[122.74319581586073,10.847155941324399],[122.74292824810186,10.847155912458991],[122.74292824810186,10.846617422164737],[122.74265559703896,10.846617396583143],[122.74265559703896,10.84634815213653],[122.74158040575317,10.846348083724957],[122.74158040575317,10.846617405655808],[122.74184789090432,10.84661737276045],[122.74184789090432,10.847425192259772],[122.74158040575317,10.847425227088245],[122.74158040575317,10.847963729303322],[122.74050003426785,10.847963761315173],[122.74050003426785,10.847694507153333],[122.73995980115686,10.847694450129781],[122.73995980115686,10.847425195571796],[122.73915207365893,10.847425242777797],[122.73915207365893,10.8468866575884],[122.73861191955335,10.846886658076047],[122.73861191955335,10.847155914070477],[122.73807684541586,10.847155909746117],[122.73807684541586,10.846348140611536],[122.73834442591036,10.84634810229923],[122.73834442591036,10.845271017135536],[122.73807684541586,10.845271052869698],[122.73807684541586,10.845001801920597],[122.73780418137562,10.845001766503852],[122.73780418137565,10.845540345516394],[122.73753668561335,10.845540296118976],[122.73753668561335,10.845271042964294],[122.73726402012853,10.845271007547591],[122.73726402012853,10.845001754641284],[122.73699652294907,10.845001778208196],[122.73699652294907,10.844732525562542],[122.73726402012853,10.84473250263986],[122.73726402012853,10.84446325154333],[122.73645635742314,10.844463257413969],[122.73645635742314,10.844193930381289],[122.73564860216855,10.844193941634064],[122.73564860216855,10.843924688457635],[122.73484092666794,10.843924684625177],[122.73484092666794,10.843655430408896],[122.73510842950222,10.84365541263185],[122.73510842950222,10.843382190460694],[122.73564860216855,10.843382215334813],[122.73564860216855,10.843655436186166],[122.73592127197323,10.84365540260879],[122.73592127197323,10.843924654223565],[122.73618877197353,10.84392470941116],[122.73618877197353,10.843655458440338],[122.73699652294907,10.84365544913379],[122.73699652294907,10.843924698159492],[122.73753668561335,10.843924715868921],[122.73753668561335,10.844193964498885],[122.73780418137562,10.84419394222114],[122.73780418137562,10.844463266007308],[122.73861191955335,10.844463245051706],[122.73861191955335,10.844732492902317],[122.73888458143324,10.844732527994056],[122.73888458143324,10.84527102509693],[122.73915207365893,10.84527107353124],[122.73915207365893,10.845809572965484],[122.73942473409411,10.845809604774598],[122.73942473409411,10.846348106515045],[122.73969231105072,10.8463481414921],[122.73969231105072,10.84661739307523],[122.73995980115686,10.846617362429999],[122.73995980115686,10.847155941918501],[122.74050003426785,10.84715592664748],[122.74050003426785,10.847425178999702],[122.7410401783684,10.847425246261528],[122.7410401783684,10.847155920314046],[122.74130766493737,10.847155961669518],[122.74130766493737,10.846886637271476],[122.7410401783684,10.846886670167375],[122.7410401783684,10.846078850260932],[122.74076752225436,10.846078821071522],[122.74076752225436,10.845271007339795],[122.7410401783684,10.845271038499],[122.7410401783684,10.845809603733516],[122.74319581586073,10.845809575809575],[122.74319581586073,10.846078817145287],[122.74346329677194,10.846078858506973],[122.74346329677194,10.846348100103361],[122.74400351131182,10.846348155195322],[122.74400351131182,10.847155956403999],[122.7445436368435,10.847155941637347],[122.7445436368435,10.846886699928403],[122.74427099010282,10.84688667696663],[122.74427099010285,10.845540328925416],[122.7445436368435,10.845540280278541],[122.7445436368435,10.845271043998823],[122.74508384565574,10.845271026802388],[122.74508384565574,10.84500179272866],[122.7453514077542,10.8450017492875],[122.7453514077542,10.844732516763186],[122.74589152614047,10.844732510462496],[122.74589152614047,10.844463205253899],[122.7461590861178,10.844463237029544],[122.74615908611781,10.84392470550689],[122.7453514077542,10.84392467483946],[122.7453514077542,10.842574345600628],[122.74561888300673,10.842574392776196],[122.74561888300673,10.84230509416652],[122.7461590861178,10.84230508871665],[122.7461590861178,10.842035867201654],[122.74643172780586,10.842035824811937],[122.74643172780586,10.841766604858803],[122.74669928636442,10.841766567557205],[122.74669928636442,10.84149727426692],[122.74723948374648,10.841497345007918],[122.74723948374648,10.841766562110227],[122.74777450977625,10.841766570385065],[122.74777450977625,10.842035861990231],[122.74804714714074,10.84203581763913],[122.74804714714074,10.842305109492747],[122.7488548902714,10.842305131925903],[122.7488548902714,10.84284363957062],[122.7493950762215,10.842843623730406],[122.7493950762215,10.843112915052332],[122.74966254085629,10.843112956119281],[122.74966254085629,10.843382172815742],[122.74993525930653,10.843382187536264],[122.74993525930653,10.843655448358277],[122.75020272252262,10.843655412596739],[122.75020272252262,10.843924704701946],[122.75074290132368,10.843924680392574],[122.7507429013237,10.843382205627876],[122.75047027117546,10.843382181651403],[122.75047027117546,10.843112892014911],[122.74993525930653,10.843112896610586],[122.74993525930653,10.842843681476197],[122.74966254085629,10.842843665441684],[122.74966254085629,10.84257437566953],[122.7493950762215,10.842574408199898],[122.7493950762215,10.840150984964511],[122.74966254085629,10.840150958234952],[122.74966254085629,10.839881752400961],[122.74993525930653,10.839881700779623],[122.74993525930653,10.839612421625048],[122.75047027117546,10.839612433787362],[122.75047027117546,10.839343156827576],[122.75155062307375,10.839343149914669],[122.75155062307375,10.839073951345126],[122.75209079472461,10.839073947240651],[122.75209079472461,10.838804675996961],[122.75181816818517,10.838804642491866],[122.75181816818517,10.83853140282673],[122.75074290132368,10.838531398472885],[122.75074290132368,10.83826220068709],[122.75047027117546,10.838262164221723],[122.75047027117546,10.837992891803559],[122.74993525930653,10.837992871887867],[122.74993525930653,10.837723599086354],[122.74966254085629,10.837723645439732],[122.74966254085629,10.83718510123948],[122.7493950762215,10.837185120869789],[122.7493950762215,10.835300240191383],[122.74966254085629,10.835300299951838],[122.74966254085629,10.834492509468497],[122.74993525930653,10.834492471002386],[122.74993525930653,10.833142206466821],[122.74966254085629,10.833142241636887],[122.74966254085629,10.832872984498046],[122.7493950762215,10.832872993806554],[122.7493950762215,10.832603662052653],[122.74831470145627,10.83260366831812],[122.74831470145627,10.832334409744007],[122.74750695404178,10.83233446306392],[122.74750695404178,10.831526686939267],[122.74723948374648,10.831526690459077],[122.74723948374648,10.830718920556949],[122.74777450977625,10.830718906840486],[122.74777450977625,10.83044965330814],[122.74723948374648,10.830449665735422],[122.74723948374648,10.83018033694436],[122.74750695404178,10.830180411522717],[122.74750695404178,10.829911084282854],[122.74777450977625,10.829911148962317],[122.74777450977625,10.829641823273917],[122.74804714714074,10.82964188403868],[122.74804714714074,10.829368666438748],[122.74831470145627,10.829368656898652],[122.74831470145627,10.829099409212951],[122.74912235632475,10.82909938659994],[122.74912235632475,10.828560897840008],[122.7493950762215,10.828560874508618],[122.7493950762215,10.82829163214547],[122.74966254085629,10.828291633803314],[122.74966254085629,10.82802239299107],[122.75209079472461,10.828022365210078],[122.75209079472461,10.828291600170825],[122.7528985057825,10.828291634472878],[122.7528985057825,10.828022401458457],[122.75343358821871,10.828022376956836],[122.75343358821871,10.827753071268988],[122.75397374987969,10.827753117364331],[122.75397374987969,10.827483888754136],[122.75451390867462,10.827483859983921],[122.75451390867462,10.827214633582024],[122.75532160050815,10.827214592092936],[122.75532160050815,10.82694536854415],[122.75586183828558,10.826945328914686],[122.75586183828558,10.826676107574503],[122.75801742048733,10.826676126018683],[122.75801742048733,10.826945342163699],[122.75882508451821,10.826945364897702],[122.75882508451821,10.827214580002593],[122.7604405656097,10.827214592417398],[122.7604405656097,10.827483879399402],[122.76125337821031,10.827483874864246],[122.76125337821031,10.827753085929235],[122.76152089781752,10.827753139401834],[122.76152089781752,10.828022350728537],[122.75936530369835,10.828022402094362],[122.75936530369837,10.82775311070632],[122.7590977784233,10.827753129532095],[122.7590977784233,10.828022346699337],[122.75882508451821,10.82802238048782],[122.75882508451821,10.827753087797415],[122.75828494860268,10.827753128230135],[122.75828494860268,10.827483835144278],[122.75693705108199,10.827483860479],[122.75693705108199,10.827214565050408],[122.75559430380076,10.827214564527045],[122.75559430380076,10.827483863192661],[122.75532160050815,10.82748389141605],[122.75532160050815,10.827753116777963],[122.75451390867462,10.827753087292264],[122.75451390867462,10.82802239037595],[122.75424637064712,10.828022404071993],[122.75424637064712,10.828291633838207],[122.75370621043261,10.828291591001703],[122.75370621043261,10.828560897845874],[122.75235833841667,10.828560898489293],[122.75235833841667,10.8288301346183],[122.7507429013237,10.828830141885065],[122.75074290132368,10.828560901863227],[122.75020272252262,10.828560851905726],[122.75020272252262,10.828830168101634],[122.74993525930653,10.828830093503049],[122.74993525930653,10.829368655031082],[122.74966254085629,10.829368680989733],[122.74966254085629,10.829911140904011],[122.7493950762215,10.829911143122782],[122.7493950762215,10.830180390937672],[122.74912235632475,10.830180343347758],[122.74912235632475,10.830449667600739],[122.7488548902714,10.830449595590581],[122.7488548902714,10.831526679619813],[122.7493950762215,10.831526643606146],[122.7493950762215,10.831795896858516],[122.74993525930653,10.831795933120189],[122.74993525930653,10.832065185977227],[122.75020272252262,10.832065177959297],[122.75020272252262,10.832334431077976],[122.75047027117546,10.832334411869628],[122.75047027117546,10.832872994412043],[122.75101044855734,10.832872948005768],[122.75101044855734,10.833949969005054],[122.75074290132368,10.83394999272538],[122.75074290132368,10.835569523834955],[122.75047027117546,10.835569555680163],[122.75047027117546,10.836915811188693],[122.75074290132368,10.836915850938148],[122.75074290132368,10.83718511907635],[122.75101044855734,10.837185087608958],[122.75101044855734,10.83745435600816],[122.75181816818517,10.83745440283764],[122.75181816818517,10.837723670196423],[122.75209079472461,10.837723631458758],[122.75209079472461,10.837992899066212],[122.75235833841667,10.837992864058867],[122.75235833841667,10.83826213192724],[122.7528985057825,10.838262129804066],[122.7528985057825,10.83907390359699],[122.75316604735215,10.839073939918872],[122.75316604735215,10.839612479940941],[122.75235833841667,10.839612453559152],[122.75235833841667,10.839881726874964],[122.75047027117546,10.839881711652797],[122.75047027117546,10.840150990423865],[122.75020272252262,10.840150953466873],[122.75020272252262,10.840958797147405],[122.74993525930653,10.840958751569989],[122.74993525930653,10.841766605333566],[122.75020272252262,10.841766574093315],[122.75020272252262,10.842035859847634],[122.75047027117546,10.842035817408028],[122.75047027117546,10.842305103423],[122.75074290132368,10.842305130026707],[122.75074290132368,10.842574416290297],[122.75101044855734,10.84257437191741],[122.75101044855734,10.842843658441607],[122.75127799508805,10.842843613105176],[122.75127799508805,10.843112899889947],[122.75155062307375,10.843112923541979],[122.75155062307375,10.843655392562024],[122.75181816818517,10.843655419523431],[122.75181816818517,10.843924707735988],[122.75235833841667,10.843924679538897],[122.75235833841667,10.844193967355043],[122.75262588140576,10.844193917178838],[122.75262588140576,10.845001784124529],[122.7528985057825,10.845001801531351],[122.7528985057825,10.845271016780769],[122.75316604735215,10.845271038267516],[122.75316604735215,10.845540328663436],[122.75370621043261,10.845540289412272],[122.75370621043261,10.845809579411602],[122.75397374987969,10.845809598645959],[122.75397374987969,10.846078814019652],[122.75424637064712,10.846078827161428],[122.75424637064712,10.846348117669315]],[[122.75181816818517,10.844193921968031],[122.75155062307375,10.844193971181712],[122.75155062307375,10.84392468141919],[122.75181816818517,10.843924707735988],[122.75181816818517,10.844193921968031]],[[122.75127799508805,10.844463241491402],[122.75101044855734,10.844463215819637],[122.75101044855734,10.844193923850296],[122.75127799508805,10.844193950166666],[122.75127799508805,10.844463241491402]],[[122.74777450977625,10.830180400682075],[122.74804714714074,10.830180385257933],[122.74804714714074,10.83044963722702],[122.74777450977625,10.83044965330814],[122.74777450977625,10.830180400682075]],[[122.73753668561335,10.84500179071447],[122.73753668561335,10.844732464473585],[122.73780418137562,10.844732515803136],[122.73780418137562,10.845001766503852],[122.73753668561335,10.84500179071447]]]}"
00fc000000000000fd53,BAROTAC_NUEVO-018,3425.077506,0,-5.688856004,0.3167859245,0,26.12664229,1.041626548,0,0,0.508801826,2022,10.93802529,122.7528904,Barotac Nuevo,"{""type"":""Polygon"",""coordinates"":[[[122.75828494860268,10.938516207340674],[122.75882508451821,10.938516231045819],[122.75882508451821,10.939054960017994],[122.75828494860268,10.939054938913705],[122.75828494860268,10.939324306046334],[122.75855755782287,10.939324311375412],[122.75855755782287,10.940132341217817],[122.75828494860268,10.940132337857614],[122.75828494860268,10.940401708579428],[122.75801742048733,10.940401696031616],[122.75801742048733,10.94067106829483],[122.75774989166868,10.940671056069538],[122.75774989166868,10.94094042987413],[122.75747719415166,10.94094043782093],[122.75747719415166,10.94147911446248],[122.75720975004634,10.941479093192413],[122.75720975004634,10.942017849682768],[122.75693705108199,10.942017784620527],[122.75693705108199,10.942287164867874],[122.75559430380076,10.942287197868476],[122.75559430380076,10.942017814388274],[122.75532160050815,10.942017822320413],[122.75532160050815,10.941479131712665],[122.75397374987969,10.941479079763695],[122.75397374987969,10.941209770048435],[122.75262588140576,10.941209781668636],[122.75262588140576,10.940940394630823],[122.75209079472461,10.94094043316145],[122.75209079472461,10.940671045732703],[122.75155062307375,10.940671016088826],[122.75155062307375,10.940401703232792],[122.75127799508805,10.940401691947761],[122.75127799508805,10.939862992638867],[122.75047027117546,10.939863009191463],[122.75047027117546,10.940132322853453],[122.75020272252262,10.940132375245238],[122.75020272252262,10.940401690448146],[122.7488548902714,10.940401659177942],[122.7488548902714,10.940132340731648],[122.74804714714074,10.9401323504373],[122.74804714714074,10.939862955966673],[122.74750695404178,10.93986298758769],[122.74750695404178,10.93959359271412],[122.74723948374648,10.939593629934953],[122.74723948374648,10.939324235314912],[122.74750695404178,10.939324273715325],[122.74750695404178,10.93905495561349],[122.74804714714074,10.939054927892801],[122.74804714714074,10.938246832917232],[122.74831470145627,10.938246862599465],[122.74831470145627,10.937169467753781],[122.74858733737486,10.937169490541208],[122.74858733737486,10.936900107242023],[122.7488548902714,10.936900064519978],[122.7488548902714,10.936630757736493],[122.74912235632475,10.936630725657974],[122.74912235632475,10.936361420415368],[122.75020272252262,10.936361381830945],[122.75020272252262,10.935822704264924],[122.74993525930653,10.935822660736669],[122.74993525930653,10.935549386615742],[122.74966254085629,10.935549371852307],[122.74966254085629,10.935280071512121],[122.7493950762215,10.935280026038301],[122.7493950762215,10.935010650979775],[122.74912235632475,10.935010709214248],[122.74912235632475,10.934471960477104],[122.7488548902714,10.93447198739532],[122.7488548902714,10.93393331593288],[122.74858733737486,10.933933276589018],[122.74858733737486,10.933125236710293],[122.7488548902714,10.933125277985647],[122.7488548902714,10.932855908808477],[122.7493950762215,10.932855907741827],[122.7493950762215,10.932586540762838],[122.75047027117546,10.932586556600912],[122.75047027117546,10.933394577497213],[122.75101044855734,10.933394569913109],[122.75101044855734,10.933663935696915],[122.75127799508805,10.933663972773333],[122.75127799508802,10.933933263841224],[122.75155062307375,10.933933290883836],[122.75155062307375,10.934202657162867],[122.75181816818517,10.93420261733276],[122.75181816818517,10.934471983865375],[122.75209079472461,10.934472008934321],[122.75209079472461,10.934741375708477],[122.75262588140576,10.934741366822706],[122.75262588140576,10.935280025517738],[122.75370621043261,10.93528005534977],[122.75370621043261,10.935549420927986],[122.75397374987969,10.935549375288453],[122.75397374987969,10.93609208125903],[122.75451390867462,10.936092052155912],[122.75451390867462,10.935822686713873],[122.75559430380076,10.93582269182581],[122.75559430380076,10.936630783041624],[122.75586183828558,10.936630732548322],[122.75586183828558,10.937169463224937],[122.75693705108199,10.937169468454455],[122.75693705108199,10.93743883255043],[122.75720975004634,10.937438833800167],[122.75720975004634,10.93770812316778],[122.75747719415166,10.937708153450865],[122.75747719415166,10.937977518041244],[122.75774989166868,10.937977517316444],[122.75774989166868,10.93824688214774],[122.75828494860268,10.938246842900313],[122.75828494860268,10.938516207340674]],[[122.75828494860268,10.93878557267848],[122.75801742048733,10.938785556266373],[122.75801742048733,10.938516190284492],[122.75828494860268,10.938516207340674],[122.75828494860268,10.93878557267848]],[[122.75316604735215,10.939054895274701],[122.75343358821871,10.939054916873179],[122.75343358821871,10.939593600421935],[122.75235833841667,10.939593601568752],[122.75235833841667,10.939324294244683],[122.75316604735215,10.93932427473117],[122.75316604735215,10.939054895274701]],[[122.75316604735215,10.939862961362326],[122.75343358821871,10.939862981028975],[122.75343358821871,10.940401669960828],[122.75370621043261,10.940401678605967],[122.75370621043261,10.940671061248569],[122.75424637064712,10.940671085661315],[122.75424637064712,10.94040170431902],[122.75478144599906,10.940401663184382],[122.75478144599906,10.94067104323837],[122.75451390867462,10.940671027123614],[122.75451390867462,10.940940408718955],[122.75343358821871,10.94094036248107],[122.75343358821871,10.940671053259711],[122.75316604735215,10.940671035524911],[122.75316604735215,10.94040172655655],[122.7528985057825,10.940401707856305],[122.7528985057825,10.940132324166505],[122.75316604735215,10.940132343510752],[122.75316604735215,10.939862961362326]]]}"
00fc000000000000fd71,DUMANGAS-111,3425.077506,0.8841909449,-10.43103128,0.3747421844,1.310417916,26.12664229,1.041626548,0,552.6755627,0.4858144751,2022,10.8379893,122.7631223,Dumangas,"{""type"":""Polygon"",""coordinates"":[[[122.75963282827004,10.842035810494453],[122.76071316905471,10.842035872973113],[122.76071316905471,10.840689505027857],[122.7604405656097,10.840689486593282],[122.7604405656097,10.840420230039264],[122.76098069008246,10.840420272914848],[122.76098069008246,10.839881690251165],[122.76152089781752,10.839881724193098],[122.76152089781752,10.839343147756978],[122.7604405656097,10.839343212878637],[122.7604405656097,10.839073885977133],[122.76071316905471,10.839073908353837],[122.76071316905471,10.838804657890488],[122.76125337821031,10.838804622809715],[122.76125337821031,10.83853140621906],[122.7604405656097,10.838531416278078],[122.7604405656097,10.837992918592363],[122.76178841672126,10.837992895164483],[122.76178841672127,10.838262140305616],[122.76232862016724,10.83826218013527],[122.76232862016724,10.83718513534051],[122.76206110268409,10.83718510541617],[122.76206110268409,10.834761745666833],[122.76178841672127,10.834761724637671],[122.76178841672126,10.834492491272805],[122.76206110268409,10.834492512959185],[122.76206110268409,10.834223206287776],[122.76178841672126,10.834223258813855],[122.76178841672127,10.833949984302265],[122.76125337821031,10.833949982223512],[122.76125337821031,10.833411519283272],[122.76071316905471,10.833411453410623],[122.76071316905471,10.8331422219976],[122.7604405656097,10.833142185147228],[122.7604405656097,10.832872953983278],[122.76071316905471,10.832872991490595],[122.76071316905471,10.832603687020562],[122.7604405656097,10.832603723725367],[122.7604405656097,10.832334419504514],[122.76071316905471,10.832334458325892],[122.76071316905471,10.832065155668731],[122.76098069008246,10.832065199459207],[122.76098069008246,10.831795898353494],[122.76071316905471,10.831795928786471],[122.76071316905471,10.831526702810311],[122.7604405656097,10.831526662017946],[122.7604405656097,10.830718912688011],[122.76017304316177,10.830718865030411],[122.76017304316177,10.830449641377525],[122.75990552001043,10.830449667624078],[122.75990552001043,10.830180369365152],[122.75963282827007,10.830180409403145],[122.75963282827004,10.829911111393356],[122.75990552001043,10.829911146880033],[122.75990552001043,10.828830148368056],[122.75963282827007,10.828830110242741],[122.75963282827007,10.829368625022491],[122.7590977784233,10.829368670732066],[122.7590977784233,10.828560858619268],[122.76017304316177,10.828560908705928],[122.76017304316177,10.828830126000934],[122.76071316905471,10.828830150687605],[122.76071316905471,10.829099367587101],[122.76098069008246,10.829099418479297],[122.76098069008246,10.829641896477693],[122.76125337821031,10.829641856119352],[122.76125337821031,10.82936867081505],[122.76152089781752,10.829368645553478],[122.76152089781752,10.829911122754272],[122.76178841672127,10.829911095874783],[122.76178841672127,10.830180388687317],[122.76286882074454,10.830180395478227],[122.76286882074454,10.830988121808817],[122.76313633610354,10.830988165610577],[122.76313633610354,10.832603713740527],[122.76286882074454,10.832603673807544],[122.76286882074454,10.832872973080045],[122.76260130468201,10.832872933473174],[122.76260130468201,10.833949992469673],[122.76286882074454,10.833950029497332],[122.76286882074454,10.835300301090523],[122.76313633610354,10.83530025969592],[122.76313633610354,10.835569492529538],[122.76367653239132,10.835569542137033],[122.76367653239132,10.835300235735803],[122.7642166396826,10.835300295579975],[122.7642166396826,10.835030991387214],[122.76448423762402,10.835031013667605],[122.76448423762402,10.834761711026376],[122.76475683023281,10.834761739015875],[122.76475683023281,10.834223212634859],[122.76448423762402,10.834223183331147],[122.76448423762402,10.833680766148293],[122.7642166396826,10.833680740633097],[122.7642166396826,10.83341151675888],[122.76394404562602,10.83341148481857],[122.76394404562599,10.832872963606915],[122.76448423762402,10.832872949444939],[122.76448423762402,10.833411468051763],[122.76502434062604,10.833411460218704],[122.76502434062607,10.833680757012855],[122.7652919364423,10.833680706698537],[122.7652919364423,10.833950003753714],[122.76556452688617,10.833950032743608],[122.76556452688617,10.834492521372768],[122.76583212128102,10.83449246846952],[122.76583212128102,10.834761766954387],[122.76610471027695,10.834761718439966],[122.76610471027695,10.836108071434701],[122.76583212128102,10.836108048367244],[122.76583212128102,10.836377277420166],[122.76610471027695,10.83637729983057],[122.76610471027695,10.836646604001432],[122.76637230325035,10.836646545291952],[122.76637230325035,10.837185080191906],[122.76663980939408,10.837185104979028],[122.76663980939408,10.837723642213025],[122.76691248235015,10.83772365011978],[122.76691248235015,10.837992882003281],[122.76717998707282,10.837992904212047],[122.76717998707282,10.839073881245108],[122.76691248235015,10.83907393649626],[122.76691248235015,10.839343172921653],[122.76663980939408,10.839343168968876],[122.76663980939408,10.840150960522461],[122.76637230325035,10.840150942838465],[122.76637230325035,10.841228063417635],[122.76610471027695,10.84122805823448],[122.76610471027695,10.841497303851797],[122.76556452688617,10.841497288754532],[122.76556452688617,10.841766611453798],[122.7652919364423,10.841766601539831],[122.7652919364423,10.84203585092745],[122.76502434062607,10.842035846391521],[122.76502434062607,10.842305097329575],[122.76475683023278,10.842305082878994],[122.76475683023281,10.84257441024291],[122.76448423762402,10.842574401319258],[122.76448423762402,10.84284365537018],[122.7642166396826,10.842843651806477],[122.7642166396826,10.843112907407777],[122.76394404562599,10.843112899142099],[122.76394404562599,10.843655382868105],[122.76367653239132,10.84365544524077],[122.76367653239132,10.84392470487345],[122.76340893232481,10.843924702936441],[122.76340893232481,10.844193964119428],[122.76367653239132,10.844193965411392],[122.76367653239132,10.844732489203016],[122.76313633610354,10.844732483906524],[122.76313633610354,10.845001748462288],[122.76178841672126,10.845001799920274],[122.76178841672127,10.8447325321153],[122.76125337821031,10.84473250680574],[122.76125337821031,10.845001775900261],[122.76071316905471,10.845001766072427],[122.76071316905471,10.844732495675862],[122.76017304316177,10.844732473003925],[122.76017304316177,10.844193932322968],[122.75990552001043,10.844193916612086],[122.75990552001043,10.843924646984766],[122.75963282827007,10.843924720583892],[122.75963282827004,10.843382214097014],[122.75990552001043,10.843382216702267],[122.75990552001043,10.84311294980398],[122.75963282827004,10.843112946541485],[122.75963282827004,10.842035810494453]],[[122.76152089781752,10.839073898334954],[122.76178841672126,10.839073924380166],[122.76178841672126,10.839343173157449],[122.76152089781752,10.839343147756978],[122.76152089781752,10.839073898334954]],[[122.76340893232481,10.841228022756585],[122.76367653239132,10.841228031153774],[122.76367653239132,10.841766609876034],[122.76313633610354,10.841766590236954],[122.76313633610354,10.84149733655861],[122.76340893232481,10.841497349747772],[122.76340893232481,10.841228022756585]],[[122.76098069008246,10.843924705310297],[122.76125337821031,10.843924704953633],[122.76125337821031,10.844193971332405],[122.76071316905471,10.844193957598458],[122.76071316905471,10.84284365967944],[122.76098069008246,10.842843677660603],[122.76098069008246,10.843924705310297]],[[122.76232862016724,10.840420206716415],[122.76232862016724,10.840689533594997],[122.76260130468202,10.840689539497804],[122.76260130468201,10.84095879174932],[122.76152089781752,10.840958813058561],[122.76152089781752,10.841228068819849],[122.76178841672127,10.841228014830337],[122.76178841672126,10.841497345728744],[122.76206110268409,10.841497275439417],[122.76206110268409,10.841766606586077],[122.76125337821031,10.841766563142476],[122.76125337821031,10.841497304925529],[122.76098069008246,10.841497299356973],[122.76098069008246,10.840420272914848],[122.76232862016724,10.840420206716415]]]}"
00fc000000000000fe01,ILOILO_CITY-010,3425.077506,1.225147403,-3.369653294,0.3112170158,1.253227653,26.12664229,1.041626548,0,0,0.5286449213,2022,10.73710152,122.5939609,Iloilo City,"{""type"":""Polygon"",""coordinates"":[[[122.59012290511694,10.732352517920228],[122.59039035394593,10.732352538894053],[122.59039035394593,10.732890841053694],[122.59119813148114,10.732890861554528],[122.59119813148114,10.73424066730348],[122.5909305984694,10.734240661874134],[122.5909305984694,10.735048206698528],[122.59066306476504,10.73504820287839],[122.59066306476504,10.736932410721396],[122.5909305984694,10.736932410050425],[122.5909305984694,10.737201649802806],[122.59119813148114,10.737201648174409],[122.59119813148116,10.737470813305123],[122.59201090649861,10.737470811524613],[122.59201090649861,10.737743944934738],[122.59254596623563,10.737743936227552],[122.59254596623563,10.738013099964567],[122.59308619948925,10.738013082027377],[122.59308619948925,10.737470788792757],[122.59362634364712,10.737470782275553],[122.59362634364712,10.737201622968223],[122.59389386967912,10.737201618159059],[122.59389386967915,10.737470776824768],[122.5941665712516,10.73747076437468],[122.5941665712516,10.737201606363028],[122.5944340958847,10.737201600916473],[122.5944340958847,10.736932444459043],[122.59470161982502,10.73693243933848],[122.59470161982502,10.73666328443529],[122.59497423299536,10.736663283072364],[122.59497423299536,10.736394129735636],[122.59470161982502,10.736394055555051],[122.59470161982502,10.7361249024774],[122.59497423299536,10.7361249024223],[122.59497423299536,10.735855750911144],[122.5963221047565,10.735855728579226],[122.5963221047565,10.73612495174592],[122.59658962380716,10.736124946322784],[122.59658962380716,10.735855723797926],[122.59712983591453,10.735855706612014],[122.59712983591453,10.735586561183748],[122.59686231826306,10.735586565960684],[122.59686231826306,10.73531742080345],[122.5963221047565,10.735317359873001],[122.5963221047565,10.735586581213562],[122.5957819746937,10.7355865850839],[122.5957819746937,10.735317362447503],[122.59604949514332,10.735317359586883],[122.59604949514332,10.73504821339304],[122.5957819746937,10.735048215612025],[122.5957819746937,10.734779069689278],[122.59524175553689,10.734779078481072],[122.59524175553689,10.734509857287836],[122.59497423299536,10.734509857270512],[122.59497423299538,10.734240711236234],[122.59470161982502,10.734240706714266],[122.59470161982502,10.733967591906824],[122.5944340958847,10.73396758995961],[122.5944340958847,10.733698369581662],[122.5941665712516,10.733698366677075],[122.5941665712516,10.733429221457943],[122.59389386967912,10.733429224086978],[122.59389386967915,10.73316007912667],[122.59362634364712,10.733160074301622],[122.59362634364712,10.732890854725493],[122.59335881692238,10.732890848943098],[122.59335881692238,10.732621704525632],[122.59308619948925,10.732621694128976],[122.59308619948925,10.732083331838574],[122.59335881692238,10.73208334354295],[122.59335881692238,10.731814201864534],[122.59362634364712,10.731814210213427],[122.59362634364712,10.731544995203723],[122.59389386967915,10.7315450038788],[122.59389386967915,10.731275865309742],[122.5941665712516,10.73127586791343],[122.5941665712516,10.731006656026421],[122.5944340958847,10.731006665347639],[122.5944340958847,10.730733561020598],[122.59470161982502,10.73073357067731],[122.59470161982502,10.730464361914102],[122.59524175553689,10.730464385270963],[122.59524175553689,10.730195178717038],[122.5957819746937,10.730195191992548],[122.5957819746937,10.729926062531037],[122.59604949514332,10.729925997640455],[122.59604949514332,10.729656869733876],[122.5963221047565,10.729656883771074],[122.5963221047565,10.729387682549392],[122.59658962380716,10.729387693188023],[122.59658962380716,10.729118493521737],[122.59712983591453,10.729118508770908],[122.59712983591453,10.729387707141179],[122.5973973528731,10.729387716827219],[122.5973973528731,10.72965684058777],[122.59874527927937,10.729656868223982],[122.59874527927937,10.729925989664581],[122.59847776581242,10.729926057732502],[122.59847776581242,10.730464379518216],[122.59874527927937,10.730464385047712],[122.59874527927937,10.73208333726712],[122.59901788177689,10.73208334216949],[122.59901788177689,10.732621676002275],[122.59928539384462,10.732621675751295],[122.59928539384461,10.732890880837292],[122.59955299148537,10.732890869534604],[122.59955299148537,10.735048207338906],[122.59928539384461,10.735048223787166],[122.59928539384461,10.735586576450578],[122.59901788177689,10.735586583770562],[122.59901788177689,10.736124941369244],[122.59793756075562,10.736124901058542],[122.59793756075562,10.736394121262467],[122.59847776581245,10.736394098273264],[122.59847776581245,10.736663243206745],[122.59874527927937,10.73666323395701],[122.59874527927937,10.737201600166138],[122.59847776581242,10.737201610699435],[122.59847776581245,10.737470758370932],[122.59820507562195,10.737470776006045],[122.59820507562195,10.738013119394147],[122.59767004519635,10.73801314273991],[122.59767004519635,10.73828229510023],[122.5973973528731,10.738282313736198],[122.5973973528731,10.739089853144904],[122.59767004519635,10.73908983254638],[122.59767004519635,10.739628145479767],[122.5973973528731,10.739628167386543],[122.5973973528731,10.740166560169293],[122.59767004519635,10.740166536954066],[122.59767004519635,10.740704857187117],[122.59793756075562,10.740704914146333],[122.59793756075562,10.741516368708979],[122.59767004519635,10.741516388576121],[122.59767004519635,10.741785552811784],[122.5973973528731,10.74178557996168],[122.5973973528731,10.742054745763761],[122.59362634364712,10.742054718850913],[122.59362634364712,10.741785544004665],[122.59335881692238,10.74178555942514],[122.59335881692238,10.74205473491303],[122.59281867136586,10.742054762854362],[122.59281867136586,10.742323940550007],[122.59119813148114,10.74232395574028],[122.59119813148114,10.742593138234524],[122.59012290511694,10.742593116086836],[122.59012290511694,10.742862302071702],[122.5893152054521,10.74286226450216],[122.5893152054521,10.743131453335998],[122.58850749947526,10.743131489723996],[122.58850749947526,10.74286229895322],[122.58769461062963,10.742862262410956],[122.58769461062963,10.742593145503577],[122.58742706854896,10.74259308094693],[122.58742706854898,10.740978020309546],[122.58769461062963,10.740978013815115],[122.58769461062963,10.740435674281214],[122.58796724228586,10.740435747079845],[122.58796724228584,10.738282309191712],[122.58823478296844,10.738282308484463],[122.58823478296844,10.737743959420841],[122.58850749947526,10.737743953113545],[122.58850749947526,10.73747081117822],[122.58823478296844,10.737470816821903],[122.58823478296844,10.736932473260884],[122.58850749947526,10.736932468925135],[122.58850749947526,10.736663299167569],[122.58877495248444,10.736663236882164],[122.58877495248441,10.736394068678818],[122.58904249107641,10.736394071518827],[122.58904249107641,10.735586574309615],[122.5893152054521,10.735586572272418],[122.5893152054521,10.735048246671234],[122.58958265637126,10.735048187283017],[122.58958265637126,10.734779026493124],[122.58985536932165,10.734779025768388],[122.58985536932165,10.734509866545267],[122.59012290511694,10.734509872601446],[122.59012290511694,10.734240714932671],[122.59039035394596,10.73424073140763],[122.59039035394593,10.733429221754758],[122.58985536932165,10.73342919471431],[122.58985536932165,10.732621733517506],[122.59012290511694,10.73262166918487],[122.59012290511694,10.732352517920228]],[[122.59767004519635,10.736124908071861],[122.5973973528731,10.736124921464732],[122.5973973528731,10.735855775765206],[122.59767004519635,10.735855763026436],[122.59767004519635,10.736124908071861]],[[122.59767004519635,10.737743916403131],[122.5973973528731,10.73774393373068],[122.5973973528731,10.737470813429573],[122.59767004519635,10.737470796765786],[122.59767004519635,10.737743916403131]],[[122.59524175553689,10.739628211804732],[122.59497423299536,10.73962814909648],[122.59497423299536,10.739358985707845],[122.59524175553689,10.739358974165373],[122.59524175553689,10.739628211804732]],[[122.59308619948925,10.739897319561472],[122.59254596623563,10.739897346568672],[122.59254596623563,10.739628176443885],[122.59308619948925,10.739628150732363],[122.59308619948925,10.739897319561472]],[[122.59201090649861,10.739628194133878],[122.59201090649861,10.739089854055234],[122.59254596623563,10.739089838931674],[122.59254596623563,10.739628176443885],[122.59201090649861,10.739628194133878]],[[122.59039035394593,10.733160068392406],[122.59066306476504,10.733160070630023],[122.59066306476504,10.7334292233384],[122.59039035394593,10.733429221754758],[122.59039035394593,10.733160068392406]]]}"
00fc000000000000fe25,BAROTAC_NUEVO-019,3425.077506,4.319205974,-3.296627987,0.248554426,2.605775408,26.12664229,1.041626548,0,0,0.6104995504,2022,10.94433604,122.7557009,Barotac Nuevo,"{""type"":""Polygon"",""coordinates"":[[[122.72702626053719,10.947139609257002],[122.72783391175277,10.947139581260945],[122.72783391175277,10.94740897360546],[122.72810143296184,10.94740894102488],[122.72810143296184,10.947678333622449],[122.72837412294103,10.947678280585484],[122.72837412294103,10.947947673423583],[122.72864164273383,10.947947638906928],[122.72864164273383,10.948217031998036],[122.72891433126941,10.948217051985552],[122.72891433126941,10.948755764547178],[122.72944936732105,10.948755765031319],[122.72944936732105,10.949025083870628],[122.72972205369796,10.949025100901128],[122.72972205369796,10.948755782717413],[122.7299895699567,10.94875574465023],[122.7299895699567,10.94794764741079],[122.73025708551403,10.947947685949437],[122.730257085514,10.947678297639943],[122.73052976973214,10.947678316958934],[122.73052976973214,10.947408930201734],[122.7326852848226,10.947408961202234],[122.7326852848226,10.94767834277503],[122.73322547032313,10.947678319735413],[122.73322547032315,10.947947700905313],[122.73457342313198,10.947947671315386],[122.73457342313198,10.948217050139327],[122.73510842950222,10.948217039589645],[122.73510842950222,10.948486418023075],[122.73592127197323,10.948486395947285],[122.73592127197323,10.948217019469208],[122.73645635742314,10.948216995351514],[122.73645635742314,10.94794769604984],[122.73753668561335,10.947947702745376],[122.73753668561335,10.948216999448976],[122.73807684541586,10.948217037026605],[122.73807684541586,10.948486408319326],[122.73861191955335,10.948486377730937],[122.73861191955335,10.94875574863275],[122.73915207365893,10.948755781000994],[122.73915207365893,10.949025151499843],[122.74023245943152,10.949025124382075],[122.74023245943152,10.948755756482454],[122.74050003426785,10.948755770444563],[122.74050003426785,10.948486404085001],[122.7410401783684,10.94848635817796],[122.7410401783684,10.94821699401444],[122.74158040575317,10.948217012756771],[122.74158040575317,10.947947650789308],[122.74211537535348,10.947947699669177],[122.74211537535345,10.947678339885059],[122.74265559703896,10.947678283627333],[122.74265559703896,10.947408926039573],[122.74292824810186,10.94740893082003],[122.74292824810186,10.947139574784691],[122.74373594567378,10.947139618402241],[122.74373594567378,10.946870190219705],[122.74427099010285,10.946870228735586],[122.74427099010285,10.946600877723835],[122.74292824810186,10.946600865403429],[122.74292824810186,10.94633151205754],[122.74238811400772,10.946331477162731],[122.74238811400772,10.946062123413935],[122.74184789090432,10.946062171222772],[122.74184789090432,10.945792817070622],[122.74130766493737,10.945792787281102],[122.74130766493737,10.945523432725885],[122.74076752225436,10.945523389998728],[122.74076752225436,10.945254035040726],[122.74050003426785,10.945254077693948],[122.74050003426785,10.94498472298888],[122.74023245943152,10.944984700015342],[122.74023245943152,10.944176639349003],[122.73995980115686,10.944176623393998],[122.73995980115686,10.943637919454671],[122.73969231105072,10.94363788228889],[122.73969231105072,10.943368531020896],[122.73942473409411,10.943368578200536],[122.73942473409411,10.943637930112418],[122.73834442591036,10.943637891002115],[122.73834442591036,10.94336853649144],[122.73807684541586,10.943368582051317],[122.73807684541586,10.943095253475168],[122.73780418137565,10.94309523224596],[122.73780418137565,10.942825878242308],[122.73592127197323,10.942825928767524],[122.73592127197323,10.942556571130979],[122.73510842950222,10.942556550163161],[122.73510842950222,10.942287191468209],[122.73457342313198,10.942287173687747],[122.73457342313198,10.942017814602762],[122.7340332447706,10.942017813608869],[122.7340332447706,10.941748454121388],[122.73376056991782,10.941748499647924],[122.73376056991782,10.941479140401295],[122.73349306354817,10.941479090627494],[122.73349306354817,10.941209731634483],[122.73430074972343,10.941209787604912],[122.73430074972343,10.941479144655293],[122.73457342313198,10.941479099123411],[122.73457342313198,10.941748456414643],[122.73510842950222,10.941748476768858],[122.73510842950222,10.942017833670102],[122.73592127197323,10.942017858548363],[122.73592127197323,10.94228721439125],[122.73645635742314,10.942287143622472],[122.73645635742314,10.942556499074783],[122.73699652294907,10.942556566577785],[122.73699652294907,10.942017784181512],[122.73672902506783,10.942017814570892],[122.73672902506783,10.94174846156811],[122.73753668561335,10.941748501911912],[122.73753668561335,10.9420178529719],[122.73834442591036,10.942017803133753],[122.73834442591036,10.942287153147266],[122.73861191955335,10.942287195159697],[122.73861191955335,10.943095248650963],[122.74023245943152,10.943095263439014],[122.74023245943152,10.943368586752808],[122.74050003426785,10.943368538602506],[122.74050003426785,10.944176664253511],[122.74076752225436,10.944176624174979],[122.74076752225436,10.943907273700193],[122.74211537535348,10.943907247070802],[122.74211537535345,10.944176669288135],[122.74238811400772,10.944176597291273],[122.74238811400772,10.943907250715561],[122.74346329677194,10.94390727693858],[122.74346329677194,10.944176620927488],[122.74319581586073,10.944176664244832],[122.74319581586073,10.944446009774113],[122.7410401783684,10.944445989855923],[122.7410401783684,10.94498469397696],[122.74158040575317,10.944984728314882],[122.74158040575317,10.945254080420733],[122.74211537535348,10.945254067183232],[122.74211537535348,10.945523418898542],[122.74265559703896,10.945523448026828],[122.74265559703896,10.945792799339065],[122.74373594567378,10.945792786402885],[122.74373594567378,10.946062136012308],[122.7445436368435,10.946062184470762],[122.7445436368435,10.946331533033515],[122.74481120036062,10.946331472618523],[122.74481120036062,10.946600896419675],[122.74508384565573,10.946600900526652],[122.74508384565574,10.946331477381685],[122.74589152614047,10.946331519004078],[122.74589152614047,10.946062173684576],[122.74643172780586,10.94606211606135],[122.74643172780586,10.945792772938384],[122.74750695404178,10.945792751188044],[122.74750695404178,10.945523411548951],[122.74777450977625,10.945523424487744],[122.74777450977625,10.944984674204363],[122.74696675807812,10.944984715010023],[122.74696675807812,10.944445964425784],[122.74804714714074,10.944446008215062],[122.74804714714074,10.944715342967815],[122.74858733737486,10.944715361595557],[122.74858733737483,10.945254031191169],[122.7488548902714,10.945254043474788],[122.7488548902714,10.945523453955808],[122.74858733737483,10.945523442316164],[122.74858733737483,10.94606211729154],[122.7493950762215,10.946062137810767],[122.7493950762215,10.94579280181848],[122.75047027117546,10.945792765750454],[122.75047027117546,10.94552343324221],[122.74993525930653,10.945523403196782],[122.74993525930653,10.945254070297668],[122.74912235632475,10.945254065765194],[122.74912235632475,10.944715323763026],[122.75181816818517,10.944715325325324],[122.75181816818517,10.944984726879474],[122.75155062307375,10.944984717515013],[122.75155062307375,10.945254045630117],[122.75209079472461,10.945254053153405],[122.75209079472461,10.944984726338248],[122.75235833841667,10.944984735053225],[122.75235833841667,10.944715334799385],[122.75397374987969,10.94471536496901],[122.75397374987969,10.944984686355854],[122.75559430380076,10.944984680916999],[122.75559430380076,10.944176656170715],[122.75586183828558,10.944176662605425],[122.75586183828558,10.943368572886214],[122.75612937206722,10.943368580931324],[122.75612937206722,10.942825911552077],[122.75640198706147,10.942825910989265],[122.75640198706147,10.943368579046327],[122.75666951942337,10.943368586442093],[122.75666951942337,10.943637896857114],[122.75774989166868,10.943637891015989],[122.75774989166868,10.943907274701905],[122.75828494860268,10.943907283355056],[122.75828494860268,10.944176666649835],[122.7590977784233,10.944176645541502],[122.7590977784233,10.944446027776205],[122.76178841672127,10.944445979088925],[122.76178841672127,10.94417660333298],[122.76475683023278,10.944176633956438],[122.76475683023278,10.943907266245425],[122.76502434062607,10.943907262309775],[122.76502434062607,10.943095268099244],[122.7652919364423,10.943095255452663],[122.7652919364423,10.942825892631536],[122.76502434062607,10.942825904633667],[122.76502434062607,10.942556542065184],[122.76475683023278,10.94255654277047],[122.76475683023278,10.942287180454912],[122.76448423762402,10.942287189937643],[122.76448423762402,10.941748466685041],[122.7642166396826,10.941748475138413],[122.7642166396826,10.940940395055113],[122.76448423762402,10.940940388535031],[122.76448423762402,10.939324256460829],[122.7652919364423,10.939324257599758],[122.7652919364423,10.93905490733971],[122.76556452688617,10.939054904745493],[122.76556452688617,10.938785556039258],[122.76583212128102,10.938785553054446],[122.76583212128102,10.938516205890018],[122.76610471027695,10.938516203947348],[122.76610471027695,10.938246858336766],[122.76637230325035,10.938246855991585],[122.76637230325035,10.937977511922846],[122.76691248235015,10.937977508281802],[122.76691248235015,10.937708166411394],[122.76933558782041,10.937708159294774],[122.76933558782041,10.937169414957092],[122.76987575117663,10.9371694829906],[122.76987575117663,10.93690007598919],[122.76960825354676,10.93690006899527],[122.76960825354676,10.935822672269627],[122.7690680887692,10.935822672042244],[122.7690680887692,10.935549369696744],[122.76879542159406,10.935549378361548],[122.76879542159406,10.935010720770297],[122.7690680887692,10.935010713418956],[122.7690680887692,10.93528004110906],[122.76933558782041,10.935280052626984],[122.76933558782041,10.935010650622404],[122.7712236494829,10.935010656762975],[122.7712236494829,10.935549377614853],[122.77149114286175,10.935549385899037],[122.77149114286178,10.935822682322497],[122.77203138088431,10.935822666345459],[122.77203138088431,10.93636138871869],[122.77176380280609,10.936361393353161],[122.77176380280609,10.936630719051715],[122.77149114286175,10.936630733654004],[122.77149114286175,10.937169464016332],[122.77176380280609,10.9371694481003],[122.77176380280609,10.93743877649147],[122.77203138088431,10.937438769278755],[122.77203138088431,10.93770817288222],[122.7725715299148,10.937708156813043],[122.7725715299148,10.937977485053679],[122.77283901974621,10.937977485910073],[122.77283901974621,10.938785549043137],[122.7725715299148,10.938785550119812],[122.7725715299148,10.939054956910383],[122.77229887213738,10.939054903453108],[122.77229887213738,10.939324236837521],[122.77203138088431,10.939324238553825],[122.77203138088431,10.939593648440962],[122.77176380280609,10.939593660810436],[122.77176380280609,10.93986299727849],[122.7712236494829,10.939862946835653],[122.7712236494829,10.940401700027635],[122.77095098808958,10.9404017231643],[122.77095098808958,10.94067106428197],[122.76987575117663,10.940671031116496],[122.76987575117663,10.940940375720992],[122.76960825354676,10.940940378391431],[122.76960825354676,10.941209724537396],[122.7679876644796,10.941209733352963],[122.7679876644796,10.941479084299178],[122.76772016188188,10.941479085989076],[122.76772016188188,10.94174843847671],[122.76744749109174,10.941748460606172],[122.76744749109172,10.943368571600837],[122.76717998707282,10.943368577160783],[122.76717998707282,10.943637937242388],[122.76637230325035,10.943637899136936],[122.76637230325035,10.94417662588121],[122.76663980939408,10.944176619359467],[122.76663980939408,10.94498471427063],[122.76583212128102,10.944984683929015],[122.76583212128102,10.945254052638314],[122.76556452688617,10.945254071099372],[122.76556452688617,10.94552344135008],[122.7652919364423,10.945523459709324],[122.7652919364423,10.945792756542053],[122.76367653239132,10.945792769781507],[122.76367653239132,10.94606214637239],[122.76313633610354,10.946062106233224],[122.76313633610354,10.945792803314516],[122.76206110268409,10.945792771292998],[122.76206110268409,10.94660084045187],[122.76152089781752,10.946600873965643],[122.76152089781752,10.946870258437766],[122.76125337821031,10.9468701902723],[122.76125337821031,10.947139576285208],[122.76178841672126,10.947139561056291],[122.76178841672126,10.947678333195869],[122.75990552001043,10.947678270036425],[122.75990552001043,10.94794766198494],[122.7590977784233,10.94794770356318],[122.7590977784233,10.947678309669685],[122.75855755782287,10.947678341192017],[122.75855755782287,10.947408946894537],[122.75666951942337,10.947408936632359],[122.75666951942337,10.947678335475507],[122.75532160050815,10.947678301714353],[122.75532160050815,10.947947704699375],[122.75478144599906,10.947947643040758],[122.75478144599906,10.948217048222801],[122.75316604735215,10.948216999482995],[122.75316604735215,10.947947665393766],[122.7528985057825,10.947947664733205],[122.7528985057825,10.947678330896434],[122.75262588140576,10.947678338989185],[122.75262588140576,10.947408930411253],[122.75209079472461,10.947408924893463],[122.75209079472461,10.94687025781459],[122.75181816818517,10.9468701879677],[122.75181816818517,10.946600855117024],[122.75127799508805,10.946600853432392],[122.75127799508805,10.946331520178203],[122.74804714714074,10.946331520279086],[122.74804714714074,10.946600861308115],[122.74777450977625,10.946600860831948],[122.74777450977625,10.946870203413491],[122.74750695404178,10.946870193693789],[122.74750695404178,10.94713961280014],[122.74777450977625,10.947139546891485],[122.74777450977625,10.947678311521637],[122.74669928636442,10.94767827769238],[122.74669928636442,10.947947701432884],[122.74643172780586,10.94794769299553],[122.74643172780586,10.94821704329059],[122.74615908611781,10.948217044771496],[122.7461590861178,10.948486396618963],[122.74589152614047,10.948486388819461],[122.74589152614047,10.948755742207053],[122.74561888300673,10.94875574433802],[122.74561888300673,10.949563811846845],[122.74615908611781,10.949563812972174],[122.7461590861178,10.949833169301224],[122.74669928636442,10.94983316781494],[122.74669928636442,10.950102523740414],[122.74643172780586,10.950102595441365],[122.74643172780586,10.950371952907117],[122.74669928636442,10.950371955550226],[122.74669928636442,10.950910671882792],[122.74696675807812,10.950910683249433],[122.74696675807812,10.951992098533848],[122.74669928636442,10.951992089750958],[122.74669928636442,10.952261452859307],[122.74696675807812,10.952261460998631],[122.74696675807812,10.95253082435951],[122.74669928636442,10.952530816863755],[122.74669928636442,10.952800181764275],[122.74696675807812,10.95280018861646],[122.74696675807812,10.953877654604643],[122.74723948374648,10.953877628010956],[122.74723948374648,10.954416365068361],[122.74696675807812,10.954416392974709],[122.74696675807812,10.954685763503676],[122.74723948374648,10.95468573494099],[122.74723948374648,10.95495510570955],[122.74696675807812,10.954955134928568],[122.74696675807812,10.955224432256953],[122.74669928636442,10.955224431196815],[122.74669928636442,10.956032555464539],[122.74643172780586,10.956032566350812],[122.74643172780586,10.95630194354226],[122.7461590861178,10.95630196471475],[122.7461590861178,10.95737941006802],[122.74561888300673,10.957379446657724],[122.74561888300673,10.956840682092693],[122.74589152614047,10.95684066027046],[122.74589152614047,10.95603259710355],[122.7461590861178,10.956032586867215],[122.7461590861178,10.955224458699746],[122.74643172780586,10.9552244401516],[122.74643172780586,10.954955066543633],[122.74669928636442,10.954955058232672],[122.74669928636442,10.954147019707397],[122.74643172780586,10.954147026087073],[122.74643172780586,10.950910670527273],[122.7461590861178,10.950910678568812],[122.7461590861178,10.950641318654577],[122.74589152614047,10.95064131600549],[122.74589152614047,10.950371956343675],[122.74561888300673,10.950371962411046],[122.74561888300673,10.95010252800084],[122.74481120036062,10.950102587584468],[122.74481120036062,10.94956386754332],[122.74508384565573,10.94956386443396],[122.74508384565574,10.948755718074828],[122.7453514077542,10.948755726202023],[122.7453514077542,10.948217017724085],[122.74561888300673,10.94821703714713],[122.74561888300673,10.947947684896235],[122.7461590861178,10.947947693820398],[122.7461590861178,10.947408919621665],[122.74643172780586,10.94740892010904],[122.74643172780586,10.947139572503447],[122.74589152614047,10.947139560341515],[122.74589152614047,10.947408984232808],[122.74481120036062,10.947408948245114],[122.74481120036062,10.947678300646485],[122.74400351131182,10.947678339806187],[122.74400351131182,10.947947695047471],[122.74319581586073,10.947947658230985],[122.74319581586073,10.948217016311887],[122.74238811400772,10.94821705349493],[122.74238811400772,10.948486414415651],[122.74211537535348,10.948486421926654],[122.74211537535345,10.948755784399967],[122.74184789090432,10.948755762051277],[122.74184789090432,10.949025126064425],[122.74130766493737,10.949025111870727],[122.74130766493737,10.949294478079894],[122.74050003426785,10.949294505852782],[122.74050003426785,10.949563799909898],[122.73995980115686,10.949563860033928],[122.73995980115686,10.94983323127851],[122.73888458143324,10.949833170043329],[122.73888458143324,10.950102544770706],[122.73861191955335,10.950102541593962],[122.73861191955335,10.950641295049444],[122.73807684541586,10.950641260941971],[122.73807684541586,10.94956382746097],[122.73834442591036,10.949563842085007],[122.73834442591036,10.949294467850674],[122.73807684541586,10.949294452582977],[122.73807684541586,10.94902515359397],[122.73753668561335,10.94902511991427],[122.73753668561335,10.94875574552944],[122.73618877197353,10.94875572780362],[122.73618877197353,10.949025105430897],[122.73564860216855,10.9490251421606],[122.73564860216855,10.949294446989258],[122.73510842950222,10.949294483706971],[122.73510842950222,10.949025102584569],[122.7340332447706,10.949025074807821],[122.7340332447706,10.948486385074709],[122.73322547032313,10.948486390939143],[122.73322547032315,10.948217007976558],[122.7326852848226,10.948217033614599],[122.7326852848226,10.947947650249079],[122.73214518261595,10.947947662950623],[122.73214518261594,10.947678279182442],[122.7310698804917,10.947678309477185],[122.7310698804917,10.947947695831814],[122.730797283873,10.947947667505025],[122.730797283873,10.94821705541169],[122.73052976973214,10.948217018165916],[122.73052976973214,10.948486407612354],[122.730797283873,10.94848636921783],[122.730797283873,10.949025074515461],[122.73052976973214,10.949025114196896],[122.73052976973214,10.949294506332402],[122.7299895699567,10.949294455625173],[122.7299895699567,10.949563849956165],[122.72944936732105,10.94956387423483],[122.72944936732105,10.949294478604521],[122.72864164273383,10.949294463328782],[122.72864164273383,10.949025141651274],[122.72837412294103,10.949025103742654],[122.72837412294103,10.948486386790671],[122.72783391175277,10.948486401950847],[122.72783391175277,10.94821700602074],[122.72756647600094,10.948217029885164],[122.72756647600094,10.947947634208303],[122.72729378386352,10.947947686911805],[122.72729378386352,10.947678291475475],[122.72702626053719,10.947678323728713],[122.72702626053719,10.947139609257002]],[[122.7528985057825,10.946870259783662],[122.75262588140576,10.946870190926944],[122.75262588140576,10.9466008600201],[122.7528985057825,10.946600854552234],[122.7528985057825,10.946870259783662]],[[122.75343358821871,10.946870190954069],[122.75343358821871,10.947139595794052],[122.75370621043261,10.947139588024125],[122.75370621043261,10.947408918124008],[122.75397374987969,10.947408919101253],[122.75397374987969,10.947678324434364],[122.75424637064712,10.947678314690142],[122.75424637064712,10.94794764528296],[122.75370621043261,10.947947655994046],[122.75370621043261,10.947678324101181],[122.75343358821871,10.947678333183584],[122.75343358821871,10.947408926550082],[122.75316604735215,10.947408924923312],[122.75316604735215,10.947139593523403],[122.7528985057825,10.94713959093104],[122.7528985057825,10.946870259783662],[122.75343358821871,10.946870190954069]],[[122.75209079472461,10.946600850638779],[122.75209079472461,10.946331519340657],[122.75181816818517,10.946331523162785],[122.75181816818517,10.946062117124324],[122.75127799508805,10.946062112839432],[122.75127799508805,10.945792781378435],[122.75101044855734,10.945792773296155],[122.75101044855734,10.945523442087826],[122.75155062307375,10.94552344962211],[122.75155062307375,10.94579277953051],[122.75209079472461,10.945792784453547],[122.75209079472461,10.94606211395849],[122.75235833841667,10.946062120097897],[122.75235833841667,10.946331524836031],[122.75262588140576,10.946331530009685],[122.75262588140576,10.9466008600201],[122.75209079472461,10.946600850638779]]]}"
00fc000000000000fe31,BAROTAC_NUEVO-020,3425.077506,2.433867234,-4.677657119,0.2912595121,1.925365723,26.12664229,1.041626548,0,0,0.5809358301,2022,10.92758392,122.7708459,Barotac Nuevo,"{""type"":""Polygon"",""coordinates"":[[[122.77823060684929,10.921808897947141],[122.77823060684929,10.921535590477331],[122.77795796425755,10.921535576177883],[122.77795796425755,10.921266240795427],[122.77849816789795,10.921266204538892],[122.77849816789795,10.920996871357302],[122.77877080903974,10.92099688631006],[122.77877080903974,10.92072755468442],[122.77849816789795,10.920727539074697],[122.77849816789795,10.92045820769109],[122.77877080903974,10.920458223957779],[122.77877080903974,10.920188894130147],[122.77903828255046,10.920188930102245],[122.77903828255046,10.919111547422595],[122.77877080903974,10.91911158381015],[122.77877080903973,10.918842183540503],[122.77849816789795,10.918842238269441],[122.77849816789795,10.918572913179332],[122.77823060684929,10.918572883005497],[122.77823060684929,10.918034234233394],[122.77849816789795,10.918034190759773],[122.77849816789795,10.917764868367401],[122.77930584147157,10.917764889178558],[122.77930584147157,10.918572853214252],[122.78092642226748,10.91857284471786],[122.78092642226748,10.919919524835745],[122.78065370079857,10.919919595143405],[122.78065370079857,10.920458244824651],[122.78038623154211,10.920458211435458],[122.78038623154211,10.920727538269066],[122.78011350862256,10.920727609888838],[122.78011350862256,10.922347565518482],[122.77984603794343,10.922347536001977],[122.77984603794343,10.922616870443344],[122.77957848044537,10.922616926507736],[122.77957848044537,10.922886262492934],[122.78011350862256,10.92288623401111],[122.78011350862256,10.923155569605695],[122.78038623154211,10.923155566999103],[122.78038623154211,10.923424902835265],[122.7806537007986,10.923424929125426],[122.78065370079857,10.92396360220515],[122.78092642226748,10.923963596965798],[122.78092642226748,10.922886257030598],[122.78119389010124,10.922886209021877],[122.7811938901012,10.922078215442452],[122.78173407653038,10.922078242359243],[122.78173407653038,10.923155563722434],[122.78146144334345,10.923155557659893],[122.78146144334345,10.923694225048502],[122.78119389010124,10.92369428563107],[122.78119389010124,10.924502295389793],[122.78092642226748,10.924502272326059],[122.78092642226748,10.924771611354288],[122.78065370079857,10.92477161856544],[122.78065370079857,10.92557964301414],[122.78038623154211,10.925579621880006],[122.78038623154211,10.925848965804757],[122.77957848044537,10.925849017649995],[122.77957848044537,10.926118289476575],[122.77930584147157,10.926118288004263],[122.77930584147157,10.926387636329816],[122.77903828255046,10.926387700775656],[122.77903828255046,10.92665697570037],[122.77877080903974,10.926657030149519],[122.77877080903974,10.928273077155206],[122.77849816789795,10.928273079950724],[122.77849816789795,10.928546334631767],[122.77795796425755,10.928546331131708],[122.77795796425755,10.928815690805152],[122.77769040178599,10.928815684500043],[122.77769040178599,10.929085045716679],[122.77742292472603,10.929085029412606],[122.77742292472603,10.929354392172176],[122.77715027996649,10.929354395955796],[122.77715027996649,10.93016241664704],[122.77661523618104,10.930162397899135],[122.77661523618102,10.930431766198277],[122.77607502252772,10.930431767244068],[122.77607502252772,10.93070113774328],[122.77526732326673,10.9307011237549],[122.77526732326673,10.930970497098633],[122.77472710244655,10.930970497479027],[122.77472710244655,10.931239798071188],[122.7739193924706,10.931239858039023],[122.7739193924706,10.931509161474832],[122.773379250604,10.93150915086585],[122.773379250604,10.93177853145349],[122.77283901974621,10.931778531159443],[122.77283901974621,10.932047838993416],[122.77229887213738,10.93204782836691],[122.77229887213738,10.932317213353885],[122.77149114286175,10.93231719734766],[122.77149114286175,10.932586585178926],[122.77095098808958,10.932586573886265],[122.77095098808958,10.932855888961516],[122.76987575117663,10.932855930568323],[122.76987575117663,10.933663963907218],[122.76960825354676,10.933663949172491],[122.76960825354676,10.933933271072966],[122.76987575117663,10.933933285163468],[122.76987575117663,10.93420260731739],[122.76933558782041,10.934202674871182],[122.76933558782041,10.934741324474372],[122.76852783499766,10.934741315231614],[122.76852783499768,10.93501071828428],[122.76744749109174,10.935010703433674],[122.76744749109172,10.934741372738172],[122.76717998707282,10.934741357663599],[122.76717998707282,10.934471952261895],[122.76663980939408,10.93447201458006],[122.76663980939408,10.934741346322992],[122.76448423762402,10.934741343095732],[122.76448423762402,10.935010680927387],[122.7642166396826,10.93501067326084],[122.7642166396826,10.934741334784798],[122.76394404562599,10.934741325216027],[122.76394404562602,10.934471986981235],[122.76367653239132,10.934471967053637],[122.76367653239132,10.933933291988831],[122.76340893232481,10.933933280774129],[122.76340893232481,10.93366394394392],[122.76313633610354,10.933663930760789],[122.76313633610354,10.933394594171926],[122.76260130468201,10.933394621863245],[122.76260130468201,10.933125209922197],[122.76178841672127,10.933125248807716],[122.76178841672127,10.933394587744615],[122.76071316905471,10.933394579977874],[122.76071316905471,10.93312523845188],[122.7604405656097,10.933125220656333],[122.7604405656097,10.932855879371784],[122.75990552001043,10.932855898011246],[122.75990552001043,10.932586556336126],[122.75882508451821,10.932586551205322],[122.75882508451821,10.932317207826562],[122.75828494860268,10.932317229157423],[122.75828494860268,10.932586573836772],[122.75855755782287,10.932586520619635],[122.75855755782287,10.932855940504197],[122.75774989166868,10.932855932876103],[122.75774989166868,10.933394629300562],[122.75747719415166,10.933394618854638],[122.75747719415166,10.933663969070102],[122.75720975004634,10.933663929120897],[122.75720975004634,10.933933280877913],[122.75666951942337,10.933933316416072],[122.75666951942337,10.934202670371652],[122.75612937206722,10.934202620613169],[122.75612937206722,10.934471976766787],[122.75559430380076,10.934471992780606],[122.75559430380076,10.93420263533872],[122.75532160050815,10.934202624222918],[122.75532160050815,10.934471982321314],[122.75397374987969,10.934471995907213],[122.75397374987969,10.93474135814833],[122.75424637064712,10.934741379922109],[122.75424637064712,10.935010667435888],[122.75370621043261,10.935010690669241],[122.75370621043261,10.934741326886423],[122.75316604735215,10.934741347509481],[122.75316604735215,10.93447198332393],[122.7528985057825,10.934472025416795],[122.7528985057825,10.93393329845052],[122.75343358821871,10.933933291488849],[122.75343358821871,10.933663930640552],[122.75397374987972,10.933663914570392],[122.75397374987969,10.933933274118228],[122.75424637064712,10.933933297860746],[122.75424637064712,10.933394580975355],[122.75559430380076,10.933394568399624],[122.75559430380076,10.933933278794584],[122.75586183828558,10.933933309719956],[122.75586183828558,10.93312524740622],[122.75666951942337,10.933125259935965],[122.75666951942337,10.93258656010494],[122.75747719415166,10.932586573595074],[122.75747719415166,10.932317226970886],[122.75774989166868,10.932317240042943],[122.75774989166868,10.931778475837762],[122.75801742048733,10.93177850932575],[122.75801742048733,10.931509166696003],[122.75828494860268,10.931509125543728],[122.75828494860268,10.931239784456166],[122.7590977784233,10.931239782376304],[122.7590977784233,10.931509196469055],[122.75936530369835,10.931509154019752],[122.75936530369835,10.932047833686251],[122.75990552001043,10.932047875679386],[122.75990552001043,10.932317215558832],[122.7604405656097,10.932317199496122],[122.7604405656097,10.93258653898504],[122.76098069008246,10.932586586089467],[122.76098069008246,10.932317172939156],[122.76125337821031,10.932317181722224],[122.76125337821031,10.9325865192539],[122.76340893232481,10.932586530640155],[122.76340893232481,10.93285593883975],[122.76367653239132,10.932855877671411],[122.76367653239132,10.93312521116376],[122.7642166396826,10.933125247819541],[122.7642166396826,10.933663914896483],[122.76475683023278,10.933663937318439],[122.76475683023278,10.933933270902722],[122.76691248235015,10.933933276742554],[122.76691248235015,10.933394620854303],[122.76744749109172,10.933394582808564],[122.76744749109172,10.932855933088415],[122.76717998707282,10.932855913504204],[122.76717998707282,10.931239832112242],[122.76772016188188,10.93123978409899],[122.76772016188188,10.930701150058708],[122.76744749109174,10.930701145251728],[122.76744749109172,10.930431753966042],[122.76663980939408,10.93043177138354],[122.76663980939408,10.930162454006512],[122.76637230325035,10.930162427009972],[122.76637230325035,10.929623718705802],[122.76610471027695,10.929623775374834],[122.76610471027695,10.92908506937416],[122.76502434062607,10.92908506048409],[122.76502434062607,10.928815743706952],[122.76475683023278,10.928815711549436],[122.76475683023278,10.928546395026235],[122.76394404562599,10.928546398177781],[122.76394404562599,10.928273032968034],[122.76313633610354,10.928273022094043],[122.76313633610354,10.928003703478154],[122.76286882074454,10.928003742067906],[122.76286882074454,10.927734348749528],[122.76260130468201,10.927734386373809],[122.76260130468201,10.927464993309565],[122.76232862016724,10.92746504930388],[122.76232862016724,10.92665702344342],[122.76178841672126,10.926657036249193],[122.76178841672126,10.924771614942541],[122.76152089781752,10.92477164418232],[122.76152089781752,10.924502258400125],[122.76125337821031,10.924502286674517],[122.76125337821031,10.924232901146729],[122.76178841672127,10.924232920519685],[122.76178841672127,10.924502304758812],[122.76206110268409,10.924502256650774],[122.76206110268409,10.924232948022194],[122.76232862016724,10.924232919422984],[122.76232862016724,10.923963612337069],[122.76260130468201,10.923963564882204],[122.76260130468202,10.923155576033063],[122.76232862016724,10.923155546564963],[122.76232862016724,10.921808888188817],[122.76260130468202,10.921808845989016],[122.76260130468202,10.921535575259654],[122.76286882074454,10.921535552465548],[122.76286882074454,10.920727589853898],[122.76260130468201,10.920727535765044],[122.76260130468201,10.920188872246461],[122.76232862016724,10.920188910495357],[122.76232862016724,10.91965024925863],[122.76260130468201,10.919650212323457],[122.76260130468201,10.919380921184692],[122.76286882074454,10.919380903545473],[122.76286882074454,10.918034239711965],[122.76260130468201,10.918034179181902],[122.76260130468202,10.9177648934366],[122.76367653239132,10.917764892450558],[122.76367653239132,10.918034175606563],[122.76394404562599,10.91803423484633],[122.76394404562602,10.918572877513673],[122.76367653239132,10.918572894509367],[122.76367653239132,10.91884218036216],[122.76340893232481,10.918842207990327],[122.76340893232481,10.919111570334273],[122.76313633610354,10.919111521685787],[122.76313633610354,10.919380885585415],[122.76340893232481,10.919380858629275],[122.76340893232481,10.920188878804183],[122.76394404562602,10.92018890203953],[122.76394404562602,10.920458267589932],[122.76448423762402,10.920458204554771],[122.76448423762402,10.920727569702834],[122.76475683023278,10.920727537815921],[122.76475683023278,10.921266269495806],[122.76448423762402,10.921266227747031],[122.76448423762402,10.921535595592074],[122.76394404562599,10.921535588882932],[122.76394404562602,10.922347524194286],[122.76367653239132,10.922347550220941],[122.76367653239132,10.923155598165064],[122.76340893232481,10.923155561165323],[122.76340893232481,10.923963619131627],[122.76313633610354,10.923963582308094],[122.76313633610354,10.92504095816851],[122.76286882074454,10.925040914716288],[122.76286882074454,10.92611830753032],[122.76260130468201,10.926118341288358],[122.76260130468202,10.926926359788471],[122.76286882074454,10.926926324097327],[122.76286882074454,10.927195714720247],[122.76313633610354,10.927195678063645],[122.76313633610354,10.927464993984888],[122.76340893232481,10.927465022275197],[122.76340893232481,10.927734413394163],[122.76367653239132,10.927734364483472],[122.76367653239132,10.928003680900328],[122.76475683023281,10.928003717089675],[122.76475683023281,10.92827303180323],[122.7652919364423,10.928273088074704],[122.7652919364423,10.928546375034472],[122.76583212128102,10.928546344610064],[122.76583212128102,10.927465050338443],[122.76610471027695,10.927465000376518],[122.76610471027695,10.92665700179925],[122.76663980939408,10.926656987612283],[122.76663980939408,10.926118303979441],[122.76691248235015,10.926118320949126],[122.76691248235015,10.92584894366121],[122.76772016188188,10.925848958356468],[122.76772016188188,10.925310285318995],[122.76744749109172,10.925310267367353],[122.76744749109172,10.925040969015004],[122.7679876644796,10.925040950300687],[122.76798766447963,10.92477157919754],[122.76852783499768,10.924771635425403],[122.76852783499768,10.923963606361227],[122.76987575117663,10.923963600420704],[122.76987575117663,10.924771619743572],[122.76960825354676,10.92477158373806],[122.76960825354676,10.92557961308134],[122.7712236494829,10.925579613579458],[122.7712236494829,10.92584897958248],[122.77149114286175,10.925849011071458],[122.77149114286178,10.926387669535595],[122.77176380280609,10.926387679912315],[122.77176380280609,10.926656972360556],[122.77203138088431,10.926656990949603],[122.77203138088431,10.92638762419692],[122.7725715299148,10.926387662816062],[122.7725715299148,10.926118298263331],[122.7731116760745,10.92611833687421],[122.7731116760745,10.925848974521458],[122.773379250604,10.925848993425593],[122.773379250604,10.925579632616172],[122.7739193924706,10.925579671871464],[122.7739193924706,10.925310313262074],[122.77418696487331,10.925310257539033],[122.77418696487331,10.925040975419456],[122.77472710244655,10.925040940373474],[122.77472710244655,10.924771585507782],[122.7744544504526,10.92477164976114],[122.7744544504526,10.924502295137025],[122.77472710244655,10.924502306486172],[122.77472710244655,10.924232953417755],[122.77499467272237,10.924232899304904],[122.77499467272237,10.923963622724832],[122.77553480600199,10.923963590927785],[122.77553480600199,10.923424893177469],[122.77580237415083,10.923424914973777],[122.77580237415083,10.923155568091534],[122.77607502252772,10.923155581076333],[122.77607502252772,10.92261689132229],[122.77661523618104,10.922616928041743],[122.77661523618104,10.922347585814654],[122.77715027996649,10.922347567023344],[122.77715027996649,10.9218088878446],[122.77823060684929,10.921808897947141]],[[122.77957848044537,10.925310326805633],[122.77930584147157,10.925310323362465],[122.77930584147157,10.925040978631294],[122.77957848044537,10.92504098273147],[122.77957848044537,10.925310326805633]],[[122.77877080903974,10.921266218834683],[122.77877080903974,10.921535552258263],[122.77849816789795,10.92153561355949],[122.77849816789795,10.921266204538892],[122.77877080903974,10.921266218834683]],[[122.77877080903974,10.923694223926292],[122.77849816789795,10.923694215552983],[122.77849816789795,10.923424874268123],[122.77877080903974,10.923424883298424],[122.77877080903974,10.923694223926292]],[[122.77849816789795,10.921808845434798],[122.77849816789795,10.922078181326478],[122.77823060684929,10.922078234483767],[122.77823060684929,10.921808897947141],[122.77849816789795,10.921808845434798]],[[122.77823060684929,10.923424930650164],[122.77795796425755,10.92342492095918],[122.77795796425755,10.923155579271217],[122.77823060684929,10.923155589619174],[122.77823060684929,10.923424930650164]],[[122.77715027996649,10.92746504863844],[122.77634250313656,10.927465025488173],[122.77634250313656,10.927195666427462],[122.77715027996649,10.927195691524124],[122.77715027996649,10.92746504863844]],[[122.77499467272237,10.928273055174099],[122.77472710244655,10.92827304401138],[122.77472710244655,10.9280037533114],[122.77499467272237,10.928003690170225],[122.77499467272237,10.928273055174099]],[[122.75640198706147,10.933663932759226],[122.75612937206722,10.933663910999185],[122.75612937206722,10.933394557538856],[122.7564019870615,10.933394579955168],[122.75640198706147,10.933663932759226]],[[122.76987575117663,10.92692635249218],[122.7706834932892,10.926926338347243],[122.7706834932892,10.927465007889811],[122.76960825354676,10.92746499636364],[122.76960825354676,10.926657023102482],[122.76987575117663,10.926656979647358],[122.76987575117663,10.92692635249218]],[[122.77930584147157,10.921808911961266],[122.77957848044537,10.92180884900582],[122.77957848044537,10.921535619771547],[122.77984603794343,10.921535566296534],[122.77984603794343,10.922078202459494],[122.77957848044537,10.922078257233947],[122.77957848044537,10.922347591421403],[122.77930584147157,10.922347580751245],[122.77930584147157,10.921808911961266]],[[122.77877080903974,10.922078193641665],[122.77877080903974,10.92180885840696],[122.77903828255046,10.921808890502831],[122.77903828255046,10.92234756058222],[122.77930584147157,10.922347580751245],[122.77930584147157,10.922616916494569],[122.77903828255046,10.922616896970256],[122.77903828255046,10.922886234257158],[122.77849816789795,10.92288619439489],[122.77849816789795,10.922078181326478],[122.77877080903974,10.922078193641665]],[[122.77795796425755,10.925579611874776],[122.77823060684929,10.925579616310086],[122.77823060684929,10.926118315447665],[122.77849816789795,10.926118327560472],[122.77849816789795,10.926657029003154],[122.77795796425755,10.926657016372467],[122.77795796425755,10.926387663900092],[122.77769040178599,10.926387651783312],[122.77769040178599,10.926118299564848],[122.77795796425755,10.92611831232634],[122.77795796425755,10.925579611874776]],[[122.77149114286178,10.930701114084055],[122.77149114286175,10.930162426847668],[122.77229887213738,10.930162458419755],[122.77229887213738,10.929893080618523],[122.7725715299148,10.929893081458252],[122.7725715299148,10.929623780163903],[122.77418696487331,10.929623765376732],[122.77418696487331,10.92935439392137],[122.7739193924706,10.929354384376547],[122.7739193924706,10.929085088125074],[122.77418696487331,10.92908502336445],[122.77418696487331,10.928546359895481],[122.7744544504526,10.928546381373756],[122.7744544504526,10.930162453643776],[122.7736467383094,10.930162429887565],[122.7736467383094,10.930431805339555],[122.77499467272237,10.930431755082788],[122.77499467272237,10.929623716115907],[122.77526732326673,10.929623714313378],[122.77526732326673,10.92989308406385],[122.77553480600199,10.929893101022936],[122.77553480600199,10.930431766979858],[122.77526732326673,10.930431751309518],[122.77526732326673,10.9307011237549],[122.77149114286178,10.930701114084055]]]}"
00fc000000000000fe41,BAROTAC_NUEVO-021,3425.077506,1.221712257,-9.16066365,0.3934054576,1.26552171,26.12664229,1.041626548,0,0,0.4763839452,2022,10.88395409,122.7783443,Barotac Nuevo,"{""type"":""Polygon"",""coordinates"":[[[122.7725715299148,10.890547448439852],[122.7725715299148,10.889735596466572],[122.77203138088431,10.889735605521183],[122.77203138088431,10.88919696983699],[122.77229887213738,10.889196938211102],[122.77229887213738,10.888927622366307],[122.7725715299148,10.888927648198457],[122.7725715299148,10.889196963386174],[122.77283901974621,10.8891970060279],[122.77283901974621,10.88892769148475],[122.7731116760745,10.888927641744484],[122.7731116760745,10.88838901667792],[122.77283901974621,10.888389065103512],[122.77283901974621,10.888658377843285],[122.77229887213738,10.88865838233682],[122.77229887213738,10.888389068295155],[122.77203138088431,10.888389023073238],[122.77203138088431,10.888119709288732],[122.77176380280609,10.888119748299355],[122.77176380280609,10.887850434771549],[122.7712236494829,10.887850432761653],[122.7712236494829,10.887581118833754],[122.77095098808958,10.88758108807218],[122.77095098808958,10.887311774389016],[122.7706834932892,10.88731179988905],[122.7706834932892,10.887042486462908],[122.77041591166262,10.88704252128077],[122.77041591166262,10.886773208111437],[122.77014324810258,10.886773174393555],[122.77014324810258,10.886503861469032],[122.76987575117663,10.886503884068647],[122.76987575117663,10.886234571401225],[122.76960825354676,10.886234593036185],[122.76960825354676,10.885965280625884],[122.76933558782041,10.885965243951846],[122.76933558782041,10.885695931786435],[122.7690680887692,10.885695951485786],[122.7690680887692,10.885426639577554],[122.76798766447963,10.885426682989586],[122.76798766447963,10.885695997501761],[122.76772016188188,10.885695940675124],[122.76772016188188,10.885965256733703],[122.76717998707282,10.88596523584238],[122.76717998707282,10.886503873268662],[122.76691248235015,10.886503892323862],[122.76691248235015,10.886773213034548],[122.76663980939408,10.886773175043288],[122.76663980939408,10.88650385367563],[122.76637230325035,10.886503872084647],[122.76637230325035,10.885157350465809],[122.76691248235015,10.885157377213007],[122.76691248235015,10.88407615104],[122.76717998707282,10.88407613779649],[122.76717998707282,10.883806901675726],[122.76744749109174,10.883806888756844],[122.76744749109172,10.884076199145698],[122.7690680887692,10.884076198166419],[122.7690680887692,10.884345505551721],[122.76933558782041,10.884345489085392],[122.76933558782041,10.88461876705602],[122.76960825354676,10.884618732103238],[122.76960825354676,10.88488804000386],[122.76987575117663,10.884888021592653],[122.76987575117663,10.885426638810298],[122.7706834932892,10.885426624844909],[122.7706834932892,10.885695932859857],[122.77095098808958,10.885695986140238],[122.77095098808958,10.886234603586816],[122.77149114286175,10.886234614066225],[122.77149114286178,10.88650392284051],[122.77176380280609,10.886503880659244],[122.77176380280609,10.88677318967808],[122.77203138088431,10.88677315389266],[122.77203138088431,10.887042463168287],[122.77283901974621,10.887042514930737],[122.77283901974621,10.886773207601523],[122.7739193924706,10.886773202642814],[122.7739193924706,10.886503898819452],[122.7736467383094,10.886503868717753],[122.7736467383094,10.886234565139143],[122.77283901974621,10.886234595648586],[122.77283901974621,10.885965291024897],[122.77229887213738,10.885965282499672],[122.77229887213738,10.885695977476004],[122.77176380280609,10.885695959013905],[122.77176380280609,10.885426653602572],[122.77095098808958,10.885426678769807],[122.77095098808958,10.885157372301299],[122.77149114286175,10.885157387987952],[122.77149114286175,10.884618780360388],[122.77176380280609,10.884618742780177],[122.77176380280609,10.884345470748174],[122.77203138088431,10.884345440777496],[122.77203138088431,10.883537542753858],[122.77229887213738,10.883537599587005],[122.77229887213738,10.882998931795463],[122.7725715299148,10.882998972092578],[122.7725715299148,10.882729677661388],[122.77283901974621,10.882729660874036],[122.77283901974621,10.882460367989717],[122.7731116760745,10.882460334034892],[122.7731116760745,10.881652462766557],[122.773379250604,10.88165243763404],[122.773379250604,10.881113862589322],[122.7731116760745,10.881113811525745],[122.7731116760745,10.880844524711911],[122.773379250604,10.880844501514627],[122.773379250604,10.880575216248024],[122.7744544504526,10.880575211142283],[122.7744544504526,10.880305929369547],[122.77472710244655,10.880305898704915],[122.77472710244655,10.880036618491722],[122.77526732326673,10.880036639535993],[122.77526732326673,10.880305918447085],[122.77580237415083,10.880305954338729],[122.77580237415083,10.879228699461367],[122.77553480600199,10.879228721685829],[122.77553480600199,10.878955477200678],[122.77607502252772,10.878955501522372],[122.77607502252772,10.878686154181397],[122.77661523618104,10.878686178500974],[122.77661523618104,10.878416833365327],[122.77634250313656,10.878416871995679],[122.77634250313659,10.878147602006273],[122.77688271536759,10.878147553383505],[122.77688271536759,10.878416896971554],[122.77877080903974,10.878416875620283],[122.77877080903974,10.87814753658505],[122.77930584147157,10.878147574434319],[122.77930584147157,10.877878237591986],[122.77984603794343,10.877878258017564],[122.77984603794343,10.87760899827895],[122.78011350862256,10.877608985056943],[122.78011350862256,10.877339651967736],[122.78038623154211,10.877339686270705],[122.78038623154211,10.87680109901328],[122.7806537007986,10.876801087080496],[122.78065370079857,10.876531758002399],[122.78092642226748,10.876531793619227],[122.78092642226748,10.876262466101632],[122.7811938901012,10.876262454813261],[122.78119389010124,10.875993203739547],[122.78227426008597,10.875993177508265],[122.78227426008597,10.876262500872611],[122.78280936017225,10.876262454201497],[122.78280936017225,10.876531777178199],[122.7833495380074,10.876531795657371],[122.7833495380074,10.87680104333918],[122.78361699945852,10.876801102759885],[122.78361699945852,10.877070350699466],[122.78388971296859,10.877070381388855],[122.78388971296859,10.877339704468728],[122.78442988505577,10.877339641536926],[122.78442988505577,10.877878287799382],[122.78469742977097,10.877878258175167],[122.78469742977097,10.878147582015318],[122.78496488767111,10.878147561704745],[122.78496488767111,10.878955461810625],[122.78469742977097,10.878955484056366],[122.78469742977097,10.879498034493714],[122.78442988505577,10.879497993102257],[122.78442988505577,10.879767323016988],[122.78415717299667,10.879767299571272],[122.78415717299667,10.88003663104635],[122.78442988505577,10.880036653834441],[122.78442988505577,10.880575243279454],[122.78469742977097,10.880575207192853],[122.78469742977097,10.880844540072726],[122.78496488767111,10.880844513302131],[122.78496488767111,10.88138318047951],[122.78523759756041,10.881383124096635],[122.78523759756041,10.881652458381335],[122.78496488767111,10.881652440523508],[122.78496488767111,10.881921776368447],[122.78469742977097,10.881921730820364],[122.78469742977097,10.882729670805402],[122.78442988505577,10.882729637154496],[122.78442988505577,10.883537587195885],[122.78496488767111,10.88353758569028],[122.78496488767111,10.884345465080688],[122.78523759756041,10.884345476362808],[122.78523759756041,10.88542667861947],[122.7855051401469,10.885426629941948],[122.7855051401469,10.88569597712963],[122.78577776247559,10.885695994740985],[122.78577776247559,10.88677316517634],[122.7855051401469,10.886773225097263],[122.7855051401469,10.88731177958955],[122.78496488767111,10.887311828745279],[122.78496488767111,10.887581108646739],[122.78361699945852,10.887581087166046],[122.78361699945852,10.887311804014882],[122.7833495380074,10.887311769759469],[122.7833495380074,10.887042486865292],[122.78308198974014,10.887042536836137],[122.78308198974014,10.886773179293835],[122.78200162834933,10.88677316390298],[122.78200162834936,10.887311810194594],[122.78227426008597,10.887311828134727],[122.78227426008597,10.887581114523227],[122.78173407653038,10.887581146889179],[122.78173407653038,10.88811972497611],[122.78146144334345,10.888119708348881],[122.78146144334345,10.889196952879528],[122.7811938901012,10.88919700575356],[122.78119389010124,10.88973559726547],[122.78092642226748,10.889735565913048],[122.78092642226748,10.890274237229981],[122.78011350862259,10.8902742017296],[122.78011350862256,10.890547473483284],[122.77984603794343,10.890547442781353],[122.77984603794343,10.890816820767405],[122.77957848044537,10.890816800678706],[122.77957848044537,10.891086105300866],[122.77877080903974,10.891086117404845],[122.77877080903974,10.891355424875554],[122.77849816789795,10.891355412530098],[122.77849816789795,10.891624721559479],[122.77742292472603,10.891624712918755],[122.77742292472603,10.891894025441525],[122.77526732326673,10.89189400551571],[122.77526732326673,10.891624687797009],[122.77418696487331,10.891624746181913],[122.77418696487331,10.891355426760446],[122.773379250604,10.89135542132769],[122.773379250604,10.89108610086092],[122.7731116760745,10.89108607367414],[122.7731116760745,10.890816828379156],[122.77283901974621,10.89081680781525],[122.77283901974621,10.890547487849371],[122.7725715299148,10.890547448439852]],[[122.76772016188188,10.884888072824234],[122.76744749109172,10.88488803121949],[122.76744749109172,10.884618718111518],[122.76772016188188,10.884618760373236],[122.76772016188188,10.884888072824234]],[[122.77553480600199,10.8838069034268],[122.77580237415083,10.88380687023547],[122.77580237415083,10.883537580885548],[122.77607502252772,10.883537540689856],[122.77607502252772,10.883268252899297],[122.77634250313659,10.883268230633007],[122.77634250313656,10.882998944389323],[122.77688271536759,10.882998947207579],[122.77688271536759,10.88326823214908],[122.77715027996649,10.883268273541299],[122.77715027996649,10.88380684484069],[122.77688271536759,10.88380687964419],[122.77688271536759,10.884076167291976],[122.77661523618104,10.884076192138952],[122.77661523618104,10.884345481333572],[122.77634250313656,10.884345459534819],[122.77634250313656,10.884618720367806],[122.77607502252772,10.884618745867982],[122.77607502252772,10.884888038181998],[122.77580237415083,10.884888081674324],[122.77580237415083,10.884618713795435],[122.77526732326673,10.88461877346584],[122.77526732326673,10.884076142651603],[122.77553480600199,10.8840761943238],[122.77553480600199,10.8838069034268]],[[122.7739193924706,10.888927665693563],[122.77418696487331,10.888927622168616],[122.77418696487331,10.888389002285702],[122.7744544504526,10.888389044927703],[122.7744544504526,10.888119736983388],[122.77499467272237,10.888119719601079],[122.77499467272237,10.887850413860674],[122.77580237415083,10.887850438793304],[122.77580237415083,10.887581135901453],[122.77661523618104,10.887581142051769],[122.77661523618104,10.887850442984252],[122.77715027996649,10.88785043951898],[122.77715027996649,10.888119740063438],[122.77742292472603,10.888119761949],[122.77742292472603,10.888658364428707],[122.77769040178599,10.888658327642991],[122.77769040178599,10.888927629590459],[122.77795796425755,10.888927656463657],[122.77795796425755,10.889196958667878],[122.77849816789795,10.889196927611078],[122.77849816789795,10.889466304324824],[122.77877080903974,10.889466246370237],[122.77877080903974,10.88973554841818],[122.77849816789795,10.8897356070302],[122.77849816789795,10.890004910637161],[122.77877080903974,10.89000492627825],[122.77877080903974,10.890274230129593],[122.77849816789795,10.890274215145684],[122.77849816789795,10.891086104402197],[122.77823060684929,10.891086083344568],[122.77823060684929,10.891355392117386],[122.77769040178599,10.89135543296573],[122.77769040178599,10.89108612289057],[122.77742292472603,10.891086090577636],[122.77742292472603,10.890816780759316],[122.77688271536759,10.890816817051153],[122.77688271536759,10.89054750683205],[122.77553480600199,10.890547462119809],[122.77553480600199,10.890816775587858],[122.7736467383094,10.890816819093693],[122.7736467383094,10.890004897300155],[122.7739193924706,10.89000491885962],[122.7739193924706,10.888927665693563]]]}"
00fc000000000000fe43,DUMANGAS-112,3425.077506,1.361393114,-6.51156015,0.3492521021,1.291791296,26.12664229,1.041626548,0,0,0.5791608449,2022,10.85424081,122.7709072,Dumangas,"{""type"":""Polygon"",""coordinates"":[[[122.76933558782041,10.877608971428643],[122.7690680887692,10.877608971767332],[122.7690680887692,10.877878257485103],[122.76879542159406,10.87787827532934],[122.76879542159406,10.878147562606756],[122.76852783499766,10.878147573863089],[122.76852783499766,10.878416862687862],[122.76826033382113,10.878416863995044],[122.76826033382113,10.877878285958575],[122.76852783499766,10.877878285940747],[122.76852783499766,10.877339712803442],[122.7679876644796,10.877339652171727],[122.76798766447963,10.877070365655195],[122.76744749109172,10.877070377323479],[122.76744749109174,10.876531804394295],[122.76717998707282,10.876531799897235],[122.76717998707282,10.876262514141805],[122.76744749109174,10.876262444378188],[122.76744749109172,10.875993160170234],[122.76691248235015,10.875993148277386],[122.76691248235015,10.875723863682722],[122.76637230325035,10.875723866246494],[122.76637230325035,10.875454581252656],[122.76610471027695,10.875454583162478],[122.76610471027695,10.875185298426405],[122.76637230325035,10.875185297161453],[122.76637230325035,10.874916013972893],[122.76610471027695,10.874916014592978],[122.76610471027695,10.87464673166222],[122.76637230325035,10.874646656782454],[122.76637230325035,10.873838815341696],[122.76691248235015,10.873838821890663],[122.76691248235015,10.873565574649325],[122.76663980939408,10.873565579342722],[122.76663980939408,10.873296227325493],[122.76717998707282,10.873296235851926],[122.76717998707282,10.872488338930287],[122.76744749109172,10.872488353107132],[122.76744749109172,10.872219081551078],[122.76772016188188,10.872219079159903],[122.76772016188188,10.871949809163821],[122.76826033382113,10.871949821592427],[122.76826033382113,10.871680478900457],[122.76798766447963,10.871680480635085],[122.7679876644796,10.871411213089607],[122.76772016188188,10.871411196979622],[122.76772016188188,10.871141929692412],[122.76744749109172,10.87114192945487],[122.76744749109172,10.870603321374888],[122.76717998707282,10.870603302685366],[122.76717998707282,10.870064696928782],[122.76744749109172,10.870064716907704],[122.76744749109172,10.869795453478604],[122.76826033382113,10.86979540494711],[122.76826033382113,10.869526144380123],[122.76879542159406,10.869526173748982],[122.76879542159406,10.869256840476597],[122.76852783499766,10.869256830440097],[122.76852783499766,10.868987572324023],[122.76826033382113,10.868987551057206],[122.76826033382113,10.868718293199562],[122.76772016188188,10.868718265148166],[122.76772016188188,10.867367863570866],[122.76798766447963,10.867367889360596],[122.76798766447963,10.867098561381926],[122.76852783499768,10.867098596618517],[122.76852783499768,10.866829270845596],[122.77203138088431,10.866829246222323],[122.77203138088431,10.866560004692879],[122.77229887213738,10.866560027266768],[122.77229887213738,10.86602139842172],[122.7725715299148,10.866021405249528],[122.7725715299148,10.865213545623572],[122.77283901974621,10.865213570776213],[122.77283901974621,10.863597804900971],[122.7725715299148,10.863597850769603],[122.7725715299148,10.863055273973943],[122.77203138088431,10.863055303830588],[122.77203138088431,10.863328502781618],[122.77176380280609,10.86332855730279],[122.77176380280609,10.863597863526277],[122.77149114286175,10.863597849799802],[122.77149114286175,10.864405700973952],[122.7712236494829,10.864405672277123],[122.7712236494829,10.864944295462609],[122.77014324810258,10.864944226122097],[122.77014324810258,10.864405672620125],[122.76987575117663,10.864405717206008],[122.76987575117663,10.863597854349276],[122.76960825354676,10.863597821788975],[122.76960825354676,10.862785995892247],[122.76987575117663,10.862786030396204],[122.76987575117663,10.861978183847194],[122.77014324810258,10.861978145075566],[122.77014324810258,10.86117030859605],[122.76987575117663,10.861170270543164],[122.76987575117663,10.860901042805972],[122.76960825354676,10.860901003789],[122.76960825354676,10.860631701421509],[122.7690680887692,10.860631712414769],[122.7690680887692,10.860093182676742],[122.76772016188188,10.860093162601158],[122.76772016188188,10.859823858394089],[122.76744749109172,10.859823905425227],[122.76744749109172,10.859554601464849],[122.76717998707282,10.859554556324891],[122.76717998707282,10.859016024716722],[122.76691248235015,10.859016052857612],[122.76691248235015,10.859285281409662],[122.76637230325035,10.859285279394602],[122.76637230325035,10.859016049540749],[122.76610471027695,10.859016012083808],[122.76610471027695,10.859285317472802],[122.7652919364423,10.859285271458505],[122.7652919364423,10.859016039001105],[122.76502434062607,10.859016000253863],[122.76502434062607,10.858746768055456],[122.76475683023281,10.858746718088378],[122.76475683023278,10.857934906030463],[122.76448423762402,10.85793493459141],[122.76448423762402,10.857127097911306],[122.7642166396826,10.857127128565669],[122.7642166396826,10.85685782587248],[122.76394404562599,10.856857776258707],[122.76394404562599,10.85658854870232],[122.76367653239132,10.856588492279165],[122.76367653239132,10.856319264982233],[122.76340893232481,10.85631921784797],[122.76340893232481,10.855780689787613],[122.76286882074454,10.855780652131854],[122.76286882074454,10.855511425600934],[122.76232862016724,10.855511395594014],[122.76232862016724,10.856319231583871],[122.76178841672126,10.856319279071121],[122.76178841672127,10.856049973238004],[122.76125337821031,10.856050002128201],[122.76125337821031,10.855780695909846],[122.75990552001043,10.855780706083985],[122.75990552001043,10.855511397521427],[122.75801742048733,10.85551143083977],[122.75801742048733,10.855780669060488],[122.75774989166868,10.855780678520935],[122.75774989166868,10.856049993183246],[122.75720975004634,10.856049943193085],[122.75720975004634,10.856588502940529],[122.75666951942337,10.856588539396654],[122.75666951942337,10.85631922032195],[122.75693705108199,10.856319285755017],[122.75693705108199,10.855511410784478],[122.75720975004634,10.855511387062633],[122.75720975004634,10.855242147800107],[122.75747719415166,10.855242150523624],[122.75747719415166,10.854972837917364],[122.75774989166868,10.854972814853125],[122.75774989166868,10.854703578700441],[122.75855755782287,10.854703551478684],[122.75855755782287,10.854972860576694],[122.75963282827007,10.854972883686012],[122.75963282827007,10.855242116206146],[122.76071316905471,10.855242125874948],[122.76071316905471,10.855511431586493],[122.76206110268409,10.85551140955358],[122.76206110268409,10.855242107091026],[122.76313633610354,10.855242110806818],[122.76313633610354,10.854972811840492],[122.76286882074454,10.854972825474038],[122.76286882074454,10.854434303853292],[122.76260130468201,10.854434315878171],[122.76260130468201,10.853357206022364],[122.76232862016724,10.853357156154756],[122.76232862016724,10.852814673778603],[122.76206110268409,10.852814681280712],[122.76206110268409,10.852545387876754],[122.76178841672127,10.852545410258088],[122.76178841672127,10.85227611710149],[122.76152089781752,10.852276122669613],[122.76152089781752,10.851737537780949],[122.76125337821031,10.85173754174033],[122.76125337821031,10.851199034067152],[122.76098069008246,10.851198977293844],[122.76098069008246,10.850660471924899],[122.76071316905471,10.850660472660918],[122.76071316905471,10.849852607130005],[122.7604405656097,10.849852611053585],[122.7604405656097,10.849044826580142],[122.76017304316177,10.849044822803389],[122.76017304316177,10.848236969654755],[122.75990552001043,10.84823696362461],[122.75990552001043,10.847155942256935],[122.76017304316177,10.84715595087549],[122.76017304316177,10.846617393901361],[122.7604405656097,10.846617403490422],[122.7604405656097,10.846348127005788],[122.76071316905471,10.846348131633151],[122.76071316905471,10.84607885671068],[122.76125337821031,10.846078861330318],[122.76125337821031,10.84634813495073],[122.76152089781752,10.846348143896337],[122.76152089781752,10.846617417777091],[122.76313633610354,10.846617354805433],[122.76313633610354,10.84634808481874],[122.76394404562599,10.846348088358933],[122.76394404562599,10.846078821224305],[122.76448423762402,10.846078818065564],[122.76448423762402,10.845809553138213],[122.76475683023281,10.845809554166973],[122.76475683023281,10.845540290801853],[122.7652919364423,10.845540293644941],[122.7652919364423,10.845271032474885],[122.76556452688617,10.845271033836593],[122.76556452688617,10.845001774228805],[122.76583212128102,10.84500177101499],[122.76583212128102,10.844732512957473],[122.76610471027695,10.844732514977176],[122.76610471027695,10.844463258481966],[122.76637230325035,10.844463255914166],[122.76637230325035,10.844193926093148],[122.76663980939408,10.844193934094426],[122.76663980939408,10.843924680699848],[122.76772016188188,10.8439246809386],[122.76772016188188,10.844193931728729],[122.7679876644796,10.844193938123173],[122.7679876644796,10.843924687977914],[122.76826033382113,10.843924679107605],[122.76826033382113,10.843382214520945],[122.7690680887692,10.843382210821305],[122.7690680887692,10.84365542484924],[122.76933558782041,10.843655430926617],[122.76933558782041,10.843924676916986],[122.76960825354676,10.843924666409022],[122.76960825354676,10.844463234664818],[122.76987575117663,10.844463238163431],[122.76987575117663,10.844732485567384],[122.77041591166262,10.844732474640526],[122.77041591166262,10.845001796521478],[122.7712236494829,10.845001773348672],[122.7712236494829,10.84527101931335],[122.77176380280609,10.8452710774105],[122.77176380280609,10.845540322978184],[122.77229887213738,10.845540309111488],[122.77229887213738,10.845809554294151],[122.7731116760745,10.845809587830548],[122.7731116760745,10.846078831958652],[122.7736467383094,10.846078887170373],[122.7736467383094,10.84634813091361],[122.77418696487331,10.846348092846961],[122.77418696487331,10.846617411065658],[122.7744544504526,10.846617403945654],[122.7744544504526,10.847425212351869],[122.77472710244655,10.847425187076428],[122.77472710244655,10.847963754182441],[122.77526732326673,10.847963780571133],[122.77526732326673,10.848236995060216],[122.77553480600199,10.84823698277228],[122.77553480600199,10.84850622921662],[122.77607502252772,10.848506251035635],[122.77607502252772,10.84877549708231],[122.77634250313656,10.848775557414958],[122.77634250313656,10.849044803721709],[122.77688271536759,10.849044820989809],[122.77688271536759,10.849314066898819],[122.77715027996649,10.849314114727527],[122.77715027996649,10.849583360896313],[122.77742292472603,10.84958332707431],[122.77742292472603,10.849852648364312],[122.77795796425755,10.84985260033641],[122.77795796425755,10.850391168176658],[122.77849816789795,10.850391175039926],[122.77849816789795,10.850660421577697],[122.77930584147157,10.850660478120027],[122.77930584147157,10.850929723615003],[122.77957848044537,10.850929758758548],[122.77957848044537,10.851199004500854],[122.77984603794343,10.851198969722832],[122.77984603794343,10.851737537504881],[122.77957848044537,10.851737573573772],[122.77957848044537,10.852545396532209],[122.77984603794343,10.852545358527092],[122.77984603794343,10.853083935357457],[122.78092642226748,10.853083912629508],[122.78092642226748,10.853626456251027],[122.78065370079857,10.853626439586325],[122.78065370079857,10.853895766671215],[122.78011350862256,10.853895707080987],[122.78011350862259,10.854165036373741],[122.77984603794343,10.854164993447966],[122.77984603794343,10.854434324290743],[122.77957848044537,10.854434291946598],[122.77957848044537,10.854703549462544],[122.77903828255046,10.85470356606601],[122.77903828255046,10.854434307247322],[122.77877080903974,10.854434263683245],[122.77877080903974,10.854703598024411],[122.77849816789795,10.854703571112163],[122.77849816789795,10.855242094067814],[122.77823060684929,10.855242136928402],[122.77823060684929,10.856319271153332],[122.77795796425755,10.856319247528425],[122.77795796425755,10.856588515283295],[122.77769040178599,10.856588560726289],[122.77769040178599,10.85685783003083],[122.77742292472603,10.856857790662046],[122.77742292472603,10.857396333273732],[122.77715027996649,10.857396386176896],[122.77715027996649,10.857665659496773],[122.77688271536759,10.85766563167584],[122.77688271536759,10.857396357710872],[122.77661523618104,10.857396393549203],[122.77661523618104,10.856857772160835],[122.77634250313659,10.856857833023764],[122.77634250313659,10.856588560468982],[122.77607502252772,10.856588518846428],[122.77607502252772,10.855780704673649],[122.77634250313659,10.855780673350434],[122.77634250313659,10.855511404413333],[122.77661523618104,10.85551142171961],[122.77661523618104,10.855242154344497],[122.77688271536759,10.855242123667061],[122.77688271536759,10.854972857841448],[122.77715027996649,10.854972817234449],[122.77715027996649,10.854434289587198],[122.77661523618104,10.854434282766933],[122.77661523618104,10.854165019009857],[122.77607502252772,10.854165025868097],[122.77607502252772,10.85389576171287],[122.77580237415083,10.853895729549416],[122.77580237415083,10.853626465641385],[122.77553480600199,10.85362642653479],[122.77553480600199,10.85308393159356],[122.77472710244655,10.853083953873675],[122.77472710244655,10.852814690099958],[122.77418696487331,10.852814675623716],[122.77418696487331,10.852545411452274],[122.7739193924706,10.852545367827686],[122.7739193924706,10.85308397324455],[122.773379250604,10.853083958124902],[122.773379250604,10.853357194691727],[122.7731116760745,10.853357152047547],[122.7731116760745,10.854703583429782],[122.773379250604,10.854703547967503],[122.773379250604,10.855780721751069],[122.7736467383094,10.855780693643693],[122.7736467383094,10.85631924723129],[122.77418696487331,10.856319235803126],[122.77418696487331,10.856857790402994],[122.7744544504526,10.856857833634463],[122.7744544504526,10.858746767572901],[122.77418696487331,10.858746728864613],[122.77418696487331,10.859285299767889],[122.7736467383094,10.859285325544032],[122.7736467383094,10.859823902669245],[122.7725715299148,10.859823853952502],[122.7725715299148,10.859554562345592],[122.77149114286175,10.859554597154998],[122.77149114286175,10.859285303847331],[122.77176380280609,10.859285328099867],[122.77176380280609,10.858746745511676],[122.77149114286178,10.85874671994456],[122.77149114286175,10.858477429349499],[122.7712236494829,10.858477461344712],[122.7712236494829,10.858208171008863],[122.77149114286178,10.85820821454444],[122.77149114286175,10.85658852652207],[122.7712236494829,10.856588553992859],[122.7712236494829,10.856319270000267],[122.77095098808958,10.856319237850963],[122.77095098808958,10.855511389327791],[122.7706834932892,10.855511413574149],[122.7706834932892,10.855242131896958],[122.77041591166262,10.855242165433202],[122.77041591166262,10.854703603501763],[122.77014324810258,10.854703566426355],[122.77014324810258,10.854434286160137],[122.76987575117663,10.854434306863029],[122.76987575117663,10.853083947125445],[122.76960825354676,10.853083964274962],[122.76960825354676,10.851737592744337],[122.76933558782041,10.851737547447366],[122.76933558782041,10.850929733413679],[122.7690680887692,10.85092974475929],[122.7690680887692,10.850660474579286],[122.76879542159406,10.85066042599648],[122.76879542159406,10.850391156064068],[122.76826033382113,10.8503911848169],[122.76826033382113,10.850121914499205],[122.7690680887692,10.850121936933636],[122.7690680887692,10.84877553377552],[122.76879542159406,10.848775555471022],[122.76879542159406,10.847963723977891],[122.76852783499768,10.847963737822255],[122.76852783499768,10.846348107429705],[122.76826033382113,10.846348106838628],[122.76826033382113,10.845809594284455],[122.76798766447963,10.84580960775684],[122.76798766447963,10.845540277303732],[122.76772016188188,10.845540274133828],[122.76772016188188,10.845809605231995],[122.76610471027695,10.845809550009815],[122.76610471027695,10.846078885908888],[122.7652919364423,10.846078818700484],[122.7652919364423,10.846348082585935],[122.76475683023278,10.846348158491802],[122.76475683023278,10.84661742457252],[122.76448423762402,10.846617425515243],[122.76448423762402,10.84688669315815],[122.76313633610354,10.846886625697223],[122.76313633610354,10.84715589749408],[122.76260130468201,10.847155961886262],[122.76260130468201,10.846886688799529],[122.76178841672126,10.846886699899969],[122.76178841672126,10.84715597494612],[122.76125337821031,10.847155961242636],[122.76125337821031,10.847425238483435],[122.76098069008246,10.847425247384766],[122.76098069008246,10.847963731012841],[122.76125337821031,10.847963720797097],[122.76125337821031,10.849314098494363],[122.76152089781752,10.849314100337926],[122.76152089781752,10.851199031397227],[122.76178841672127,10.851199028408226],[122.76178841672126,10.852006824849614],[122.76232862016724,10.852006798215363],[122.76232862016724,10.852276089165064],[122.76260130468201,10.852276141670584],[122.76260130468202,10.852545357981462],[122.76286882074454,10.852545350479879],[122.76286882074454,10.853083934298395],[122.76313633610354,10.853083925188022],[122.76313633610354,10.85362648035137],[122.76340893232481,10.85362646394273],[122.76340893232481,10.853895757729596],[122.76367653239132,10.853895735780137],[122.76367653239132,10.85416502982649],[122.76394404562599,10.854165017163734],[122.76394404562599,10.854703531792854],[122.76475683023281,10.85470354113756],[122.76475683023278,10.855242130353533],[122.76502434062607,10.855242113822621],[122.76502434062607,10.855780705366795],[122.7652919364423,10.855780676974057],[122.7652919364423,10.856049973457697],[122.76556452688617,10.856049948514674],[122.76556452688617,10.856857841420634],[122.76583212128102,10.856857809802742],[122.76583212128102,10.857127108601697],[122.76610471027695,10.857127080373331],[122.76610471027695,10.857665679369925],[122.76637230325035,10.857665645171972],[122.76637230325035,10.857934945381594],[122.76663980939408,10.857934920474415],[122.76663980939408,10.858208190061635],[122.76691248235015,10.858208147957393],[122.76691248235015,10.858477448686537],[122.76744749109172,10.858477469554176],[122.76744749109174,10.858746769897925],[122.76772016188188,10.858746725496525],[122.76772016188188,10.859016026087042],[122.76826033382113,10.859016026155452],[122.76826033382113,10.859285326347996],[122.76960825354676,10.859285278034038],[122.76960825354676,10.860093174287657],[122.76987575117663,10.860093140350108],[122.76987575117663,10.860362440264613],[122.7706834932892,10.860362457710199],[122.7706834932892,10.859823862679923],[122.77095098808958,10.85982390299195],[122.77095098808958,10.860093124522356],[122.7712236494829,10.860093147460475],[122.7712236494829,10.860362444125364],[122.77095098808958,10.860362421844536],[122.77095098808958,10.861708847127387],[122.7712236494829,10.861708866121917],[122.7712236494829,10.861978168210957],[122.7706834932892,10.861978114719566],[122.7706834932892,10.863867083240017],[122.77095098808958,10.863867113871496],[122.77095098808958,10.863328571492664],[122.7712236494829,10.863328511643116],[122.7712236494829,10.8630553107165],[122.77149114286175,10.863055267756206],[122.77149114286175,10.862786037586604],[122.77176380280609,10.862785978404684],[122.77176380280609,10.862516749795914],[122.77203138088431,10.862516697219979],[122.77203138088431,10.86224739527061],[122.77283901974621,10.862247401576012],[122.77283901974621,10.862516701578182],[122.7725715299148,10.862516744857189],[122.7725715299148,10.86278597151906],[122.773379250604,10.862786036610341],[122.773379250604,10.86305526222896],[122.7736467383094,10.863055291584827],[122.7736467383094,10.863328561473923],[122.7739193924706,10.863328573233998],[122.7739193924706,10.864136404134959],[122.773379250604,10.864136367579583],[122.773379250604,10.864405672619455],[122.7736467383094,10.864405698741802],[122.7736467383094,10.865213542458891],[122.773379250604,10.865213518270902],[122.773379250604,10.865482826925717],[122.7731116760745,10.86548281332696],[122.7731116760745,10.86655998467145],[122.77283901974621,10.866559979815818],[122.77283901974621,10.866829294291424],[122.7725715299148,10.86682927300748],[122.7725715299148,10.86736783106578],[122.77229887213738,10.86736782752439],[122.77229887213738,10.86763714601291],[122.77176380280609,10.867637115969025],[122.77176380280609,10.86790643665109],[122.77149114286178,10.867906433440917],[122.77149114286178,10.867637186996074],[122.77041591166262,10.867637128246766],[122.77041591166262,10.867367880113706],[122.7690680887692,10.867367870766113],[122.7690680887692,10.867637122147576],[122.76879542159406,10.86763711499794],[122.76879542159406,10.867906442836302],[122.76852783499768,10.867906429565638],[122.76852783499768,10.868448983903718],[122.76879542159406,10.868448995874983],[122.76879542159406,10.868718251539834],[122.7690680887692,10.868718256050903],[122.7690680887692,10.86898758685914],[122.76933558782041,10.868987532263539],[122.76933558782041,10.869256863330264],[122.7690680887692,10.869256843673215],[122.7690680887692,10.869795434908637],[122.76879542159406,10.86979543302648],[122.76879542159406,10.870334029189342],[122.76798766447963,10.8703340021379],[122.7679876644796,10.870872605807401],[122.76852783499768,10.870872622798291],[122.76852783499766,10.8714112274766],[122.76879542159406,10.871411157453506],[122.76879542159406,10.87194976445392],[122.76852783499768,10.871949760866872],[122.76852783499766,10.872488372769629],[122.76826033382113,10.872488359883874],[122.76826033382113,10.872219090286734],[122.7679876644796,10.872219093335827],[122.7679876644796,10.872488363590115],[122.76772016188188,10.872488350058823],[122.76772016188188,10.873838837754],[122.76744749109172,10.87383884409808],[122.76744749109172,10.874646677765755],[122.76717998707282,10.874646668755817],[122.76717998707282,10.875454587386256],[122.76744749109174,10.875454594462088],[122.76744749109172,10.875723876864857],[122.76798766447963,10.875723871706056],[122.7679876644796,10.876531795329672],[122.76826033382113,10.876531781755599],[122.76826033382113,10.876801065809923],[122.76879542159406,10.876801060339421],[122.76879542159406,10.87707034400668],[122.7690680887692,10.877070403039204],[122.7690680887692,10.877339686952027],[122.76933558782041,10.877339687258022],[122.76933558782041,10.877608971428643]],[[122.77769040178599,10.85308394896449],[122.77769040178599,10.852814692336183],[122.77795796425755,10.852814655937959],[122.77795796425755,10.853083911920944],[122.77769040178599,10.85308394896449]],[[122.77634250313659,10.85146828582665],[122.77607502252772,10.851468306818816],[122.77607502252772,10.851198976847227],[122.77634250313659,10.851199031376263],[122.77634250313659,10.85146828582665]],[[122.77472710244655,10.849044792758534],[122.7744544504526,10.849044821989114],[122.7744544504526,10.848775571129718],[122.77472710244655,10.848775542556659],[122.77472710244655,10.849044792758534]],[[122.7736467383094,10.84904481116291],[122.773379250604,10.849044823134747],[122.773379250604,10.848775569682868],[122.7736467383094,10.848775558356026],[122.7736467383094,10.84904481116291]],[[122.77041591166262,10.847155954914083],[122.77014324810258,10.847155974293162],[122.77014324810258,10.846886644511375],[122.77041591166262,10.846886700665838],[122.77041591166262,10.847155954914083]],[[122.76583212128102,10.85901604492192],[122.76583212128102,10.858746739779953],[122.76610471027695,10.858746782488934],[122.76610471027695,10.859016012083808],[122.76583212128102,10.85901604492192]],[[122.7652919364423,10.856857793446542],[122.76502434062607,10.856857824419714],[122.76502434062607,10.856588524577894],[122.7652919364423,10.856588494249879],[122.7652919364423,10.856857793446542]],[[122.7642166396826,10.855511400860973],[122.7642166396826,10.855780699032248],[122.76367653239132,10.855780663322697],[122.76367653239132,10.855511438738127],[122.7642166396826,10.855511400860973]],[[122.76367653239132,10.855242140169297],[122.76367653239132,10.855511438738127],[122.76313633610354,10.855511410677655],[122.76313633610354,10.855242110806818],[122.76367653239132,10.855242140169297]],[[122.77795796425755,10.852276146685728],[122.77823060684929,10.852276105305554],[122.77823060684929,10.851737526111737],[122.77795796425755,10.851737566176542],[122.77795796425755,10.851468314716854],[122.77849816789795,10.851468316368777],[122.77849816789795,10.852814651076155],[122.77877080903974,10.852814682600005],[122.77877080903973,10.85308393662295],[122.77849816789795,10.853083905756456],[122.77849816789795,10.853357204674559],[122.77823060684929,10.853357168140844],[122.77823060684929,10.852814688118801],[122.77795796425755,10.852814655937959],[122.77795796425755,10.852276146685728]]]}"
00fd000000000000048c,AJUY-019,3754.27184,0,-0.4591750868,0.1053336261,0,26.44391404,1.662020577,0,456.3268691,0.4258214772,2022,11.17796267,123.0575601,Ajuy,"{""type"":""Polygon"",""coordinates"":[[[123.05742378302001,11.17782788245593],[123.05769643989997,11.177827878952112],[123.05769643989997,11.178097459676739],[123.05742378302001,11.17809746384256],[123.05742378302001,11.17782788245593]]]}"
00fd000000000000052b,AJUY-020,3754.27184,0,-1.844130833,0.1772684101,0,26.44391404,1.662020577,9.770718849,530.0420914,0.446926112,2022,11.16798886,123.073192,Ajuy,"{""type"":""Polygon"",""coordinates"":[[[123.07305830425742,11.16785407137924],[123.07332576632486,11.167854110569836],[123.07332576632486,11.168123620757367],[123.07305830425742,11.168123657184681],[123.07305830425742,11.16785407137924]]]}"
00fd00000000000012a2,AJUY-021,3754.27184,0,-0.7774872973,0.1403544899,0,26.44391404,1.662020577,0,393.3950111,0.4347041316,2022,11.17670527,123.0593593,Ajuy,"{""type"":""Polygon"",""coordinates"":[[[123.05904434143643,11.176480085297909],[123.0595844930581,11.176480043366766],[123.0595844930581,11.177019187725381],[123.05931184137562,11.177019191606206],[123.05931184137562,11.176749618324715],[123.05904434143643,11.176749658348712],[123.05904434143643,11.176480085297909]]]}"
00fd00000000000012d3,AJUY-022,3754.27184,3.958333333,-17.04812595,0.2258372717,2.157162609,26.44391404,1.662020577,0,1780.054263,0.4483523836,2022,11.17382878,123.0455231,Ajuy,"{""type"":""Polygon"",""coordinates"":[[[123.04529790857357,11.173514835200576],[123.04557059881532,11.173514857461472],[123.04557059881532,11.173784453536355],[123.04583813512687,11.173784437194893],[123.04583813512687,11.174053958508843],[123.04529790857357,11.174054029554522],[123.04529790857357,11.173514835200576]]]}"
00fd00000000000012e8,AJUY-023,3754.27184,0,-3.791319554,0.1849946435,0,26.44391404,1.662020577,378.142943,1359.421197,0.4192000827,2022,11.17284096,123.0263014,Ajuy,"{""type"":""Polygon"",""coordinates"":[[[123.02589753158382,11.17270620940161],[123.02670527983783,11.172706148960762],[123.02670527983783,11.172975713166926],[123.02589753158382,11.172975775566911],[123.02589753158382,11.17270620940161]]]}"
00fd000000000000159e,AJUY-024,3754.27184,2.768101761,2.492716358,0.2156623484,3.971516741,26.44391404,1.662020577,19.83384548,1863.331008,0.4522010522,2022,11.17499746,123.0426719,Ajuy,"{""type"":""Polygon"",""coordinates"":[[[123.04233459763714,11.174862678273445],[123.0426021426785,11.174862663307117],[123.0426021426785,11.17459313150078],[123.04287484033274,11.174593079493917],[123.04287484033274,11.175401825558417],[123.0426021426785,11.175401804555527],[123.0426021426785,11.175132270988827],[123.04233459763714,11.17513228660452],[123.04233459763714,11.174862678273445]]]}"
00fd00000000000015be,AJUY-025,3754.27184,3.81827112,0.5744217852,0.4118137082,2.155036217,26.44391404,1.662020577,185.445877,2040.426847,0.3975717784,2022,11.17257139,123.0417944,Ajuy,"{""type"":""Polygon"",""coordinates"":[[[123.04125427519905,11.172436629307482],[123.04233459763714,11.17243661788633],[123.04233459763714,11.172706143299655],[123.04125427519905,11.17270615734195],[123.04125427519905,11.172436629307482]]]}"
00fd00000000000015d3,AJUY-026,3754.27184,1,-0.7024994965,0.2551484673,0.4312026209,26.44391404,1.662020577,0.05914332063,875.4248235,0.4003597481,2022,11.17156023,123.0583685,Ajuy,"{""type"":""Polygon"",""coordinates"":[[[123.05796394347958,11.171358405246957],[123.05877168826693,11.17135835392085],[123.05877168826693,11.171627910904077],[123.0585041868688,11.171627937922677],[123.05850418686883,11.17189749643616],[123.05823659887265,11.171897459418478],[123.05823659887265,11.17162790025541],[123.05796394347958,11.171627964191565],[123.05796394347958,11.171358405246957]]]}"
00fd00000000000015e1,AJUY-027,3754.27184,1.202941176,-0.9405158839,0.1576236964,1.344166572,26.44391404,1.662020577,59.7031852,938.2766738,0.3911179031,2022,11.17081924,123.0582341,Ajuy,"{""type"":""Polygon"",""coordinates"":[[[123.05796394347958,11.17054965871661],[123.0585041868688,11.170549712675632],[123.0585041868688,11.171088823537737],[123.05796394347958,11.17108877220179],[123.05796394347958,11.17054965871661]]]}"
00fd00000000000015ee,AJUY-028,3754.27184,1.151873767,-1.463971606,0.1740153834,3.318216655,26.44391404,1.662020577,0,917.2250308,0.4279447698,2022,11.16448861,123.0770994,Ajuy,"{""type"":""Polygon"",""coordinates"":[[[123.07656178537034,11.164353818870508],[123.07763700050423,11.164353845690297],[123.07763700050423,11.16462340892574],[123.07656178537034,11.164623384718597],[123.07656178537034,11.164353818870508]]]}"
00fd0000000000001603,AJUY-029,3754.27184,5.070726916,-2.826809221,0.3092521479,3.236717175,26.44391404,1.662020577,41.72039723,429.1507898,0.395626994,2022,11.15640206,123.024277,Ajuy,"{""type"":""Polygon"",""coordinates"":[[[123.02373686077284,11.156267286033655],[123.02481720205252,11.15626731483016],[123.02481720205252,11.156536829892026],[123.02373686077284,11.156536803715397],[123.02373686077284,11.156267286033655]]]}"
00fd000000000000162a,AJUY-030,3754.27184,6.692534381,-3.069491976,0.2012444383,6.699687864,26.44391404,1.662020577,0,727.3069158,0.4116062436,2022,11.15370658,123.0256249,Ajuy,"{""type"":""Polygon"",""coordinates"":[[[123.02508470840777,11.153571831157059],[123.02616512093324,11.15357179390023],[123.02616512093324,11.153841371863503],[123.02508470840777,11.153841336753665],[123.02508470840777,11.153571831157059]]]}"
00fd00000000000018d1,AJUY-031,3754.27184,3.892885066,50.26235785,0.2582713165,6.727081829,26.44391404,1.662020577,0,1747.556901,13.59133913,2022,11.17488924,123.0448409,Ajuy,"{""type"":""Polygon"",""coordinates"":[[[123.04449022573803,11.174862683340226],[123.0447577649644,11.174862665727728],[123.0447577649644,11.174323538462492],[123.04503037080445,11.1743235700366],[123.04503037080445,11.17540182544247],[123.0447577649644,11.175401796514157],[123.0447577649644,11.175132268177725],[123.04449022573803,11.17513221144559],[123.04449022573803,11.174862683340226]]]}"
00fd0000000000001906,AJUY-032,3754.27184,5.406446541,-0.8353110914,0.2106938932,6.271738634,26.44391404,1.662020577,65.92347425,786.9415301,0.417142428,2022,11.1531675,123.0241432,Ajuy,"{""type"":""Polygon"",""coordinates"":[[[123.02346935078835,11.153032696332613],[123.02481720205252,11.153032752922297],[123.02481720205252,11.153302257404167],[123.02346935078835,11.153302279071383],[123.02346935078835,11.153032696332613]]]}"
00fd0000000000001bbd,AJUY-033,3754.27184,3.628137384,-5.457608974,0.2434709671,4.228028564,26.44391404,1.662020577,10.04306379,179.5796052,0,2022,11.18119554,123.0585041,Ajuy,"{""type"":""Polygon"",""coordinates"":[[[123.05823659887265,11.180793180767681],[123.05877168826693,11.180793147243662],[123.05877168826693,11.181597938785025],[123.05823659887265,11.181597901197149],[123.05823659887265,11.180793180767681]]]}"
00fd0000000000001bd2,AJUY-034,3754.27184,2.481262327,3.819626747,0.185345245,3.111374862,26.44391404,1.662020577,0,1387.328129,0.4676138636,2022,11.17306488,123.0502399,Ajuy,"{""type"":""Polygon"",""coordinates"":[[[123.04988175335009,11.17270614738991],[123.05068947814577,11.172706201819642],[123.05068947814577,11.172975707839967],[123.05041680198367,11.17297576564909],[123.05041680198367,11.173514856642548],[123.04988175335009,11.173514898938059],[123.04988175335009,11.17324531420805],[123.05014927802792,11.173245293873912],[123.05014927802792,11.172975710673986],[123.04988175335009,11.172975730358662],[123.04988175335009,11.17270614738991]]]}"
00fd0000000000001be0,AJUY-035,3754.27184,2.404605263,-11.15288764,0.157237038,4.170840475,26.44391404,1.662020577,0,1420.002851,0.4257004036,2022,11.17149402,123.0514066,Ajuy,"{""type"":""Polygon"",""coordinates"":[[[123.05095700064349,11.171627944151195],[123.05122967531942,11.171627963963152],[123.05122967531942,11.171088814256489],[123.0517647166765,11.171088780342377],[123.0517647166765,11.171627927451139],[123.05149719635902,11.171627945871268],[123.05149719635902,11.171897521396216],[123.05095700064349,11.171897520987471],[123.05095700064349,11.171627944151195]]]}"
00fd0000000000001dd3,AJUY-036,3754.27184,0,-1.041304687,0.1604672417,0,26.44391404,1.662020577,118.7743688,380.9591339,0.4157505469,2022,11.16910531,123.076311,Ajuy,"{""type"":""Polygon"",""coordinates"":[[[123.07575401404628,11.169201913700846],[123.07602155468413,11.1692018607402],[123.07602155468413,11.168932353577244],[123.07628909459818,11.168932300938554],[123.07628909459818,11.168662795306416],[123.07682923796334,11.168662738063365],[123.07682923796334,11.168932317349737],[123.07656178537034,11.168932360024256],[123.07656178537034,11.169471447573477],[123.07575401404628,11.169471422394594],[123.07575401404628,11.169201913700846]]]}"
00fd0000000000001dec,AJUY-037,3754.27184,3.462359551,-21.26907584,0.3580147471,5.750527096,26.44391404,1.662020577,119.3792869,603.7234683,0.4207591717,2022,11.16879756,123.0640269,Ajuy,"{""type"":""Polygon"",""coordinates"":[[[123.06308286956225,11.168662801922988],[123.06497090588937,11.16866278245738],[123.06497090588937,11.16893231557949],[123.06308286956225,11.16893233963006],[123.06308286956225,11.168662801922988]]]}"
00fd0000000000002302,AJUY-038,3754.27184,4.531058618,-32.07217812,0.3923771932,1.705258995,26.44391404,1.662020577,0,687.0618106,0.3950087281,2022,11.13915546,123.016326,Ajuy,"{""type"":""Polygon"",""coordinates"":[[[123.01592216270704,11.138751153781602],[123.01672982022467,11.138751173230856],[123.01672982022467,11.139559757869545],[123.01592216270704,11.139559744296141],[123.01592216270704,11.138751153781602]]]}"
00fd00000000000024b9,AJUY-039,3754.27184,0,2.718557452,0.2012983491,0.5294490646,26.44391404,1.662020577,29.60840831,530.0389677,0.4663086725,2022,11.16744978,123.0725181,Ajuy,"{""type"":""Polygon"",""coordinates"":[[[123.07225059018286,11.16677589346252],[123.07278560382542,11.166775893103576],[123.07278560382542,11.168123666695736],[123.07225059018286,11.16812367355347],[123.07225059018286,11.16677589346252]]]}"
00fd00000000000024cc,AJUY-040,3754.27184,8.18288854,-30.81866743,0.3555401656,10.77856644,26.44391404,1.662020577,441.6453819,786.9389683,0.3781956795,2022,11.15262841,123.0183479,Ajuy,"{""type"":""Polygon"",""coordinates"":[[[123.01807776289742,11.151954537244318],[123.01861796576739,11.151954587273957],[123.01861796576739,11.153302251021108],[123.01807776289742,11.153302282532358],[123.01807776289742,11.151954537244318]]]}"
00fd0000000000002722,AJUY-041,3754.27184,4.577929058,2.233573603,0.2493555186,2.619485517,26.44391404,1.662020577,19.77218275,582.3015995,0.3970176385,2022,11.13792969,123.0162776,Ajuy,"{""type"":""Polygon"",""coordinates"":[[[123.01565463168805,11.137673052553895],[123.01592216270704,11.137673020464765],[123.01592216270704,11.137403545577566],[123.01646237729076,11.137403521688952],[123.01646237729076,11.137673070245084],[123.01672982022467,11.137673047748603],[123.01672982022467,11.13848162179082],[123.01619484772544,11.138481680930168],[123.01619484772544,11.138212129075626],[123.01592216270704,11.138212122846856],[123.01592216270704,11.13794257121419],[123.01565463168805,11.137942603952279],[123.01565463168805,11.137673052553895]]]}"
00fd000000000000283f,CONCEPCION-040,3754.27184,0,-1.497415021,0.2194520441,0,26.44391404,1.662020577,410.3399219,0,0.4284700537,2022,11.17250305,123.0758189,Concepcion,"{""type"":""Polygon"",""coordinates"":[[[123.07521386480822,11.171897485447104],[123.07602155468413,11.17189750559476],[123.07602155468413,11.172167022446324],[123.07628909459818,11.172167036975143],[123.07628909459818,11.172706146990429],[123.07602155468413,11.172706208732034],[123.07602155468413,11.173514844825306],[123.07575401404628,11.173514833217778],[123.07575401404628,11.17270619517475],[123.07548140690734,11.172706208691814],[123.07548140690734,11.172167019781176],[123.07521386480822,11.172167079231185],[123.07521386480822,11.171897485447104]]]}"
00fd0000000000002b07,AJUY-042,3754.27184,1.586768181,2.673606928,0.2675400965,2.233517581,26.44391404,1.662020577,80.07024533,1945.460672,0.4565288791,2022,11.17384562,123.0421988,Ajuy,"{""type"":""Polygon"",""coordinates"":[[[123.04233459763714,11.174862678273445],[123.0420671377637,11.174862682289406],[123.0420671377637,11.174054010621653],[123.04179443788884,11.17405398529971],[123.04179443788884,11.172975716091162],[123.04233459763714,11.172975744586722],[123.04233459763714,11.173514874808882],[123.0426021426785,11.173514863088794],[123.0426021426785,11.17459313150078],[123.04233459763714,11.174593145817928],[123.04233459763714,11.174862678273445]]]}"
00fd0000000000002b16,AJUY-043,3754.27184,5.243384857,-2.450762457,0.2500301032,4.191389454,26.44391404,1.662020577,29.47132837,394.0516894,0.4202787341,2022,11.1363165,123.0159515,Ajuy,"{""type"":""Polygon"",""coordinates"":[[[123.0153870999492,11.135516849691077],[123.01619484772544,11.135516809064091],[123.01619484772544,11.136325365802632],[123.01646237729076,11.136325411274903],[123.01646237729076,11.136864427226506],[123.01619484772544,11.136864458029777],[123.01619484772544,11.137134005468319],[123.01565463168805,11.137134027385816],[123.01565463168805,11.135786367452699],[123.0153870999492,11.135786319694487],[123.0153870999492,11.135516849691077]]]}"
00fd00000000000036a3,AJUY-044,3754.27184,5.6121871,-7.574086414,0.298869709,1.630791207,26.44391404,1.662020577,0,0,0.3975066988,2022,11.11614596,123.0112758,Ajuy,"{""type"":""Polygon"",""coordinates"":[[[123.00999558920823,11.117189427682295],[123.01026304953409,11.117189462384212],[123.01026304953409,11.116380900846295],[123.0108032948605,11.116380918151808],[123.01080329486052,11.115572368508504],[123.01107075301461,11.115572331152629],[123.01107075301461,11.115302842010886],[123.0116109939541,11.115302862564768],[123.0116109939541,11.114763814594623],[123.01188360487909,11.114763819321464],[123.01188360487909,11.114494334805597],[123.01241868648856,11.11449431616331],[123.01241868648856,11.115302843433332],[123.01215114604368,11.115302817383963],[123.01215114604368,11.116380918703387],[123.0116109939541,11.116380894162676],[123.0116109939541,11.116111403676504],[123.01134345133651,11.116111378586814],[123.01134345133651,11.116650361741373],[123.01107075301461,11.11665037153053],[123.01107075301461,11.117728426065693],[123.01026304953409,11.117728457857153],[123.01026304953409,11.117458959678354],[123.00999558920823,11.117458925624927],[123.00999558920823,11.117189427682295]]]}"
00fd00000000000039ec,AJUY-045,3754.27184,2.847082981,-5.635717342,0.2647470998,2.485789579,26.44391404,1.662020577,0,464.3139351,0.4268531548,2022,11.17684368,123.0563548,Ajuy,"{""type"":""Polygon"",""coordinates"":[[[123.05554084135213,11.175940941911575],[123.05580835075278,11.175940908136772],[123.05580835075278,11.174862675340156],[123.05608101207909,11.17486268113937],[123.05608101207909,11.174593107056518],[123.05580835075278,11.174593100595352],[123.05580835075278,11.174323526731037],[123.05634852002115,11.174323578298932],[123.05634852002115,11.174862724285498],[123.05661611311781,11.1748626814911],[123.05661611311781,11.175401829699892],[123.0568887722209,11.175401833164354],[123.0568887722209,11.177019219961178],[123.05796394347958,11.17701917802763],[123.05796394347958,11.177288755462069],[123.0568887722209,11.177288800006178],[123.0568887722209,11.177558305943617],[123.05661611311781,11.177558307774609],[123.05661611311781,11.17782789024193],[123.0568887722209,11.17782788774895],[123.0568887722209,11.178906148783634],[123.05661611311781,11.178906153924395],[123.05661611311781,11.178636567936373],[123.05634852002115,11.178636619827866],[123.05634852002115,11.178906206465731],[123.05580835075278,11.17890617718892],[123.05580835075278,11.178367077160065],[123.05554084135213,11.178367041791384],[123.05554084135213,11.177827943983981],[123.05580835075278,11.17782790566232],[123.05580835075278,11.177019230005868],[123.05554084135213,11.17701919139069],[123.05554084135213,11.17674960895355],[123.05608101207909,11.17674964938373],[123.05608101207909,11.176210489773093],[123.05554084135213,11.17621052170787],[123.05554084135213,11.175940941911575]]]}"
00fd0000000000003a19,AJUY-046,3754.27184,4.390623193,25.48733354,0.2834201423,2.551835955,26.44391404,1.662020577,0,0,0.4088419153,2022,11.13112771,123.0148584,Ajuy,"{""type"":""Polygon"",""coordinates"":[[[123.0137666016937,11.12931770452908],[123.01403920670987,11.129317745839936],[123.01403920670987,11.127700596832472],[123.01457427672108,11.127700584295896],[123.01457427672108,11.128778674907744],[123.01484696543616,11.128778705961567],[123.01484696543616,11.130395789453999],[123.01511441271545,11.130395786446782],[123.01511441271545,11.131204375663843],[123.0153870999492,11.13120440009303],[123.0153870999492,11.132282528775644],[123.01565463168805,11.132282509991667],[123.01565463168805,11.13336057524105],[123.01592216270704,11.133360628509715],[123.01592216270704,11.134438705299297],[123.01511441271545,11.134438737082855],[123.01511441271545,11.132821577957227],[123.01484696543616,11.132821511826846],[123.01484696543616,11.13174344581088],[123.01457427672108,11.131743422030715],[123.01457427672108,11.131204355514322],[123.01430674207538,11.131204370381399],[123.01430674207538,11.130395850261609],[123.01403920670987,11.130395787881216],[123.01403920670987,11.129587273768024],[123.01376660169373,11.129587233118166],[123.0137666016937,11.12931770452908]]]}"
00fd0000000000003b7c,AJUY-047,3754.27184,4.5755449,8.385830446,0.4376908264,3.799703033,26.44391404,1.662020577,0,47.90776405,0.4217619769,2022,11.16305108,123.0269129,Ajuy,"{""type"":""Polygon"",""coordinates"":[[[123.02508470840777,11.161658282418562],[123.02562487318745,11.16165826794691],[123.02562487318745,11.161388738098218],[123.02589753158382,11.16138875033935],[123.02589753158382,11.16111922203296],[123.02562487318745,11.161119209130618],[123.02562487318745,11.160849606050348],[123.02643262365865,11.160849632790766],[123.02643262365865,11.161119158918119],[123.02670527983783,11.161119170811105],[123.02670527983783,11.161388772151883],[123.02751293562089,11.161388726586248],[123.02751293562089,11.161658326849103],[123.02778052061836,11.161658286874292],[123.02778052061836,11.162197413752498],[123.02751293562089,11.162197380031982],[123.02751293562089,11.164084243914296],[123.02778052061836,11.164084273092314],[123.02778052061836,11.164353806523572],[123.02805317309733,11.164353808796262],[123.02805317309733,11.164623342447134],[123.02832067073777,11.164623380273088],[123.02832067073777,11.16489291415616],[123.02858816765767,11.164892951005234],[123.02858816765767,11.165432020116556],[123.02724028165883,11.165432072814317],[123.02724028165883,11.1651624595524],[123.02697278110855,11.165162496695212],[123.02697278110855,11.16462334651353],[123.02670527983783,11.164623382030518],[123.02670527983783,11.164353845110483],[123.02643262365865,11.164353841153034],[123.02643262365865,11.163545158698904],[123.02670527983783,11.163545164640261],[123.02670527983783,11.163275631244122],[123.02643262365865,11.163275624641523],[123.02643262365865,11.16300601646991],[123.02616512093324,11.163006047431185],[123.02616512093324,11.162466907429192],[123.02589753158382,11.16246694737069],[123.02589753158381,11.162197415539804],[123.02508470840777,11.16219742237461],[123.02508470840777,11.161658282418562]]]}"
00fd000000000000413e,AJUY-048,3754.27184,4.400992223,-4.890919141,0.3192249418,2.915119009,26.44391404,1.662020577,0,578.9595279,0.4954014161,2022,11.16628459,123.0680823,Ajuy,"{""type"":""Polygon"",""coordinates"":[[[123.05823659887265,11.170010563771774],[123.05850418686883,11.17001053035658],[123.05850418686883,11.169471426541053],[123.05877168826693,11.169471479698519],[123.05877168826693,11.168932305726154],[123.05904434143643,11.168932322381051],[123.0590443414364,11.168123682483673],[123.05931184137562,11.168123663247071],[123.05931184137562,11.167584500708623],[123.0595844930581,11.167584519997897],[123.0595844930581,11.167314978200853],[123.05985199153835,11.167314960250518],[123.05985199153835,11.167045419984008],[123.06254780346299,11.16704542207723],[123.06254780346299,11.166775889237677],[123.06497090588937,11.16677585034898],[123.06497090588937,11.167045452277028],[123.06577859351802,11.167045406377577],[123.06577859351802,11.166775881383742],[123.06766666429557,11.166775860050443],[123.06766666429557,11.166506340522952],[123.06901460182979,11.16650632552586],[123.06901460182979,11.166236735183707],[123.06955478491858,11.16623678274297],[123.06955478491858,11.165967194594456],[123.07036252100262,11.16596720391088],[123.07036252100262,11.165701591909327],[123.0709026967326,11.165701563765788],[123.0709026967326,11.16543205560941],[123.07143771766478,11.165432065037658],[123.07143771766478,11.165162484094981],[123.07197788752426,11.16516245591278],[123.07197788752426,11.164892952130264],[123.07251805443424,11.16489292392234],[123.07251805443424,11.164623347367442],[123.07305830425742,11.164623383477418],[123.07305830425742,11.164353809116566],[123.07359331353139,11.164353818454812],[123.07359331353139,11.1640842462754],[123.07386592587456,11.164084256304303],[123.07386592587456,11.163814685668804],[123.07413347161999,11.163814722982185],[123.07413347161999,11.16354515387822],[123.07440616833591,11.163545153934981],[123.07440616833591,11.163006019697063],[123.07494117031924,11.16300603222763],[123.07494117031924,11.162736467731026],[123.07521386480819,11.162736468765567],[123.07521386480822,11.16246698077498],[123.07548140690734,11.162466944722125],[123.07548140690734,11.162197383301397],[123.07575401404628,11.16219739560614],[123.07575401404628,11.16192783572946],[123.07602155468413,11.161927875275376],[123.07602155468413,11.161658316930357],[123.07628909459818,11.16165828183756],[123.07628909459818,11.161388725024475],[123.0770967756922,11.161388742728334],[123.0770967756922,11.162736525797872],[123.07682923796334,11.162736489521185],[123.07682923796334,11.163275610220568],[123.07656178537034,11.16327563925525],[123.07656178537034,11.16354512661551],[123.07628909459818,11.163545129254194],[123.07628909459818,11.163814693120253],[123.07602155468413,11.163814733414624],[123.07602155468413,11.164084298812483],[123.07575401404628,11.164084264466167],[123.07575401404628,11.164353831395555],[123.07548140690734,11.164353824389563],[123.07548140690734,11.164623392862874],[123.07521386480819,11.164623359153518],[123.07521386480819,11.164892929158322],[123.07467371262,11.164892964043604],[123.07467371262,11.165162461277912],[123.07440616833591,11.165162502841817],[123.07440616833591,11.165432076572165],[123.07386592587456,11.165432047739568],[123.07386592587456,11.165701623663956],[123.07332576632486,11.16570158418202],[123.07332576632486,11.165967189090145],[123.07305830425742,11.165967220318324],[123.07305830425742,11.166236724988236],[123.07225059018286,11.16623672762066],[123.07225059018286,11.166506310100884],[123.07143771766478,11.166506274383488],[123.07143771766478,11.166775859719964],[123.07036252100262,11.166775890144748],[123.07036252100262,11.167045404005748],[123.06955478491858,11.167045402537653],[123.06955478491858,11.167314994211376],[123.06847441579214,11.16731498322078],[123.06847441579214,11.167584503429529],[123.06739918692969,11.167584527076084],[123.06739918692969,11.1678541257491],[123.0660513132617,11.167854061534197],[123.0660513132617,11.168123664362687],[123.06470342123839,11.168123670060682],[123.06470342123839,11.168393202070535],[123.06227515993956,11.168393235843636],[123.06227515993956,11.168662774631137],[123.06065972092723,11.168662786045461],[123.06065972092723,11.168393243335279],[123.06039222462876,11.168393189897964],[123.06039222462876,11.168662733257491],[123.06011957517005,11.16866279260408],[123.06011957517005,11.168932337506693],[123.05985199153835,11.168932370305013],[123.05985199153835,11.169201916738308],[123.0595844930581,11.169201864257621],[123.0595844930581,11.16947141222108],[123.05931184137562,11.16947147254464],[123.05931184137562,11.169741022051124],[123.05904434143643,11.169740970206067],[123.0590443414364,11.170280148139875],[123.05823659887265,11.170280117650536],[123.05823659887265,11.170010563771774]]]}"
00fd000000000000433c,AJUY-049,3754.27184,3.871552339,-7.759328359,0.3153061292,2.812700965,26.44391404,1.662020577,0,730.3820389,0.4221919143,2022,11.17071605,123.0429152,Ajuy,"{""type"":""Polygon"",""coordinates"":[[[123.05688877222089,11.171897516352502],[123.05715627798166,11.171897490666563],[123.05715627798166,11.172436616880793],[123.05661611311781,11.172436633120014],[123.05661611311781,11.172706198859597],[123.05634852002115,11.17270616147187],[123.05634852002115,11.172975728741621],[123.05580835075278,11.17297574560183],[123.05580835075278,11.174054028732632],[123.05526817853917,11.17405397451433],[123.05526817853917,11.17432354880964],[123.05473315609854,11.174323531924347],[123.05473315609854,11.172706166552613],[123.05500066768,11.17270614156345],[123.05500066768,11.17378442901512],[123.05554084135213,11.173784410222414],[123.05554084135213,11.173514838350115],[123.05526817853917,11.173514828565304],[123.05526817853917,11.173245331896672],[123.05554084135213,11.173245267358379],[123.05554084135213,11.172706203001027],[123.05526817853917,11.172706191230597],[123.05526817853917,11.172167054087003],[123.05554084135213,11.172167067181295],[123.05554084135213,11.171627934884171],[123.05526817853917,11.17162792046603],[123.05526817853917,11.17135835497657],[123.05473315609854,11.171358398788154],[123.05473315609854,11.171088832880349],[123.05500066768,11.17108881178819],[123.05500066768,11.170819247410643],[123.05473315609854,11.170819267853275],[123.05473315609854,11.170549703706955],[123.05149719635902,11.17054965257885],[123.05149719635902,11.170819224580816],[123.05095700064349,11.17081921892676],[123.05095700064349,11.171088793120818],[123.04907402197234,11.171088823846633],[123.04907402197237,11.171358403492395],[123.04880142725007,11.1713583697007],[123.04880142725007,11.171627950888789],[123.04853389893461,11.171627890684283],[123.04853389893458,11.1718974734023],[123.04907402197237,11.171897490438147],[123.04907402197234,11.172167072725859],[123.04853389893461,11.172167057001033],[123.04853389893461,11.172436641480461],[123.0479936870695,11.172436636349566],[123.0479936870695,11.172167050558883],[123.04772615657427,11.172167065649885],[123.04772615657427,11.172436652089996],[123.04745347226078,11.172436629879678],[123.04745347226078,11.172975731735495],[123.04718602619296,11.172975737489754],[123.04718602619296,11.173514844165384],[123.04745347226078,11.173514837112943],[123.04745347226078,11.173784428617639],[123.04718602619296,11.173784436319261],[123.04718602619296,11.174323548277325],[123.04691334039387,11.174323530023194],[123.04691334039387,11.175671366128668],[123.04637827285109,11.175671410213498],[123.04637827285109,11.175940936378128],[123.04529790857357,11.175940937554202],[123.04529790857357,11.175401805868267],[123.04583813512687,11.175401803259822],[123.04583813512687,11.175132277544819],[123.0461055848305,11.175132268251742],[123.0461055848305,11.174862669073065],[123.04637827285109,11.174862687014599],[123.04637827285109,11.173784451735667],[123.04664580698343,11.17378443440285],[123.0466458069834,11.172167036801673],[123.04718602619296,11.172167046584665],[123.04718602619296,11.17162794871365],[123.04691334039387,11.17162792384222],[123.04691334039387,11.171358338071267],[123.04637827285109,11.171358361376951],[123.04637827285109,11.171088775187966],[123.0461055848305,11.171088822971539],[123.0461055848305,11.171358409822549],[123.04529790857357,11.171358392971722],[123.04529790857357,11.171627907673509],[123.0447577649644,11.171627954959312],[123.0447577649644,11.17189747185215],[123.04368253632433,11.17189746340543],[123.04368253632433,11.172167058779296],[123.0401790085789,11.172167079033128],[123.0401790085789,11.172436608796037],[123.03937128405934,11.172436652817307],[123.03937128405934,11.172975718903364],[123.03883110817567,11.172975758058664],[123.03883110817567,11.173245293732641],[123.03506010213289,11.173245315288963],[123.03506010213289,11.172975770466872],[123.03559514483187,11.1729757777721],[123.03559514483187,11.172706160130303],[123.03640290009005,11.172706203138896],[123.03640290009005,11.172436588337723],[123.03586786174569,11.172436580419031],[123.03586786174569,11.171627962395423],[123.03559514483187,11.171627923361333],[123.03559514483187,11.171358385119337],[123.03506010213289,11.1713583700262],[123.03506010213289,11.171088831366701],[123.03478746889542,11.171088779382396],[123.03478746889542,11.170549703382195],[123.03451990278143,11.170549698369573],[123.03451990278143,11.17028016104105],[123.0342472680601,11.170280106397286],[123.0342472680601,11.170010569288033],[123.03397978638654,11.170010551699018],[123.03397978638654,11.169741014821438],[123.03371221809535,11.169741006870266],[123.03371221809535,11.169471470224142],[123.03343958115565,11.169471412586306],[123.03343958115565,11.169201876159532],[123.03290452683734,11.169201920388776],[123.03290452683734,11.170549692815142],[123.03317209730564,11.170549699810426],[123.03317209730564,11.171088783647464],[123.03343958115565,11.171088799632294],[123.03343958115565,11.172436596386476],[123.03371221809535,11.172436646751077],[123.03371221809535,11.172706193082135],[123.03397978638654,11.172706193893495],[123.03397978638654,11.172975740455795],[123.03371221809532,11.17297574029347],[123.03371221809532,11.173514837356883],[123.03343958115565,11.173514864636973],[123.03343958115565,11.173784415150427],[123.03317209730564,11.173784405653773],[123.03317209730564,11.174053957696225],[123.03290452683734,11.174053959138556],[123.03290452683734,11.17432358771134],[123.03236431575505,11.17432354239268],[123.03236431575505,11.173514880386966],[123.03263188767936,11.173514880905806],[123.03263188767936,11.173245329313351],[123.03290452683734,11.173245303704741],[123.03290452683734,11.172706204483378],[123.03317209730564,11.172706206286184],[123.03317209730564,11.172167036884998],[123.03290452683734,11.172167033783971],[123.03290452683734,11.171897487254554],[123.03263188767936,11.171897509555999],[123.03263188767936,11.17028009490355],[123.03236431575505,11.170280161593874],[123.03236431575505,11.16974100412335],[123.03209167511348,11.169741020457922],[123.03209167511348,11.16947147988091],[123.0299361212627,11.169471430124512],[123.0299361212627,11.169201885199847],[123.02858816765767,11.169201927567684],[123.02858816765767,11.169471475761819],[123.02832067073777,11.169471449931342],[123.02832067073777,11.169740999654687],[123.02697278110855,11.169741027962113],[123.02697278110855,11.169471474969653],[123.02724028165883,11.169471427453502],[123.02724028165883,11.168932325408031],[123.02751293562089,11.16893231712347],[123.02751293562089,11.16866276808287],[123.02778052061836,11.168662786238471],[123.02778052061836,11.168393238727367],[123.02805317309733,11.16839323108989],[123.02805317309733,11.16785406503359],[123.02832067073777,11.167854095084623],[123.02832067073777,11.167584551525591],[123.02912839928514,11.167584519333298],[123.02912839928514,11.167045438775506],[123.0294010480636,11.167045432759572],[123.0294010480636,11.166775894463001],[123.02966854207338,11.166775850458635],[123.02966854207338,11.166506313691695],[123.0304762596573,11.166506284344827],[123.0304762596573,11.166775894148476],[123.03101648101287,11.166775830840447],[123.03101648101287,11.167045440214391],[123.03128397067083,11.167045393580283],[123.03128397067083,11.1681236872978],[123.03209167511348,11.168123640211682],[123.03209167511348,11.167854104918451],[123.03263188767936,11.167854107362539],[123.03263188767936,11.168123641345433],[123.03397978638654,11.168123662056992],[123.03397978638654,11.169201868711973],[123.03451990278143,11.169201870540704],[123.03451990278143,11.16947147934252],[123.03478746889542,11.169471411956],[123.03478746889539,11.17001055590771],[123.03532766679065,11.170010541189047],[123.03532766679065,11.17028015067322],[123.03559514483187,11.170280165959419],[123.03559514483187,11.17108884775769],[123.03613533833106,11.171088825795268],[123.03613533833106,11.171358361846423],[123.03640290009005,11.171358362929032],[123.03640290009005,11.171627899211472],[123.04125427519905,11.171627900499546],[123.04125427519905,11.171358375986646],[123.0442226857899,11.171358381971226],[123.0442226857899,11.171088790550284],[123.0447577649644,11.171088773834123],[123.0447577649644,11.170819259582649],[123.04557059881532,11.170819245107785],[123.04557059881532,11.170549658719844],[123.04637827285109,11.170549680440965],[123.04637827285109,11.170280096894151],[123.04718602619296,11.170280106963496],[123.04718602619296,11.171088779376104],[123.04772615657427,11.17108880368485],[123.04772615657427,11.171627895411799],[123.0479936870695,11.171627956608127],[123.0479936870695,11.171358373459361],[123.04826121684282,11.171358359988165],[123.04826121684282,11.171088778369587],[123.04853389893458,11.171088802878108],[123.04853389893458,11.170819222802114],[123.04880142725007,11.170819209966801],[123.04880142725007,11.17054970640798],[123.04907402197234,11.170549667197447],[123.04907402197234,11.170819245081649],[123.04934154883014,11.170819231583463],[123.04934154883014,11.170010577507705],[123.05014927802792,11.170010578557408],[123.05014927802792,11.169741005925573],[123.05041680198367,11.169740993705556],[123.05041680198367,11.17001056568794],[123.05068947814577,11.170010590146667],[123.05068947814577,11.169471448386416],[123.05122967531942,11.169471461259544],[123.05122967531939,11.169201893012001],[123.0517647166765,11.169201868190084],[123.0517647166765,11.169471435138698],[123.05311261303677,11.169471439339148],[123.05311261303677,11.169201875662688],[123.05338528178166,11.169201898734505],[123.05338528178166,11.169741025644514],[123.05419297802283,11.169741013672507],[123.05419297802283,11.169471451737962],[123.05473315609854,11.169471455929532],[123.05473315609854,11.169201896187234],[123.05554084135213,11.169201883143398],[123.05554084135213,11.1689323262429],[123.05608101207909,11.16893232971755],[123.05608101207909,11.168662775009356],[123.05661611311781,11.168662730260147],[123.05661611311781,11.168393177732149],[123.05769643989997,11.16839318326083],[123.05769643989997,11.168662733165881],[123.05796394347958,11.168662789262955],[123.05796394347958,11.168932339399571],[123.05823659887265,11.168932357064744],[123.05823659887265,11.169741010773802],[123.05796394347958,11.16974099509448],[123.05796394347958,11.170280103295129],[123.05769643989997,11.17028012607465],[123.05769643989997,11.170819239097492],[123.05742378302001,11.170819225390288],[123.05742378302001,11.171088783884768],[123.05715627798166,11.171088807950213],[123.05715627798166,11.171627928880428],[123.05688877222089,11.17162795391681],[123.05688877222089,11.171897516352502]],[[123.0568887722209,11.172167079668863],[123.05634852002115,11.172167029574211],[123.05634852002115,11.171897464946346],[123.05688877222089,11.171897516352502],[123.0568887722209,11.172167079668863]],[[123.05634852002115,11.172436595082724],[123.05608101207909,11.172436621076487],[123.05608101207909,11.172167054918418],[123.05634852002115,11.172167029574211],[123.05634852002115,11.172436595082724]]]}"